study,grouping,arm,source,n,pass,requests,physics_seeds,cell_ids,scope,layout
robust,source,analytic,41001,24,14,10,"[8511, 8512]","[""icra_eval_41001_layout_00_p8511_analytic"", ""icra_eval_41001_layout_00_p8512_analytic"", ""icra_eval_41001_layout_01_p8511_analytic"", ""icra_eval_41001_layout_01_p8512_analytic"", ""icra_eval_41001_layout_02_p8511_analytic"", ""icra_eval_41001_layout_02_p8512_analytic"", ""icra_eval_41001_layout_03_p8511_analytic"", ""icra_eval_41001_layout_03_p8512_analytic"", ""icra_eval_41001_layout_04_p8511_analytic"", ""icra_eval_41001_layout_04_p8512_analytic"", ""icra_eval_41001_layout_05_p8511_analytic"", ""icra_eval_41001_layout_05_p8512_analytic"", ""icra_eval_41001_layout_06_p8511_analytic"", ""icra_eval_41001_layout_06_p8512_analytic"", ""icra_eval_41001_layout_07_p8511_analytic"", ""icra_eval_41001_layout_07_p8512_analytic"", ""icra_eval_41001_layout_08_p8511_analytic"", ""icra_eval_41001_layout_08_p8512_analytic"", ""icra_eval_41001_layout_09_p8511_analytic"", ""icra_eval_41001_layout_09_p8512_analytic"", ""icra_eval_41001_layout_10_p8511_analytic"", ""icra_eval_41001_layout_10_p8512_analytic"", ""icra_eval_41001_layout_11_p8511_analytic"", ""icra_eval_41001_layout_11_p8512_analytic""]","Descriptive; repeats retained together, not independent motion draws",
robust,source,analytic,41002,24,12,9,"[8511, 8512]","[""icra_eval_41002_layout_00_p8511_analytic"", ""icra_eval_41002_layout_00_p8512_analytic"", ""icra_eval_41002_layout_01_p8511_analytic"", ""icra_eval_41002_layout_01_p8512_analytic"", ""icra_eval_41002_layout_02_p8511_analytic"", ""icra_eval_41002_layout_02_p8512_analytic"", ""icra_eval_41002_layout_03_p8511_analytic"", ""icra_eval_41002_layout_03_p8512_analytic"", ""icra_eval_41002_layout_04_p8511_analytic"", ""icra_eval_41002_layout_04_p8512_analytic"", ""icra_eval_41002_layout_05_p8511_analytic"", ""icra_eval_41002_layout_05_p8512_analytic"", ""icra_eval_41002_layout_06_p8511_analytic"", ""icra_eval_41002_layout_06_p8512_analytic"", ""icra_eval_41002_layout_07_p8511_analytic"", ""icra_eval_41002_layout_07_p8512_analytic"", ""icra_eval_41002_layout_08_p8511_analytic"", ""icra_eval_41002_layout_08_p8512_analytic"", ""icra_eval_41002_layout_09_p8511_analytic"", ""icra_eval_41002_layout_09_p8512_analytic"", ""icra_eval_41002_layout_10_p8511_analytic"", ""icra_eval_41002_layout_10_p8512_analytic"", ""icra_eval_41002_layout_11_p8511_analytic"", ""icra_eval_41002_layout_11_p8512_analytic""]","Descriptive; repeats retained together, not independent motion draws",
robust,source,analytic,41003,24,13,10,"[8511, 8512]","[""icra_eval_41003_layout_00_p8511_analytic"", ""icra_eval_41003_layout_00_p8512_analytic"", ""icra_eval_41003_layout_01_p8511_analytic"", ""icra_eval_41003_layout_01_p8512_analytic"", ""icra_eval_41003_layout_02_p8511_analytic"", ""icra_eval_41003_layout_02_p8512_analytic"", ""icra_eval_41003_layout_03_p8511_analytic"", ""icra_eval_41003_layout_03_p8512_analytic"", ""icra_eval_41003_layout_04_p8511_analytic"", ""icra_eval_41003_layout_04_p8512_analytic"", ""icra_eval_41003_layout_05_p8511_analytic"", ""icra_eval_41003_layout_05_p8512_analytic"", ""icra_eval_41003_layout_06_p8511_analytic"", ""icra_eval_41003_layout_06_p8512_analytic"", ""icra_eval_41003_layout_07_p8511_analytic"", ""icra_eval_41003_layout_07_p8512_analytic"", ""icra_eval_41003_layout_08_p8511_analytic"", ""icra_eval_41003_layout_08_p8512_analytic"", ""icra_eval_41003_layout_09_p8511_analytic"", ""icra_eval_41003_layout_09_p8512_analytic"", ""icra_eval_41003_layout_10_p8511_analytic"", ""icra_eval_41003_layout_10_p8512_analytic"", ""icra_eval_41003_layout_11_p8511_analytic"", ""icra_eval_41003_layout_11_p8512_analytic""]","Descriptive; repeats retained together, not independent motion draws",
robust,source,motion2scene,41001,24,8,0,"[8511, 8512]","[""icra_eval_41001_layout_00_p8511_motion2scene"", ""icra_eval_41001_layout_00_p8512_motion2scene"", ""icra_eval_41001_layout_01_p8511_motion2scene"", ""icra_eval_41001_layout_01_p8512_motion2scene"", ""icra_eval_41001_layout_02_p8511_motion2scene"", ""icra_eval_41001_layout_02_p8512_motion2scene"", ""icra_eval_41001_layout_03_p8511_motion2scene"", ""icra_eval_41001_layout_03_p8512_motion2scene"", ""icra_eval_41001_layout_04_p8511_motion2scene"", ""icra_eval_41001_layout_04_p8512_motion2scene"", ""icra_eval_41001_layout_05_p8511_motion2scene"", ""icra_eval_41001_layout_05_p8512_motion2scene"", ""icra_eval_41001_layout_06_p8511_motion2scene"", ""icra_eval_41001_layout_06_p8512_motion2scene"", ""icra_eval_41001_layout_07_p8511_motion2scene"", ""icra_eval_41001_layout_07_p8512_motion2scene"", ""icra_eval_41001_layout_08_p8511_motion2scene"", ""icra_eval_41001_layout_08_p8512_motion2scene"", ""icra_eval_41001_layout_09_p8511_motion2scene"", ""icra_eval_41001_layout_09_p8512_motion2scene"", ""icra_eval_41001_layout_10_p8511_motion2scene"", ""icra_eval_41001_layout_10_p8512_motion2scene"", ""icra_eval_41001_layout_11_p8511_motion2scene"", ""icra_eval_41001_layout_11_p8512_motion2scene""]","Descriptive; repeats retained together, not independent motion draws",
robust,source,motion2scene,41002,24,10,0,"[8511, 8512]","[""icra_eval_41002_layout_00_p8511_motion2scene"", ""icra_eval_41002_layout_00_p8512_motion2scene"", ""icra_eval_41002_layout_01_p8511_motion2scene"", ""icra_eval_41002_layout_01_p8512_motion2scene"", ""icra_eval_41002_layout_02_p8511_motion2scene"", ""icra_eval_41002_layout_02_p8512_motion2scene"", ""icra_eval_41002_layout_03_p8511_motion2scene"", ""icra_eval_41002_layout_03_p8512_motion2scene"", ""icra_eval_41002_layout_04_p8511_motion2scene"", ""icra_eval_41002_layout_04_p8512_motion2scene"", ""icra_eval_41002_layout_05_p8511_motion2scene"", ""icra_eval_41002_layout_05_p8512_motion2scene"", ""icra_eval_41002_layout_06_p8511_motion2scene"", ""icra_eval_41002_layout_06_p8512_motion2scene"", ""icra_eval_41002_layout_07_p8511_motion2scene"", ""icra_eval_41002_layout_07_p8512_motion2scene"", ""icra_eval_41002_layout_08_p8511_motion2scene"", ""icra_eval_41002_layout_08_p8512_motion2scene"", ""icra_eval_41002_layout_09_p8511_motion2scene"", ""icra_eval_41002_layout_09_p8512_motion2scene"", ""icra_eval_41002_layout_10_p8511_motion2scene"", ""icra_eval_41002_layout_10_p8512_motion2scene"", ""icra_eval_41002_layout_11_p8511_motion2scene"", ""icra_eval_41002_layout_11_p8512_motion2scene""]","Descriptive; repeats retained together, not independent motion draws",
robust,source,motion2scene,41003,24,10,0,"[8511, 8512]","[""icra_eval_41003_layout_00_p8511_motion2scene"", ""icra_eval_41003_layout_00_p8512_motion2scene"", ""icra_eval_41003_layout_01_p8511_motion2scene"", ""icra_eval_41003_layout_01_p8512_motion2scene"", ""icra_eval_41003_layout_02_p8511_motion2scene"", ""icra_eval_41003_layout_02_p8512_motion2scene"", ""icra_eval_41003_layout_03_p8511_motion2scene"", ""icra_eval_41003_layout_03_p8512_motion2scene"", ""icra_eval_41003_layout_04_p8511_motion2scene"", ""icra_eval_41003_layout_04_p8512_motion2scene"", ""icra_eval_41003_layout_05_p8511_motion2scene"", ""icra_eval_41003_layout_05_p8512_motion2scene"", ""icra_eval_41003_layout_06_p8511_motion2scene"", ""icra_eval_41003_layout_06_p8512_motion2scene"", ""icra_eval_41003_layout_07_p8511_motion2scene"", ""icra_eval_41003_layout_07_p8512_motion2scene"", ""icra_eval_41003_layout_08_p8511_motion2scene"", ""icra_eval_41003_layout_08_p8512_motion2scene"", ""icra_eval_41003_layout_09_p8511_motion2scene"", ""icra_eval_41003_layout_09_p8512_motion2scene"", ""icra_eval_41003_layout_10_p8511_motion2scene"", ""icra_eval_41003_layout_10_p8512_motion2scene"", ""icra_eval_41003_layout_11_p8511_motion2scene"", ""icra_eval_41003_layout_11_p8512_motion2scene""]","Descriptive; repeats retained together, not independent motion draws",
robust,source,no_contrast,41001,24,8,0,"[8511, 8512]","[""icra_eval_41001_layout_00_p8511_no_contrast"", ""icra_eval_41001_layout_00_p8512_no_contrast"", ""icra_eval_41001_layout_01_p8511_no_contrast"", ""icra_eval_41001_layout_01_p8512_no_contrast"", ""icra_eval_41001_layout_02_p8511_no_contrast"", ""icra_eval_41001_layout_02_p8512_no_contrast"", ""icra_eval_41001_layout_03_p8511_no_contrast"", ""icra_eval_41001_layout_03_p8512_no_contrast"", ""icra_eval_41001_layout_04_p8511_no_contrast"", ""icra_eval_41001_layout_04_p8512_no_contrast"", ""icra_eval_41001_layout_05_p8511_no_contrast"", ""icra_eval_41001_layout_05_p8512_no_contrast"", ""icra_eval_41001_layout_06_p8511_no_contrast"", ""icra_eval_41001_layout_06_p8512_no_contrast"", ""icra_eval_41001_layout_07_p8511_no_contrast"", ""icra_eval_41001_layout_07_p8512_no_contrast"", ""icra_eval_41001_layout_08_p8511_no_contrast"", ""icra_eval_41001_layout_08_p8512_no_contrast"", ""icra_eval_41001_layout_09_p8511_no_contrast"", ""icra_eval_41001_layout_09_p8512_no_contrast"", ""icra_eval_41001_layout_10_p8511_no_contrast"", ""icra_eval_41001_layout_10_p8512_no_contrast"", ""icra_eval_41001_layout_11_p8511_no_contrast"", ""icra_eval_41001_layout_11_p8512_no_contrast""]","Descriptive; repeats retained together, not independent motion draws",
robust,source,no_contrast,41002,24,10,0,"[8511, 8512]","[""icra_eval_41002_layout_00_p8511_no_contrast"", ""icra_eval_41002_layout_00_p8512_no_contrast"", ""icra_eval_41002_layout_01_p8511_no_contrast"", ""icra_eval_41002_layout_01_p8512_no_contrast"", ""icra_eval_41002_layout_02_p8511_no_contrast"", ""icra_eval_41002_layout_02_p8512_no_contrast"", ""icra_eval_41002_layout_03_p8511_no_contrast"", ""icra_eval_41002_layout_03_p8512_no_contrast"", ""icra_eval_41002_layout_04_p8511_no_contrast"", ""icra_eval_41002_layout_04_p8512_no_contrast"", ""icra_eval_41002_layout_05_p8511_no_contrast"", ""icra_eval_41002_layout_05_p8512_no_contrast"", ""icra_eval_41002_layout_06_p8511_no_contrast"", ""icra_eval_41002_layout_06_p8512_no_contrast"", ""icra_eval_41002_layout_07_p8511_no_contrast"", ""icra_eval_41002_layout_07_p8512_no_contrast"", ""icra_eval_41002_layout_08_p8511_no_contrast"", ""icra_eval_41002_layout_08_p8512_no_contrast"", ""icra_eval_41002_layout_09_p8511_no_contrast"", ""icra_eval_41002_layout_09_p8512_no_contrast"", ""icra_eval_41002_layout_10_p8511_no_contrast"", ""icra_eval_41002_layout_10_p8512_no_contrast"", ""icra_eval_41002_layout_11_p8511_no_contrast"", ""icra_eval_41002_layout_11_p8512_no_contrast""]","Descriptive; repeats retained together, not independent motion draws",
robust,source,no_contrast,41003,24,10,0,"[8511, 8512]","[""icra_eval_41003_layout_00_p8511_no_contrast"", ""icra_eval_41003_layout_00_p8512_no_contrast"", ""icra_eval_41003_layout_01_p8511_no_contrast"", ""icra_eval_41003_layout_01_p8512_no_contrast"", ""icra_eval_41003_layout_02_p8511_no_contrast"", ""icra_eval_41003_layout_02_p8512_no_contrast"", ""icra_eval_41003_layout_03_p8511_no_contrast"", ""icra_eval_41003_layout_03_p8512_no_contrast"", ""icra_eval_41003_layout_04_p8511_no_contrast"", ""icra_eval_41003_layout_04_p8512_no_contrast"", ""icra_eval_41003_layout_05_p8511_no_contrast"", ""icra_eval_41003_layout_05_p8512_no_contrast"", ""icra_eval_41003_layout_06_p8511_no_contrast"", ""icra_eval_41003_layout_06_p8512_no_contrast"", ""icra_eval_41003_layout_07_p8511_no_contrast"", ""icra_eval_41003_layout_07_p8512_no_contrast"", ""icra_eval_41003_layout_08_p8511_no_contrast"", ""icra_eval_41003_layout_08_p8512_no_contrast"", ""icra_eval_41003_layout_09_p8511_no_contrast"", ""icra_eval_41003_layout_09_p8512_no_contrast"", ""icra_eval_41003_layout_10_p8511_no_contrast"", ""icra_eval_41003_layout_10_p8512_no_contrast"", ""icra_eval_41003_layout_11_p8511_no_contrast"", ""icra_eval_41003_layout_11_p8512_no_contrast""]","Descriptive; repeats retained together, not independent motion draws",
robust,source,privileged_geometry,41001,24,12,4,"[8511, 8512]","[""icra_eval_41001_layout_00_p8511_privileged_geometry"", ""icra_eval_41001_layout_00_p8512_privileged_geometry"", ""icra_eval_41001_layout_01_p8511_privileged_geometry"", ""icra_eval_41001_layout_01_p8512_privileged_geometry"", ""icra_eval_41001_layout_02_p8511_privileged_geometry"", ""icra_eval_41001_layout_02_p8512_privileged_geometry"", ""icra_eval_41001_layout_03_p8511_privileged_geometry"", ""icra_eval_41001_layout_03_p8512_privileged_geometry"", ""icra_eval_41001_layout_04_p8511_privileged_geometry"", ""icra_eval_41001_layout_04_p8512_privileged_geometry"", ""icra_eval_41001_layout_05_p8511_privileged_geometry"", ""icra_eval_41001_layout_05_p8512_privileged_geometry"", ""icra_eval_41001_layout_06_p8511_privileged_geometry"", ""icra_eval_41001_layout_06_p8512_privileged_geometry"", ""icra_eval_41001_layout_07_p8511_privileged_geometry"", ""icra_eval_41001_layout_07_p8512_privileged_geometry"", ""icra_eval_41001_layout_08_p8511_privileged_geometry"", ""icra_eval_41001_layout_08_p8512_privileged_geometry"", ""icra_eval_41001_layout_09_p8511_privileged_geometry"", ""icra_eval_41001_layout_09_p8512_privileged_geometry"", ""icra_eval_41001_layout_10_p8511_privileged_geometry"", ""icra_eval_41001_layout_10_p8512_privileged_geometry"", ""icra_eval_41001_layout_11_p8511_privileged_geometry"", ""icra_eval_41001_layout_11_p8512_privileged_geometry""]","Descriptive; repeats retained together, not independent motion draws",
robust,source,privileged_geometry,41002,24,11,2,"[8511, 8512]","[""icra_eval_41002_layout_00_p8511_privileged_geometry"", ""icra_eval_41002_layout_00_p8512_privileged_geometry"", ""icra_eval_41002_layout_01_p8511_privileged_geometry"", ""icra_eval_41002_layout_01_p8512_privileged_geometry"", ""icra_eval_41002_layout_02_p8511_privileged_geometry"", ""icra_eval_41002_layout_02_p8512_privileged_geometry"", ""icra_eval_41002_layout_03_p8511_privileged_geometry"", ""icra_eval_41002_layout_03_p8512_privileged_geometry"", ""icra_eval_41002_layout_04_p8511_privileged_geometry"", ""icra_eval_41002_layout_04_p8512_privileged_geometry"", ""icra_eval_41002_layout_05_p8511_privileged_geometry"", ""icra_eval_41002_layout_05_p8512_privileged_geometry"", ""icra_eval_41002_layout_06_p8511_privileged_geometry"", ""icra_eval_41002_layout_06_p8512_privileged_geometry"", ""icra_eval_41002_layout_07_p8511_privileged_geometry"", ""icra_eval_41002_layout_07_p8512_privileged_geometry"", ""icra_eval_41002_layout_08_p8511_privileged_geometry"", ""icra_eval_41002_layout_08_p8512_privileged_geometry"", ""icra_eval_41002_layout_09_p8511_privileged_geometry"", ""icra_eval_41002_layout_09_p8512_privileged_geometry"", ""icra_eval_41002_layout_10_p8511_privileged_geometry"", ""icra_eval_41002_layout_10_p8512_privileged_geometry"", ""icra_eval_41002_layout_11_p8511_privileged_geometry"", ""icra_eval_41002_layout_11_p8512_privileged_geometry""]","Descriptive; repeats retained together, not independent motion draws",
robust,source,privileged_geometry,41003,24,16,8,"[8511, 8512]","[""icra_eval_41003_layout_00_p8511_privileged_geometry"", ""icra_eval_41003_layout_00_p8512_privileged_geometry"", ""icra_eval_41003_layout_01_p8511_privileged_geometry"", ""icra_eval_41003_layout_01_p8512_privileged_geometry"", ""icra_eval_41003_layout_02_p8511_privileged_geometry"", ""icra_eval_41003_layout_02_p8512_privileged_geometry"", ""icra_eval_41003_layout_03_p8511_privileged_geometry"", ""icra_eval_41003_layout_03_p8512_privileged_geometry"", ""icra_eval_41003_layout_04_p8511_privileged_geometry"", ""icra_eval_41003_layout_04_p8512_privileged_geometry"", ""icra_eval_41003_layout_05_p8511_privileged_geometry"", ""icra_eval_41003_layout_05_p8512_privileged_geometry"", ""icra_eval_41003_layout_06_p8511_privileged_geometry"", ""icra_eval_41003_layout_06_p8512_privileged_geometry"", ""icra_eval_41003_layout_07_p8511_privileged_geometry"", ""icra_eval_41003_layout_07_p8512_privileged_geometry"", ""icra_eval_41003_layout_08_p8511_privileged_geometry"", ""icra_eval_41003_layout_08_p8512_privileged_geometry"", ""icra_eval_41003_layout_09_p8511_privileged_geometry"", ""icra_eval_41003_layout_09_p8512_privileged_geometry"", ""icra_eval_41003_layout_10_p8511_privileged_geometry"", ""icra_eval_41003_layout_10_p8512_privileged_geometry"", ""icra_eval_41003_layout_11_p8511_privileged_geometry"", ""icra_eval_41003_layout_11_p8512_privileged_geometry""]","Descriptive; repeats retained together, not independent motion draws",
robust,source,scripted_rays,41001,24,15,14,"[8511, 8512]","[""icra_eval_41001_layout_00_p8511_scripted_rays"", ""icra_eval_41001_layout_00_p8512_scripted_rays"", ""icra_eval_41001_layout_01_p8511_scripted_rays"", ""icra_eval_41001_layout_01_p8512_scripted_rays"", ""icra_eval_41001_layout_02_p8511_scripted_rays"", ""icra_eval_41001_layout_02_p8512_scripted_rays"", ""icra_eval_41001_layout_03_p8511_scripted_rays"", ""icra_eval_41001_layout_03_p8512_scripted_rays"", ""icra_eval_41001_layout_04_p8511_scripted_rays"", ""icra_eval_41001_layout_04_p8512_scripted_rays"", ""icra_eval_41001_layout_05_p8511_scripted_rays"", ""icra_eval_41001_layout_05_p8512_scripted_rays"", ""icra_eval_41001_layout_06_p8511_scripted_rays"", ""icra_eval_41001_layout_06_p8512_scripted_rays"", ""icra_eval_41001_layout_07_p8511_scripted_rays"", ""icra_eval_41001_layout_07_p8512_scripted_rays"", ""icra_eval_41001_layout_08_p8511_scripted_rays"", ""icra_eval_41001_layout_08_p8512_scripted_rays"", ""icra_eval_41001_layout_09_p8511_scripted_rays"", ""icra_eval_41001_layout_09_p8512_scripted_rays"", ""icra_eval_41001_layout_10_p8511_scripted_rays"", ""icra_eval_41001_layout_10_p8512_scripted_rays"", ""icra_eval_41001_layout_11_p8511_scripted_rays"", ""icra_eval_41001_layout_11_p8512_scripted_rays""]","Descriptive; repeats retained together, not independent motion draws",
robust,source,scripted_rays,41002,24,16,18,"[8511, 8512]","[""icra_eval_41002_layout_00_p8511_scripted_rays"", ""icra_eval_41002_layout_00_p8512_scripted_rays"", ""icra_eval_41002_layout_01_p8511_scripted_rays"", ""icra_eval_41002_layout_01_p8512_scripted_rays"", ""icra_eval_41002_layout_02_p8511_scripted_rays"", ""icra_eval_41002_layout_02_p8512_scripted_rays"", ""icra_eval_41002_layout_03_p8511_scripted_rays"", ""icra_eval_41002_layout_03_p8512_scripted_rays"", ""icra_eval_41002_layout_04_p8511_scripted_rays"", ""icra_eval_41002_layout_04_p8512_scripted_rays"", ""icra_eval_41002_layout_05_p8511_scripted_rays"", ""icra_eval_41002_layout_05_p8512_scripted_rays"", ""icra_eval_41002_layout_06_p8511_scripted_rays"", ""icra_eval_41002_layout_06_p8512_scripted_rays"", ""icra_eval_41002_layout_07_p8511_scripted_rays"", ""icra_eval_41002_layout_07_p8512_scripted_rays"", ""icra_eval_41002_layout_08_p8511_scripted_rays"", ""icra_eval_41002_layout_08_p8512_scripted_rays"", ""icra_eval_41002_layout_09_p8511_scripted_rays"", ""icra_eval_41002_layout_09_p8512_scripted_rays"", ""icra_eval_41002_layout_10_p8511_scripted_rays"", ""icra_eval_41002_layout_10_p8512_scripted_rays"", ""icra_eval_41002_layout_11_p8511_scripted_rays"", ""icra_eval_41002_layout_11_p8512_scripted_rays""]","Descriptive; repeats retained together, not independent motion draws",
robust,source,scripted_rays,41003,24,15,14,"[8511, 8512]","[""icra_eval_41003_layout_00_p8511_scripted_rays"", ""icra_eval_41003_layout_00_p8512_scripted_rays"", ""icra_eval_41003_layout_01_p8511_scripted_rays"", ""icra_eval_41003_layout_01_p8512_scripted_rays"", ""icra_eval_41003_layout_02_p8511_scripted_rays"", ""icra_eval_41003_layout_02_p8512_scripted_rays"", ""icra_eval_41003_layout_03_p8511_scripted_rays"", ""icra_eval_41003_layout_03_p8512_scripted_rays"", ""icra_eval_41003_layout_04_p8511_scripted_rays"", ""icra_eval_41003_layout_04_p8512_scripted_rays"", ""icra_eval_41003_layout_05_p8511_scripted_rays"", ""icra_eval_41003_layout_05_p8512_scripted_rays"", ""icra_eval_41003_layout_06_p8511_scripted_rays"", ""icra_eval_41003_layout_06_p8512_scripted_rays"", ""icra_eval_41003_layout_07_p8511_scripted_rays"", ""icra_eval_41003_layout_07_p8512_scripted_rays"", ""icra_eval_41003_layout_08_p8511_scripted_rays"", ""icra_eval_41003_layout_08_p8512_scripted_rays"", ""icra_eval_41003_layout_09_p8511_scripted_rays"", ""icra_eval_41003_layout_09_p8512_scripted_rays"", ""icra_eval_41003_layout_10_p8511_scripted_rays"", ""icra_eval_41003_layout_10_p8512_scripted_rays"", ""icra_eval_41003_layout_11_p8511_scripted_rays"", ""icra_eval_41003_layout_11_p8512_scripted_rays""]","Descriptive; repeats retained together, not independent motion draws",
robust,source,uniform,41001,24,8,0,"[8511, 8512]","[""icra_eval_41001_layout_00_p8511_uniform"", ""icra_eval_41001_layout_00_p8512_uniform"", ""icra_eval_41001_layout_01_p8511_uniform"", ""icra_eval_41001_layout_01_p8512_uniform"", ""icra_eval_41001_layout_02_p8511_uniform"", ""icra_eval_41001_layout_02_p8512_uniform"", ""icra_eval_41001_layout_03_p8511_uniform"", ""icra_eval_41001_layout_03_p8512_uniform"", ""icra_eval_41001_layout_04_p8511_uniform"", ""icra_eval_41001_layout_04_p8512_uniform"", ""icra_eval_41001_layout_05_p8511_uniform"", ""icra_eval_41001_layout_05_p8512_uniform"", ""icra_eval_41001_layout_06_p8511_uniform"", ""icra_eval_41001_layout_06_p8512_uniform"", ""icra_eval_41001_layout_07_p8511_uniform"", ""icra_eval_41001_layout_07_p8512_uniform"", ""icra_eval_41001_layout_08_p8511_uniform"", ""icra_eval_41001_layout_08_p8512_uniform"", ""icra_eval_41001_layout_09_p8511_uniform"", ""icra_eval_41001_layout_09_p8512_uniform"", ""icra_eval_41001_layout_10_p8511_uniform"", ""icra_eval_41001_layout_10_p8512_uniform"", ""icra_eval_41001_layout_11_p8511_uniform"", ""icra_eval_41001_layout_11_p8512_uniform""]","Descriptive; repeats retained together, not independent motion draws",
robust,source,uniform,41002,24,10,0,"[8511, 8512]","[""icra_eval_41002_layout_00_p8511_uniform"", ""icra_eval_41002_layout_00_p8512_uniform"", ""icra_eval_41002_layout_01_p8511_uniform"", ""icra_eval_41002_layout_01_p8512_uniform"", ""icra_eval_41002_layout_02_p8511_uniform"", ""icra_eval_41002_layout_02_p8512_uniform"", ""icra_eval_41002_layout_03_p8511_uniform"", ""icra_eval_41002_layout_03_p8512_uniform"", ""icra_eval_41002_layout_04_p8511_uniform"", ""icra_eval_41002_layout_04_p8512_uniform"", ""icra_eval_41002_layout_05_p8511_uniform"", ""icra_eval_41002_layout_05_p8512_uniform"", ""icra_eval_41002_layout_06_p8511_uniform"", ""icra_eval_41002_layout_06_p8512_uniform"", ""icra_eval_41002_layout_07_p8511_uniform"", ""icra_eval_41002_layout_07_p8512_uniform"", ""icra_eval_41002_layout_08_p8511_uniform"", ""icra_eval_41002_layout_08_p8512_uniform"", ""icra_eval_41002_layout_09_p8511_uniform"", ""icra_eval_41002_layout_09_p8512_uniform"", ""icra_eval_41002_layout_10_p8511_uniform"", ""icra_eval_41002_layout_10_p8512_uniform"", ""icra_eval_41002_layout_11_p8511_uniform"", ""icra_eval_41002_layout_11_p8512_uniform""]","Descriptive; repeats retained together, not independent motion draws",
robust,source,uniform,41003,24,10,0,"[8511, 8512]","[""icra_eval_41003_layout_00_p8511_uniform"", ""icra_eval_41003_layout_00_p8512_uniform"", ""icra_eval_41003_layout_01_p8511_uniform"", ""icra_eval_41003_layout_01_p8512_uniform"", ""icra_eval_41003_layout_02_p8511_uniform"", ""icra_eval_41003_layout_02_p8512_uniform"", ""icra_eval_41003_layout_03_p8511_uniform"", ""icra_eval_41003_layout_03_p8512_uniform"", ""icra_eval_41003_layout_04_p8511_uniform"", ""icra_eval_41003_layout_04_p8512_uniform"", ""icra_eval_41003_layout_05_p8511_uniform"", ""icra_eval_41003_layout_05_p8512_uniform"", ""icra_eval_41003_layout_06_p8511_uniform"", ""icra_eval_41003_layout_06_p8512_uniform"", ""icra_eval_41003_layout_07_p8511_uniform"", ""icra_eval_41003_layout_07_p8512_uniform"", ""icra_eval_41003_layout_08_p8511_uniform"", ""icra_eval_41003_layout_08_p8512_uniform"", ""icra_eval_41003_layout_09_p8511_uniform"", ""icra_eval_41003_layout_09_p8512_uniform"", ""icra_eval_41003_layout_10_p8511_uniform"", ""icra_eval_41003_layout_10_p8512_uniform"", ""icra_eval_41003_layout_11_p8511_uniform"", ""icra_eval_41003_layout_11_p8512_uniform""]","Descriptive; repeats retained together, not independent motion draws",
robust,layout,analytic,,6,0,6,"[8511, 8512]","[""icra_eval_41001_layout_00_p8511_analytic"", ""icra_eval_41002_layout_00_p8511_analytic"", ""icra_eval_41003_layout_00_p8511_analytic"", ""icra_eval_41001_layout_00_p8512_analytic"", ""icra_eval_41002_layout_00_p8512_analytic"", ""icra_eval_41003_layout_00_p8512_analytic""]","Descriptive; repeats retained together, not independent motion draws",layout_00
robust,layout,analytic,,6,1,0,"[8511, 8512]","[""icra_eval_41001_layout_01_p8511_analytic"", ""icra_eval_41002_layout_01_p8511_analytic"", ""icra_eval_41003_layout_01_p8511_analytic"", ""icra_eval_41001_layout_01_p8512_analytic"", ""icra_eval_41002_layout_01_p8512_analytic"", ""icra_eval_41003_layout_01_p8512_analytic""]","Descriptive; repeats retained together, not independent motion draws",layout_01
robust,layout,analytic,,6,6,0,"[8511, 8512]","[""icra_eval_41001_layout_02_p8511_analytic"", ""icra_eval_41002_layout_02_p8511_analytic"", ""icra_eval_41003_layout_02_p8511_analytic"", ""icra_eval_41001_layout_02_p8512_analytic"", ""icra_eval_41002_layout_02_p8512_analytic"", ""icra_eval_41003_layout_02_p8512_analytic""]","Descriptive; repeats retained together, not independent motion draws",layout_02
robust,layout,analytic,,6,0,3,"[8511, 8512]","[""icra_eval_41001_layout_03_p8511_analytic"", ""icra_eval_41002_layout_03_p8511_analytic"", ""icra_eval_41003_layout_03_p8511_analytic"", ""icra_eval_41001_layout_03_p8512_analytic"", ""icra_eval_41002_layout_03_p8512_analytic"", ""icra_eval_41003_layout_03_p8512_analytic""]","Descriptive; repeats retained together, not independent motion draws",layout_03
robust,layout,analytic,,6,4,4,"[8511, 8512]","[""icra_eval_41001_layout_04_p8511_analytic"", ""icra_eval_41002_layout_04_p8511_analytic"", ""icra_eval_41003_layout_04_p8511_analytic"", ""icra_eval_41001_layout_04_p8512_analytic"", ""icra_eval_41002_layout_04_p8512_analytic"", ""icra_eval_41003_layout_04_p8512_analytic""]","Descriptive; repeats retained together, not independent motion draws",layout_04
robust,layout,analytic,,6,6,0,"[8511, 8512]","[""icra_eval_41001_layout_05_p8511_analytic"", ""icra_eval_41002_layout_05_p8511_analytic"", ""icra_eval_41003_layout_05_p8511_analytic"", ""icra_eval_41001_layout_05_p8512_analytic"", ""icra_eval_41002_layout_05_p8512_analytic"", ""icra_eval_41003_layout_05_p8512_analytic""]","Descriptive; repeats retained together, not independent motion draws",layout_05
robust,layout,analytic,,6,0,2,"[8511, 8512]","[""icra_eval_41001_layout_06_p8511_analytic"", ""icra_eval_41002_layout_06_p8511_analytic"", ""icra_eval_41003_layout_06_p8511_analytic"", ""icra_eval_41001_layout_06_p8512_analytic"", ""icra_eval_41002_layout_06_p8512_analytic"", ""icra_eval_41003_layout_06_p8512_analytic""]","Descriptive; repeats retained together, not independent motion draws",layout_06
robust,layout,analytic,,6,6,6,"[8511, 8512]","[""icra_eval_41001_layout_07_p8511_analytic"", ""icra_eval_41002_layout_07_p8511_analytic"", ""icra_eval_41003_layout_07_p8511_analytic"", ""icra_eval_41001_layout_07_p8512_analytic"", ""icra_eval_41002_layout_07_p8512_analytic"", ""icra_eval_41003_layout_07_p8512_analytic""]","Descriptive; repeats retained together, not independent motion draws",layout_07
robust,layout,analytic,,6,6,0,"[8511, 8512]","[""icra_eval_41001_layout_08_p8511_analytic"", ""icra_eval_41002_layout_08_p8511_analytic"", ""icra_eval_41003_layout_08_p8511_analytic"", ""icra_eval_41001_layout_08_p8512_analytic"", ""icra_eval_41002_layout_08_p8512_analytic"", ""icra_eval_41003_layout_08_p8512_analytic""]","Descriptive; repeats retained together, not independent motion draws",layout_08
robust,layout,analytic,,6,0,0,"[8511, 8512]","[""icra_eval_41001_layout_09_p8511_analytic"", ""icra_eval_41002_layout_09_p8511_analytic"", ""icra_eval_41003_layout_09_p8511_analytic"", ""icra_eval_41001_layout_09_p8512_analytic"", ""icra_eval_41002_layout_09_p8512_analytic"", ""icra_eval_41003_layout_09_p8512_analytic""]","Descriptive; repeats retained together, not independent motion draws",layout_09
robust,layout,analytic,,6,4,4,"[8511, 8512]","[""icra_eval_41001_layout_10_p8511_analytic"", ""icra_eval_41002_layout_10_p8511_analytic"", ""icra_eval_41003_layout_10_p8511_analytic"", ""icra_eval_41001_layout_10_p8512_analytic"", ""icra_eval_41002_layout_10_p8512_analytic"", ""icra_eval_41003_layout_10_p8512_analytic""]","Descriptive; repeats retained together, not independent motion draws",layout_10
robust,layout,analytic,,6,6,4,"[8511, 8512]","[""icra_eval_41001_layout_11_p8511_analytic"", ""icra_eval_41002_layout_11_p8511_analytic"", ""icra_eval_41003_layout_11_p8511_analytic"", ""icra_eval_41001_layout_11_p8512_analytic"", ""icra_eval_41002_layout_11_p8512_analytic"", ""icra_eval_41003_layout_11_p8512_analytic""]","Descriptive; repeats retained together, not independent motion draws",layout_11
robust,layout,motion2scene,,6,0,0,"[8511, 8512]","[""icra_eval_41001_layout_00_p8511_motion2scene"", ""icra_eval_41002_layout_00_p8511_motion2scene"", ""icra_eval_41003_layout_00_p8511_motion2scene"", ""icra_eval_41001_layout_00_p8512_motion2scene"", ""icra_eval_41002_layout_00_p8512_motion2scene"", ""icra_eval_41003_layout_00_p8512_motion2scene""]","Descriptive; repeats retained together, not independent motion draws",layout_00
robust,layout,motion2scene,,6,1,0,"[8511, 8512]","[""icra_eval_41001_layout_01_p8511_motion2scene"", ""icra_eval_41002_layout_01_p8511_motion2scene"", ""icra_eval_41003_layout_01_p8511_motion2scene"", ""icra_eval_41001_layout_01_p8512_motion2scene"", ""icra_eval_41002_layout_01_p8512_motion2scene"", ""icra_eval_41003_layout_01_p8512_motion2scene""]","Descriptive; repeats retained together, not independent motion draws",layout_01
robust,layout,motion2scene,,6,6,0,"[8511, 8512]","[""icra_eval_41001_layout_02_p8511_motion2scene"", ""icra_eval_41002_layout_02_p8511_motion2scene"", ""icra_eval_41003_layout_02_p8511_motion2scene"", ""icra_eval_41001_layout_02_p8512_motion2scene"", ""icra_eval_41002_layout_02_p8512_motion2scene"", ""icra_eval_41003_layout_02_p8512_motion2scene""]","Descriptive; repeats retained together, not independent motion draws",layout_02
robust,layout,motion2scene,,6,0,0,"[8511, 8512]","[""icra_eval_41001_layout_03_p8511_motion2scene"", ""icra_eval_41002_layout_03_p8511_motion2scene"", ""icra_eval_41003_layout_03_p8511_motion2scene"", ""icra_eval_41001_layout_03_p8512_motion2scene"", ""icra_eval_41002_layout_03_p8512_motion2scene"", ""icra_eval_41003_layout_03_p8512_motion2scene""]","Descriptive; repeats retained together, not independent motion draws",layout_03
robust,layout,motion2scene,,6,0,0,"[8511, 8512]","[""icra_eval_41001_layout_04_p8511_motion2scene"", ""icra_eval_41002_layout_04_p8511_motion2scene"", ""icra_eval_41003_layout_04_p8511_motion2scene"", ""icra_eval_41001_layout_04_p8512_motion2scene"", ""icra_eval_41002_layout_04_p8512_motion2scene"", ""icra_eval_41003_layout_04_p8512_motion2scene""]","Descriptive; repeats retained together, not independent motion draws",layout_04
robust,layout,motion2scene,,6,6,0,"[8511, 8512]","[""icra_eval_41001_layout_05_p8511_motion2scene"", ""icra_eval_41002_layout_05_p8511_motion2scene"", ""icra_eval_41003_layout_05_p8511_motion2scene"", ""icra_eval_41001_layout_05_p8512_motion2scene"", ""icra_eval_41002_layout_05_p8512_motion2scene"", ""icra_eval_41003_layout_05_p8512_motion2scene""]","Descriptive; repeats retained together, not independent motion draws",layout_05
robust,layout,motion2scene,,6,0,0,"[8511, 8512]","[""icra_eval_41001_layout_06_p8511_motion2scene"", ""icra_eval_41002_layout_06_p8511_motion2scene"", ""icra_eval_41003_layout_06_p8511_motion2scene"", ""icra_eval_41001_layout_06_p8512_motion2scene"", ""icra_eval_41002_layout_06_p8512_motion2scene"", ""icra_eval_41003_layout_06_p8512_motion2scene""]","Descriptive; repeats retained together, not independent motion draws",layout_06
robust,layout,motion2scene,,6,2,0,"[8511, 8512]","[""icra_eval_41001_layout_07_p8511_motion2scene"", ""icra_eval_41002_layout_07_p8511_motion2scene"", ""icra_eval_41003_layout_07_p8511_motion2scene"", ""icra_eval_41001_layout_07_p8512_motion2scene"", ""icra_eval_41002_layout_07_p8512_motion2scene"", ""icra_eval_41003_layout_07_p8512_motion2scene""]","Descriptive; repeats retained together, not independent motion draws",layout_07
robust,layout,motion2scene,,6,6,0,"[8511, 8512]","[""icra_eval_41001_layout_08_p8511_motion2scene"", ""icra_eval_41002_layout_08_p8511_motion2scene"", ""icra_eval_41003_layout_08_p8511_motion2scene"", ""icra_eval_41001_layout_08_p8512_motion2scene"", ""icra_eval_41002_layout_08_p8512_motion2scene"", ""icra_eval_41003_layout_08_p8512_motion2scene""]","Descriptive; repeats retained together, not independent motion draws",layout_08
robust,layout,motion2scene,,6,0,0,"[8511, 8512]","[""icra_eval_41001_layout_09_p8511_motion2scene"", ""icra_eval_41002_layout_09_p8511_motion2scene"", ""icra_eval_41003_layout_09_p8511_motion2scene"", ""icra_eval_41001_layout_09_p8512_motion2scene"", ""icra_eval_41002_layout_09_p8512_motion2scene"", ""icra_eval_41003_layout_09_p8512_motion2scene""]","Descriptive; repeats retained together, not independent motion draws",layout_09
robust,layout,motion2scene,,6,1,0,"[8511, 8512]","[""icra_eval_41001_layout_10_p8511_motion2scene"", ""icra_eval_41002_layout_10_p8511_motion2scene"", ""icra_eval_41003_layout_10_p8511_motion2scene"", ""icra_eval_41001_layout_10_p8512_motion2scene"", ""icra_eval_41002_layout_10_p8512_motion2scene"", ""icra_eval_41003_layout_10_p8512_motion2scene""]","Descriptive; repeats retained together, not independent motion draws",layout_10
robust,layout,motion2scene,,6,6,0,"[8511, 8512]","[""icra_eval_41001_layout_11_p8511_motion2scene"", ""icra_eval_41002_layout_11_p8511_motion2scene"", ""icra_eval_41003_layout_11_p8511_motion2scene"", ""icra_eval_41001_layout_11_p8512_motion2scene"", ""icra_eval_41002_layout_11_p8512_motion2scene"", ""icra_eval_41003_layout_11_p8512_motion2scene""]","Descriptive; repeats retained together, not independent motion draws",layout_11
robust,layout,no_contrast,,6,0,0,"[8511, 8512]","[""icra_eval_41001_layout_00_p8511_no_contrast"", ""icra_eval_41002_layout_00_p8511_no_contrast"", ""icra_eval_41003_layout_00_p8511_no_contrast"", ""icra_eval_41001_layout_00_p8512_no_contrast"", ""icra_eval_41002_layout_00_p8512_no_contrast"", ""icra_eval_41003_layout_00_p8512_no_contrast""]","Descriptive; repeats retained together, not independent motion draws",layout_00
robust,layout,no_contrast,,6,1,0,"[8511, 8512]","[""icra_eval_41001_layout_01_p8511_no_contrast"", ""icra_eval_41002_layout_01_p8511_no_contrast"", ""icra_eval_41003_layout_01_p8511_no_contrast"", ""icra_eval_41001_layout_01_p8512_no_contrast"", ""icra_eval_41002_layout_01_p8512_no_contrast"", ""icra_eval_41003_layout_01_p8512_no_contrast""]","Descriptive; repeats retained together, not independent motion draws",layout_01
robust,layout,no_contrast,,6,6,0,"[8511, 8512]","[""icra_eval_41001_layout_02_p8511_no_contrast"", ""icra_eval_41002_layout_02_p8511_no_contrast"", ""icra_eval_41003_layout_02_p8511_no_contrast"", ""icra_eval_41001_layout_02_p8512_no_contrast"", ""icra_eval_41002_layout_02_p8512_no_contrast"", ""icra_eval_41003_layout_02_p8512_no_contrast""]","Descriptive; repeats retained together, not independent motion draws",layout_02
robust,layout,no_contrast,,6,0,0,"[8511, 8512]","[""icra_eval_41001_layout_03_p8511_no_contrast"", ""icra_eval_41002_layout_03_p8511_no_contrast"", ""icra_eval_41003_layout_03_p8511_no_contrast"", ""icra_eval_41001_layout_03_p8512_no_contrast"", ""icra_eval_41002_layout_03_p8512_no_contrast"", ""icra_eval_41003_layout_03_p8512_no_contrast""]","Descriptive; repeats retained together, not independent motion draws",layout_03
robust,layout,no_contrast,,6,0,0,"[8511, 8512]","[""icra_eval_41001_layout_04_p8511_no_contrast"", ""icra_eval_41002_layout_04_p8511_no_contrast"", ""icra_eval_41003_layout_04_p8511_no_contrast"", ""icra_eval_41001_layout_04_p8512_no_contrast"", ""icra_eval_41002_layout_04_p8512_no_contrast"", ""icra_eval_41003_layout_04_p8512_no_contrast""]","Descriptive; repeats retained together, not independent motion draws",layout_04
robust,layout,no_contrast,,6,6,0,"[8511, 8512]","[""icra_eval_41001_layout_05_p8511_no_contrast"", ""icra_eval_41002_layout_05_p8511_no_contrast"", ""icra_eval_41003_layout_05_p8511_no_contrast"", ""icra_eval_41001_layout_05_p8512_no_contrast"", ""icra_eval_41002_layout_05_p8512_no_contrast"", ""icra_eval_41003_layout_05_p8512_no_contrast""]","Descriptive; repeats retained together, not independent motion draws",layout_05
robust,layout,no_contrast,,6,0,0,"[8511, 8512]","[""icra_eval_41001_layout_06_p8511_no_contrast"", ""icra_eval_41002_layout_06_p8511_no_contrast"", ""icra_eval_41003_layout_06_p8511_no_contrast"", ""icra_eval_41001_layout_06_p8512_no_contrast"", ""icra_eval_41002_layout_06_p8512_no_contrast"", ""icra_eval_41003_layout_06_p8512_no_contrast""]","Descriptive; repeats retained together, not independent motion draws",layout_06
robust,layout,no_contrast,,6,2,0,"[8511, 8512]","[""icra_eval_41001_layout_07_p8511_no_contrast"", ""icra_eval_41002_layout_07_p8511_no_contrast"", ""icra_eval_41003_layout_07_p8511_no_contrast"", ""icra_eval_41001_layout_07_p8512_no_contrast"", ""icra_eval_41002_layout_07_p8512_no_contrast"", ""icra_eval_41003_layout_07_p8512_no_contrast""]","Descriptive; repeats retained together, not independent motion draws",layout_07
robust,layout,no_contrast,,6,6,0,"[8511, 8512]","[""icra_eval_41001_layout_08_p8511_no_contrast"", ""icra_eval_41002_layout_08_p8511_no_contrast"", ""icra_eval_41003_layout_08_p8511_no_contrast"", ""icra_eval_41001_layout_08_p8512_no_contrast"", ""icra_eval_41002_layout_08_p8512_no_contrast"", ""icra_eval_41003_layout_08_p8512_no_contrast""]","Descriptive; repeats retained together, not independent motion draws",layout_08
robust,layout,no_contrast,,6,0,0,"[8511, 8512]","[""icra_eval_41001_layout_09_p8511_no_contrast"", ""icra_eval_41002_layout_09_p8511_no_contrast"", ""icra_eval_41003_layout_09_p8511_no_contrast"", ""icra_eval_41001_layout_09_p8512_no_contrast"", ""icra_eval_41002_layout_09_p8512_no_contrast"", ""icra_eval_41003_layout_09_p8512_no_contrast""]","Descriptive; repeats retained together, not independent motion draws",layout_09
robust,layout,no_contrast,,6,1,0,"[8511, 8512]","[""icra_eval_41001_layout_10_p8511_no_contrast"", ""icra_eval_41002_layout_10_p8511_no_contrast"", ""icra_eval_41003_layout_10_p8511_no_contrast"", ""icra_eval_41001_layout_10_p8512_no_contrast"", ""icra_eval_41002_layout_10_p8512_no_contrast"", ""icra_eval_41003_layout_10_p8512_no_contrast""]","Descriptive; repeats retained together, not independent motion draws",layout_10
robust,layout,no_contrast,,6,6,0,"[8511, 8512]","[""icra_eval_41001_layout_11_p8511_no_contrast"", ""icra_eval_41002_layout_11_p8511_no_contrast"", ""icra_eval_41003_layout_11_p8511_no_contrast"", ""icra_eval_41001_layout_11_p8512_no_contrast"", ""icra_eval_41002_layout_11_p8512_no_contrast"", ""icra_eval_41003_layout_11_p8512_no_contrast""]","Descriptive; repeats retained together, not independent motion draws",layout_11
robust,layout,privileged_geometry,,6,0,0,"[8511, 8512]","[""icra_eval_41001_layout_00_p8511_privileged_geometry"", ""icra_eval_41002_layout_00_p8511_privileged_geometry"", ""icra_eval_41003_layout_00_p8511_privileged_geometry"", ""icra_eval_41001_layout_00_p8512_privileged_geometry"", ""icra_eval_41002_layout_00_p8512_privileged_geometry"", ""icra_eval_41003_layout_00_p8512_privileged_geometry""]","Descriptive; repeats retained together, not independent motion draws",layout_00
robust,layout,privileged_geometry,,6,3,2,"[8511, 8512]","[""icra_eval_41001_layout_01_p8511_privileged_geometry"", ""icra_eval_41002_layout_01_p8511_privileged_geometry"", ""icra_eval_41003_layout_01_p8511_privileged_geometry"", ""icra_eval_41001_layout_01_p8512_privileged_geometry"", ""icra_eval_41002_layout_01_p8512_privileged_geometry"", ""icra_eval_41003_layout_01_p8512_privileged_geometry""]","Descriptive; repeats retained together, not independent motion draws",layout_01
robust,layout,privileged_geometry,,6,6,0,"[8511, 8512]","[""icra_eval_41001_layout_02_p8511_privileged_geometry"", ""icra_eval_41002_layout_02_p8511_privileged_geometry"", ""icra_eval_41003_layout_02_p8511_privileged_geometry"", ""icra_eval_41001_layout_02_p8512_privileged_geometry"", ""icra_eval_41002_layout_02_p8512_privileged_geometry"", ""icra_eval_41003_layout_02_p8512_privileged_geometry""]","Descriptive; repeats retained together, not independent motion draws",layout_02
robust,layout,privileged_geometry,,6,0,0,"[8511, 8512]","[""icra_eval_41001_layout_03_p8511_privileged_geometry"", ""icra_eval_41002_layout_03_p8511_privileged_geometry"", ""icra_eval_41003_layout_03_p8511_privileged_geometry"", ""icra_eval_41001_layout_03_p8512_privileged_geometry"", ""icra_eval_41002_layout_03_p8512_privileged_geometry"", ""icra_eval_41003_layout_03_p8512_privileged_geometry""]","Descriptive; repeats retained together, not independent motion draws",layout_03
robust,layout,privileged_geometry,,6,4,4,"[8511, 8512]","[""icra_eval_41001_layout_04_p8511_privileged_geometry"", ""icra_eval_41002_layout_04_p8511_privileged_geometry"", ""icra_eval_41003_layout_04_p8511_privileged_geometry"", ""icra_eval_41001_layout_04_p8512_privileged_geometry"", ""icra_eval_41002_layout_04_p8512_privileged_geometry"", ""icra_eval_41003_layout_04_p8512_privileged_geometry""]","Descriptive; repeats retained together, not independent motion draws",layout_04
robust,layout,privileged_geometry,,6,6,0,"[8511, 8512]","[""icra_eval_41001_layout_05_p8511_privileged_geometry"", ""icra_eval_41002_layout_05_p8511_privileged_geometry"", ""icra_eval_41003_layout_05_p8511_privileged_geometry"", ""icra_eval_41001_layout_05_p8512_privileged_geometry"", ""icra_eval_41002_layout_05_p8512_privileged_geometry"", ""icra_eval_41003_layout_05_p8512_privileged_geometry""]","Descriptive; repeats retained together, not independent motion draws",layout_05
robust,layout,privileged_geometry,,6,0,0,"[8511, 8512]","[""icra_eval_41001_layout_06_p8511_privileged_geometry"", ""icra_eval_41002_layout_06_p8511_privileged_geometry"", ""icra_eval_41003_layout_06_p8511_privileged_geometry"", ""icra_eval_41001_layout_06_p8512_privileged_geometry"", ""icra_eval_41002_layout_06_p8512_privileged_geometry"", ""icra_eval_41003_layout_06_p8512_privileged_geometry""]","Descriptive; repeats retained together, not independent motion draws",layout_06
robust,layout,privileged_geometry,,6,4,4,"[8511, 8512]","[""icra_eval_41001_layout_07_p8511_privileged_geometry"", ""icra_eval_41002_layout_07_p8511_privileged_geometry"", ""icra_eval_41003_layout_07_p8511_privileged_geometry"", ""icra_eval_41001_layout_07_p8512_privileged_geometry"", ""icra_eval_41002_layout_07_p8512_privileged_geometry"", ""icra_eval_41003_layout_07_p8512_privileged_geometry""]","Descriptive; repeats retained together, not independent motion draws",layout_07
robust,layout,privileged_geometry,,6,6,0,"[8511, 8512]","[""icra_eval_41001_layout_08_p8511_privileged_geometry"", ""icra_eval_41002_layout_08_p8511_privileged_geometry"", ""icra_eval_41003_layout_08_p8511_privileged_geometry"", ""icra_eval_41001_layout_08_p8512_privileged_geometry"", ""icra_eval_41002_layout_08_p8512_privileged_geometry"", ""icra_eval_41003_layout_08_p8512_privileged_geometry""]","Descriptive; repeats retained together, not independent motion draws",layout_08
robust,layout,privileged_geometry,,6,0,0,"[8511, 8512]","[""icra_eval_41001_layout_09_p8511_privileged_geometry"", ""icra_eval_41002_layout_09_p8511_privileged_geometry"", ""icra_eval_41003_layout_09_p8511_privileged_geometry"", ""icra_eval_41001_layout_09_p8512_privileged_geometry"", ""icra_eval_41002_layout_09_p8512_privileged_geometry"", ""icra_eval_41003_layout_09_p8512_privileged_geometry""]","Descriptive; repeats retained together, not independent motion draws",layout_09
robust,layout,privileged_geometry,,6,4,4,"[8511, 8512]","[""icra_eval_41001_layout_10_p8511_privileged_geometry"", ""icra_eval_41002_layout_10_p8511_privileged_geometry"", ""icra_eval_41003_layout_10_p8511_privileged_geometry"", ""icra_eval_41001_layout_10_p8512_privileged_geometry"", ""icra_eval_41002_layout_10_p8512_privileged_geometry"", ""icra_eval_41003_layout_10_p8512_privileged_geometry""]","Descriptive; repeats retained together, not independent motion draws",layout_10
robust,layout,privileged_geometry,,6,6,0,"[8511, 8512]","[""icra_eval_41001_layout_11_p8511_privileged_geometry"", ""icra_eval_41002_layout_11_p8511_privileged_geometry"", ""icra_eval_41003_layout_11_p8511_privileged_geometry"", ""icra_eval_41001_layout_11_p8512_privileged_geometry"", ""icra_eval_41002_layout_11_p8512_privileged_geometry"", ""icra_eval_41003_layout_11_p8512_privileged_geometry""]","Descriptive; repeats retained together, not independent motion draws",layout_11
robust,layout,scripted_rays,,6,0,6,"[8511, 8512]","[""icra_eval_41001_layout_00_p8511_scripted_rays"", ""icra_eval_41002_layout_00_p8511_scripted_rays"", ""icra_eval_41003_layout_00_p8511_scripted_rays"", ""icra_eval_41001_layout_00_p8512_scripted_rays"", ""icra_eval_41002_layout_00_p8512_scripted_rays"", ""icra_eval_41003_layout_00_p8512_scripted_rays""]","Descriptive; repeats retained together, not independent motion draws",layout_00
robust,layout,scripted_rays,,6,5,6,"[8511, 8512]","[""icra_eval_41001_layout_01_p8511_scripted_rays"", ""icra_eval_41002_layout_01_p8511_scripted_rays"", ""icra_eval_41003_layout_01_p8511_scripted_rays"", ""icra_eval_41001_layout_01_p8512_scripted_rays"", ""icra_eval_41002_layout_01_p8512_scripted_rays"", ""icra_eval_41003_layout_01_p8512_scripted_rays""]","Descriptive; repeats retained together, not independent motion draws",layout_01
robust,layout,scripted_rays,,6,6,0,"[8511, 8512]","[""icra_eval_41001_layout_02_p8511_scripted_rays"", ""icra_eval_41002_layout_02_p8511_scripted_rays"", ""icra_eval_41003_layout_02_p8511_scripted_rays"", ""icra_eval_41001_layout_02_p8512_scripted_rays"", ""icra_eval_41002_layout_02_p8512_scripted_rays"", ""icra_eval_41003_layout_02_p8512_scripted_rays""]","Descriptive; repeats retained together, not independent motion draws",layout_02
robust,layout,scripted_rays,,6,0,3,"[8511, 8512]","[""icra_eval_41001_layout_03_p8511_scripted_rays"", ""icra_eval_41002_layout_03_p8511_scripted_rays"", ""icra_eval_41003_layout_03_p8511_scripted_rays"", ""icra_eval_41001_layout_03_p8512_scripted_rays"", ""icra_eval_41002_layout_03_p8512_scripted_rays"", ""icra_eval_41003_layout_03_p8512_scripted_rays""]","Descriptive; repeats retained together, not independent motion draws",layout_03
robust,layout,scripted_rays,,6,6,6,"[8511, 8512]","[""icra_eval_41001_layout_04_p8511_scripted_rays"", ""icra_eval_41002_layout_04_p8511_scripted_rays"", ""icra_eval_41003_layout_04_p8511_scripted_rays"", ""icra_eval_41001_layout_04_p8512_scripted_rays"", ""icra_eval_41002_layout_04_p8512_scripted_rays"", ""icra_eval_41003_layout_04_p8512_scripted_rays""]","Descriptive; repeats retained together, not independent motion draws",layout_04
robust,layout,scripted_rays,,6,6,6,"[8511, 8512]","[""icra_eval_41001_layout_05_p8511_scripted_rays"", ""icra_eval_41002_layout_05_p8511_scripted_rays"", ""icra_eval_41003_layout_05_p8511_scripted_rays"", ""icra_eval_41001_layout_05_p8512_scripted_rays"", ""icra_eval_41002_layout_05_p8512_scripted_rays"", ""icra_eval_41003_layout_05_p8512_scripted_rays""]","Descriptive; repeats retained together, not independent motion draws",layout_05
robust,layout,scripted_rays,,6,0,2,"[8511, 8512]","[""icra_eval_41001_layout_06_p8511_scripted_rays"", ""icra_eval_41002_layout_06_p8511_scripted_rays"", ""icra_eval_41003_layout_06_p8511_scripted_rays"", ""icra_eval_41001_layout_06_p8512_scripted_rays"", ""icra_eval_41002_layout_06_p8512_scripted_rays"", ""icra_eval_41003_layout_06_p8512_scripted_rays""]","Descriptive; repeats retained together, not independent motion draws",layout_06
robust,layout,scripted_rays,,6,6,6,"[8511, 8512]","[""icra_eval_41001_layout_07_p8511_scripted_rays"", ""icra_eval_41002_layout_07_p8511_scripted_rays"", ""icra_eval_41003_layout_07_p8511_scripted_rays"", ""icra_eval_41001_layout_07_p8512_scripted_rays"", ""icra_eval_41002_layout_07_p8512_scripted_rays"", ""icra_eval_41003_layout_07_p8512_scripted_rays""]","Descriptive; repeats retained together, not independent motion draws",layout_07
robust,layout,scripted_rays,,6,6,2,"[8511, 8512]","[""icra_eval_41001_layout_08_p8511_scripted_rays"", ""icra_eval_41002_layout_08_p8511_scripted_rays"", ""icra_eval_41003_layout_08_p8511_scripted_rays"", ""icra_eval_41001_layout_08_p8512_scripted_rays"", ""icra_eval_41002_layout_08_p8512_scripted_rays"", ""icra_eval_41003_layout_08_p8512_scripted_rays""]","Descriptive; repeats retained together, not independent motion draws",layout_08
robust,layout,scripted_rays,,6,0,0,"[8511, 8512]","[""icra_eval_41001_layout_09_p8511_scripted_rays"", ""icra_eval_41002_layout_09_p8511_scripted_rays"", ""icra_eval_41003_layout_09_p8511_scripted_rays"", ""icra_eval_41001_layout_09_p8512_scripted_rays"", ""icra_eval_41002_layout_09_p8512_scripted_rays"", ""icra_eval_41003_layout_09_p8512_scripted_rays""]","Descriptive; repeats retained together, not independent motion draws",layout_09
robust,layout,scripted_rays,,6,5,5,"[8511, 8512]","[""icra_eval_41001_layout_10_p8511_scripted_rays"", ""icra_eval_41002_layout_10_p8511_scripted_rays"", ""icra_eval_41003_layout_10_p8511_scripted_rays"", ""icra_eval_41001_layout_10_p8512_scripted_rays"", ""icra_eval_41002_layout_10_p8512_scripted_rays"", ""icra_eval_41003_layout_10_p8512_scripted_rays""]","Descriptive; repeats retained together, not independent motion draws",layout_10
robust,layout,scripted_rays,,6,6,4,"[8511, 8512]","[""icra_eval_41001_layout_11_p8511_scripted_rays"", ""icra_eval_41002_layout_11_p8511_scripted_rays"", ""icra_eval_41003_layout_11_p8511_scripted_rays"", ""icra_eval_41001_layout_11_p8512_scripted_rays"", ""icra_eval_41002_layout_11_p8512_scripted_rays"", ""icra_eval_41003_layout_11_p8512_scripted_rays""]","Descriptive; repeats retained together, not independent motion draws",layout_11
robust,layout,uniform,,6,0,0,"[8511, 8512]","[""icra_eval_41001_layout_00_p8511_uniform"", ""icra_eval_41002_layout_00_p8511_uniform"", ""icra_eval_41003_layout_00_p8511_uniform"", ""icra_eval_41001_layout_00_p8512_uniform"", ""icra_eval_41002_layout_00_p8512_uniform"", ""icra_eval_41003_layout_00_p8512_uniform""]","Descriptive; repeats retained together, not independent motion draws",layout_00
robust,layout,uniform,,6,1,0,"[8511, 8512]","[""icra_eval_41001_layout_01_p8511_uniform"", ""icra_eval_41002_layout_01_p8511_uniform"", ""icra_eval_41003_layout_01_p8511_uniform"", ""icra_eval_41001_layout_01_p8512_uniform"", ""icra_eval_41002_layout_01_p8512_uniform"", ""icra_eval_41003_layout_01_p8512_uniform""]","Descriptive; repeats retained together, not independent motion draws",layout_01
robust,layout,uniform,,6,6,0,"[8511, 8512]","[""icra_eval_41001_layout_02_p8511_uniform"", ""icra_eval_41002_layout_02_p8511_uniform"", ""icra_eval_41003_layout_02_p8511_uniform"", ""icra_eval_41001_layout_02_p8512_uniform"", ""icra_eval_41002_layout_02_p8512_uniform"", ""icra_eval_41003_layout_02_p8512_uniform""]","Descriptive; repeats retained together, not independent motion draws",layout_02
robust,layout,uniform,,6,0,0,"[8511, 8512]","[""icra_eval_41001_layout_03_p8511_uniform"", ""icra_eval_41002_layout_03_p8511_uniform"", ""icra_eval_41003_layout_03_p8511_uniform"", ""icra_eval_41001_layout_03_p8512_uniform"", ""icra_eval_41002_layout_03_p8512_uniform"", ""icra_eval_41003_layout_03_p8512_uniform""]","Descriptive; repeats retained together, not independent motion draws",layout_03
robust,layout,uniform,,6,0,0,"[8511, 8512]","[""icra_eval_41001_layout_04_p8511_uniform"", ""icra_eval_41002_layout_04_p8511_uniform"", ""icra_eval_41003_layout_04_p8511_uniform"", ""icra_eval_41001_layout_04_p8512_uniform"", ""icra_eval_41002_layout_04_p8512_uniform"", ""icra_eval_41003_layout_04_p8512_uniform""]","Descriptive; repeats retained together, not independent motion draws",layout_04
robust,layout,uniform,,6,6,0,"[8511, 8512]","[""icra_eval_41001_layout_05_p8511_uniform"", ""icra_eval_41002_layout_05_p8511_uniform"", ""icra_eval_41003_layout_05_p8511_uniform"", ""icra_eval_41001_layout_05_p8512_uniform"", ""icra_eval_41002_layout_05_p8512_uniform"", ""icra_eval_41003_layout_05_p8512_uniform""]","Descriptive; repeats retained together, not independent motion draws",layout_05
robust,layout,uniform,,6,0,0,"[8511, 8512]","[""icra_eval_41001_layout_06_p8511_uniform"", ""icra_eval_41002_layout_06_p8511_uniform"", ""icra_eval_41003_layout_06_p8511_uniform"", ""icra_eval_41001_layout_06_p8512_uniform"", ""icra_eval_41002_layout_06_p8512_uniform"", ""icra_eval_41003_layout_06_p8512_uniform""]","Descriptive; repeats retained together, not independent motion draws",layout_06
robust,layout,uniform,,6,2,0,"[8511, 8512]","[""icra_eval_41001_layout_07_p8511_uniform"", ""icra_eval_41002_layout_07_p8511_uniform"", ""icra_eval_41003_layout_07_p8511_uniform"", ""icra_eval_41001_layout_07_p8512_uniform"", ""icra_eval_41002_layout_07_p8512_uniform"", ""icra_eval_41003_layout_07_p8512_uniform""]","Descriptive; repeats retained together, not independent motion draws",layout_07
robust,layout,uniform,,6,6,0,"[8511, 8512]","[""icra_eval_41001_layout_08_p8511_uniform"", ""icra_eval_41002_layout_08_p8511_uniform"", ""icra_eval_41003_layout_08_p8511_uniform"", ""icra_eval_41001_layout_08_p8512_uniform"", ""icra_eval_41002_layout_08_p8512_uniform"", ""icra_eval_41003_layout_08_p8512_uniform""]","Descriptive; repeats retained together, not independent motion draws",layout_08
robust,layout,uniform,,6,0,0,"[8511, 8512]","[""icra_eval_41001_layout_09_p8511_uniform"", ""icra_eval_41002_layout_09_p8511_uniform"", ""icra_eval_41003_layout_09_p8511_uniform"", ""icra_eval_41001_layout_09_p8512_uniform"", ""icra_eval_41002_layout_09_p8512_uniform"", ""icra_eval_41003_layout_09_p8512_uniform""]","Descriptive; repeats retained together, not independent motion draws",layout_09
robust,layout,uniform,,6,1,0,"[8511, 8512]","[""icra_eval_41001_layout_10_p8511_uniform"", ""icra_eval_41002_layout_10_p8511_uniform"", ""icra_eval_41003_layout_10_p8511_uniform"", ""icra_eval_41001_layout_10_p8512_uniform"", ""icra_eval_41002_layout_10_p8512_uniform"", ""icra_eval_41003_layout_10_p8512_uniform""]","Descriptive; repeats retained together, not independent motion draws",layout_10
robust,layout,uniform,,6,6,0,"[8511, 8512]","[""icra_eval_41001_layout_11_p8511_uniform"", ""icra_eval_41002_layout_11_p8511_uniform"", ""icra_eval_41003_layout_11_p8511_uniform"", ""icra_eval_41001_layout_11_p8512_uniform"", ""icra_eval_41002_layout_11_p8512_uniform"", ""icra_eval_41003_layout_11_p8512_uniform""]","Descriptive; repeats retained together, not independent motion draws",layout_11
robust,source+layout,analytic,41001,2,0,2,"[8511, 8512]","[""icra_eval_41001_layout_00_p8511_analytic"", ""icra_eval_41001_layout_00_p8512_analytic""]","Descriptive; repeats retained together, not independent motion draws",layout_00
robust,source+layout,analytic,41001,2,0,0,"[8511, 8512]","[""icra_eval_41001_layout_01_p8511_analytic"", ""icra_eval_41001_layout_01_p8512_analytic""]","Descriptive; repeats retained together, not independent motion draws",layout_01
robust,source+layout,analytic,41001,2,2,0,"[8511, 8512]","[""icra_eval_41001_layout_02_p8511_analytic"", ""icra_eval_41001_layout_02_p8512_analytic""]","Descriptive; repeats retained together, not independent motion draws",layout_02
robust,source+layout,analytic,41001,2,0,0,"[8511, 8512]","[""icra_eval_41001_layout_03_p8511_analytic"", ""icra_eval_41001_layout_03_p8512_analytic""]","Descriptive; repeats retained together, not independent motion draws",layout_03
robust,source+layout,analytic,41001,2,2,2,"[8511, 8512]","[""icra_eval_41001_layout_04_p8511_analytic"", ""icra_eval_41001_layout_04_p8512_analytic""]","Descriptive; repeats retained together, not independent motion draws",layout_04
robust,source+layout,analytic,41001,2,2,0,"[8511, 8512]","[""icra_eval_41001_layout_05_p8511_analytic"", ""icra_eval_41001_layout_05_p8512_analytic""]","Descriptive; repeats retained together, not independent motion draws",layout_05
robust,source+layout,analytic,41001,2,0,0,"[8511, 8512]","[""icra_eval_41001_layout_06_p8511_analytic"", ""icra_eval_41001_layout_06_p8512_analytic""]","Descriptive; repeats retained together, not independent motion draws",layout_06
robust,source+layout,analytic,41001,2,2,2,"[8511, 8512]","[""icra_eval_41001_layout_07_p8511_analytic"", ""icra_eval_41001_layout_07_p8512_analytic""]","Descriptive; repeats retained together, not independent motion draws",layout_07
robust,source+layout,analytic,41001,2,2,0,"[8511, 8512]","[""icra_eval_41001_layout_08_p8511_analytic"", ""icra_eval_41001_layout_08_p8512_analytic""]","Descriptive; repeats retained together, not independent motion draws",layout_08
robust,source+layout,analytic,41001,2,0,0,"[8511, 8512]","[""icra_eval_41001_layout_09_p8511_analytic"", ""icra_eval_41001_layout_09_p8512_analytic""]","Descriptive; repeats retained together, not independent motion draws",layout_09
robust,source+layout,analytic,41001,2,2,2,"[8511, 8512]","[""icra_eval_41001_layout_10_p8511_analytic"", ""icra_eval_41001_layout_10_p8512_analytic""]","Descriptive; repeats retained together, not independent motion draws",layout_10
robust,source+layout,analytic,41001,2,2,2,"[8511, 8512]","[""icra_eval_41001_layout_11_p8511_analytic"", ""icra_eval_41001_layout_11_p8512_analytic""]","Descriptive; repeats retained together, not independent motion draws",layout_11
robust,source+layout,analytic,41002,2,0,2,"[8511, 8512]","[""icra_eval_41002_layout_00_p8511_analytic"", ""icra_eval_41002_layout_00_p8512_analytic""]","Descriptive; repeats retained together, not independent motion draws",layout_00
robust,source+layout,analytic,41002,2,1,0,"[8511, 8512]","[""icra_eval_41002_layout_01_p8511_analytic"", ""icra_eval_41002_layout_01_p8512_analytic""]","Descriptive; repeats retained together, not independent motion draws",layout_01
robust,source+layout,analytic,41002,2,2,0,"[8511, 8512]","[""icra_eval_41002_layout_02_p8511_analytic"", ""icra_eval_41002_layout_02_p8512_analytic""]","Descriptive; repeats retained together, not independent motion draws",layout_02
robust,source+layout,analytic,41002,2,0,2,"[8511, 8512]","[""icra_eval_41002_layout_03_p8511_analytic"", ""icra_eval_41002_layout_03_p8512_analytic""]","Descriptive; repeats retained together, not independent motion draws",layout_03
robust,source+layout,analytic,41002,2,0,0,"[8511, 8512]","[""icra_eval_41002_layout_04_p8511_analytic"", ""icra_eval_41002_layout_04_p8512_analytic""]","Descriptive; repeats retained together, not independent motion draws",layout_04
robust,source+layout,analytic,41002,2,2,0,"[8511, 8512]","[""icra_eval_41002_layout_05_p8511_analytic"", ""icra_eval_41002_layout_05_p8512_analytic""]","Descriptive; repeats retained together, not independent motion draws",layout_05
robust,source+layout,analytic,41002,2,0,2,"[8511, 8512]","[""icra_eval_41002_layout_06_p8511_analytic"", ""icra_eval_41002_layout_06_p8512_analytic""]","Descriptive; repeats retained together, not independent motion draws",layout_06
robust,source+layout,analytic,41002,2,2,2,"[8511, 8512]","[""icra_eval_41002_layout_07_p8511_analytic"", ""icra_eval_41002_layout_07_p8512_analytic""]","Descriptive; repeats retained together, not independent motion draws",layout_07
robust,source+layout,analytic,41002,2,2,0,"[8511, 8512]","[""icra_eval_41002_layout_08_p8511_analytic"", ""icra_eval_41002_layout_08_p8512_analytic""]","Descriptive; repeats retained together, not independent motion draws",layout_08
robust,source+layout,analytic,41002,2,0,0,"[8511, 8512]","[""icra_eval_41002_layout_09_p8511_analytic"", ""icra_eval_41002_layout_09_p8512_analytic""]","Descriptive; repeats retained together, not independent motion draws",layout_09
robust,source+layout,analytic,41002,2,1,1,"[8511, 8512]","[""icra_eval_41002_layout_10_p8511_analytic"", ""icra_eval_41002_layout_10_p8512_analytic""]","Descriptive; repeats retained together, not independent motion draws",layout_10
robust,source+layout,analytic,41002,2,2,0,"[8511, 8512]","[""icra_eval_41002_layout_11_p8511_analytic"", ""icra_eval_41002_layout_11_p8512_analytic""]","Descriptive; repeats retained together, not independent motion draws",layout_11
robust,source+layout,analytic,41003,2,0,2,"[8511, 8512]","[""icra_eval_41003_layout_00_p8511_analytic"", ""icra_eval_41003_layout_00_p8512_analytic""]","Descriptive; repeats retained together, not independent motion draws",layout_00
robust,source+layout,analytic,41003,2,0,0,"[8511, 8512]","[""icra_eval_41003_layout_01_p8511_analytic"", ""icra_eval_41003_layout_01_p8512_analytic""]","Descriptive; repeats retained together, not independent motion draws",layout_01
robust,source+layout,analytic,41003,2,2,0,"[8511, 8512]","[""icra_eval_41003_layout_02_p8511_analytic"", ""icra_eval_41003_layout_02_p8512_analytic""]","Descriptive; repeats retained together, not independent motion draws",layout_02
robust,source+layout,analytic,41003,2,0,1,"[8511, 8512]","[""icra_eval_41003_layout_03_p8511_analytic"", ""icra_eval_41003_layout_03_p8512_analytic""]","Descriptive; repeats retained together, not independent motion draws",layout_03
robust,source+layout,analytic,41003,2,2,2,"[8511, 8512]","[""icra_eval_41003_layout_04_p8511_analytic"", ""icra_eval_41003_layout_04_p8512_analytic""]","Descriptive; repeats retained together, not independent motion draws",layout_04
robust,source+layout,analytic,41003,2,2,0,"[8511, 8512]","[""icra_eval_41003_layout_05_p8511_analytic"", ""icra_eval_41003_layout_05_p8512_analytic""]","Descriptive; repeats retained together, not independent motion draws",layout_05
robust,source+layout,analytic,41003,2,0,0,"[8511, 8512]","[""icra_eval_41003_layout_06_p8511_analytic"", ""icra_eval_41003_layout_06_p8512_analytic""]","Descriptive; repeats retained together, not independent motion draws",layout_06
robust,source+layout,analytic,41003,2,2,2,"[8511, 8512]","[""icra_eval_41003_layout_07_p8511_analytic"", ""icra_eval_41003_layout_07_p8512_analytic""]","Descriptive; repeats retained together, not independent motion draws",layout_07
robust,source+layout,analytic,41003,2,2,0,"[8511, 8512]","[""icra_eval_41003_layout_08_p8511_analytic"", ""icra_eval_41003_layout_08_p8512_analytic""]","Descriptive; repeats retained together, not independent motion draws",layout_08
robust,source+layout,analytic,41003,2,0,0,"[8511, 8512]","[""icra_eval_41003_layout_09_p8511_analytic"", ""icra_eval_41003_layout_09_p8512_analytic""]","Descriptive; repeats retained together, not independent motion draws",layout_09
robust,source+layout,analytic,41003,2,1,1,"[8511, 8512]","[""icra_eval_41003_layout_10_p8511_analytic"", ""icra_eval_41003_layout_10_p8512_analytic""]","Descriptive; repeats retained together, not independent motion draws",layout_10
robust,source+layout,analytic,41003,2,2,2,"[8511, 8512]","[""icra_eval_41003_layout_11_p8511_analytic"", ""icra_eval_41003_layout_11_p8512_analytic""]","Descriptive; repeats retained together, not independent motion draws",layout_11
robust,source+layout,motion2scene,41001,2,0,0,"[8511, 8512]","[""icra_eval_41001_layout_00_p8511_motion2scene"", ""icra_eval_41001_layout_00_p8512_motion2scene""]","Descriptive; repeats retained together, not independent motion draws",layout_00
robust,source+layout,motion2scene,41001,2,0,0,"[8511, 8512]","[""icra_eval_41001_layout_01_p8511_motion2scene"", ""icra_eval_41001_layout_01_p8512_motion2scene""]","Descriptive; repeats retained together, not independent motion draws",layout_01
robust,source+layout,motion2scene,41001,2,2,0,"[8511, 8512]","[""icra_eval_41001_layout_02_p8511_motion2scene"", ""icra_eval_41001_layout_02_p8512_motion2scene""]","Descriptive; repeats retained together, not independent motion draws",layout_02
robust,source+layout,motion2scene,41001,2,0,0,"[8511, 8512]","[""icra_eval_41001_layout_03_p8511_motion2scene"", ""icra_eval_41001_layout_03_p8512_motion2scene""]","Descriptive; repeats retained together, not independent motion draws",layout_03
robust,source+layout,motion2scene,41001,2,0,0,"[8511, 8512]","[""icra_eval_41001_layout_04_p8511_motion2scene"", ""icra_eval_41001_layout_04_p8512_motion2scene""]","Descriptive; repeats retained together, not independent motion draws",layout_04
robust,source+layout,motion2scene,41001,2,2,0,"[8511, 8512]","[""icra_eval_41001_layout_05_p8511_motion2scene"", ""icra_eval_41001_layout_05_p8512_motion2scene""]","Descriptive; repeats retained together, not independent motion draws",layout_05
robust,source+layout,motion2scene,41001,2,0,0,"[8511, 8512]","[""icra_eval_41001_layout_06_p8511_motion2scene"", ""icra_eval_41001_layout_06_p8512_motion2scene""]","Descriptive; repeats retained together, not independent motion draws",layout_06
robust,source+layout,motion2scene,41001,2,0,0,"[8511, 8512]","[""icra_eval_41001_layout_07_p8511_motion2scene"", ""icra_eval_41001_layout_07_p8512_motion2scene""]","Descriptive; repeats retained together, not independent motion draws",layout_07
robust,source+layout,motion2scene,41001,2,2,0,"[8511, 8512]","[""icra_eval_41001_layout_08_p8511_motion2scene"", ""icra_eval_41001_layout_08_p8512_motion2scene""]","Descriptive; repeats retained together, not independent motion draws",layout_08
robust,source+layout,motion2scene,41001,2,0,0,"[8511, 8512]","[""icra_eval_41001_layout_09_p8511_motion2scene"", ""icra_eval_41001_layout_09_p8512_motion2scene""]","Descriptive; repeats retained together, not independent motion draws",layout_09
robust,source+layout,motion2scene,41001,2,0,0,"[8511, 8512]","[""icra_eval_41001_layout_10_p8511_motion2scene"", ""icra_eval_41001_layout_10_p8512_motion2scene""]","Descriptive; repeats retained together, not independent motion draws",layout_10
robust,source+layout,motion2scene,41001,2,2,0,"[8511, 8512]","[""icra_eval_41001_layout_11_p8511_motion2scene"", ""icra_eval_41001_layout_11_p8512_motion2scene""]","Descriptive; repeats retained together, not independent motion draws",layout_11
robust,source+layout,motion2scene,41002,2,0,0,"[8511, 8512]","[""icra_eval_41002_layout_00_p8511_motion2scene"", ""icra_eval_41002_layout_00_p8512_motion2scene""]","Descriptive; repeats retained together, not independent motion draws",layout_00
robust,source+layout,motion2scene,41002,2,1,0,"[8511, 8512]","[""icra_eval_41002_layout_01_p8511_motion2scene"", ""icra_eval_41002_layout_01_p8512_motion2scene""]","Descriptive; repeats retained together, not independent motion draws",layout_01
robust,source+layout,motion2scene,41002,2,2,0,"[8511, 8512]","[""icra_eval_41002_layout_02_p8511_motion2scene"", ""icra_eval_41002_layout_02_p8512_motion2scene""]","Descriptive; repeats retained together, not independent motion draws",layout_02
robust,source+layout,motion2scene,41002,2,0,0,"[8511, 8512]","[""icra_eval_41002_layout_03_p8511_motion2scene"", ""icra_eval_41002_layout_03_p8512_motion2scene""]","Descriptive; repeats retained together, not independent motion draws",layout_03
robust,source+layout,motion2scene,41002,2,0,0,"[8511, 8512]","[""icra_eval_41002_layout_04_p8511_motion2scene"", ""icra_eval_41002_layout_04_p8512_motion2scene""]","Descriptive; repeats retained together, not independent motion draws",layout_04
robust,source+layout,motion2scene,41002,2,2,0,"[8511, 8512]","[""icra_eval_41002_layout_05_p8511_motion2scene"", ""icra_eval_41002_layout_05_p8512_motion2scene""]","Descriptive; repeats retained together, not independent motion draws",layout_05
robust,source+layout,motion2scene,41002,2,0,0,"[8511, 8512]","[""icra_eval_41002_layout_06_p8511_motion2scene"", ""icra_eval_41002_layout_06_p8512_motion2scene""]","Descriptive; repeats retained together, not independent motion draws",layout_06
robust,source+layout,motion2scene,41002,2,0,0,"[8511, 8512]","[""icra_eval_41002_layout_07_p8511_motion2scene"", ""icra_eval_41002_layout_07_p8512_motion2scene""]","Descriptive; repeats retained together, not independent motion draws",layout_07
robust,source+layout,motion2scene,41002,2,2,0,"[8511, 8512]","[""icra_eval_41002_layout_08_p8511_motion2scene"", ""icra_eval_41002_layout_08_p8512_motion2scene""]","Descriptive; repeats retained together, not independent motion draws",layout_08
robust,source+layout,motion2scene,41002,2,0,0,"[8511, 8512]","[""icra_eval_41002_layout_09_p8511_motion2scene"", ""icra_eval_41002_layout_09_p8512_motion2scene""]","Descriptive; repeats retained together, not independent motion draws",layout_09
robust,source+layout,motion2scene,41002,2,1,0,"[8511, 8512]","[""icra_eval_41002_layout_10_p8511_motion2scene"", ""icra_eval_41002_layout_10_p8512_motion2scene""]","Descriptive; repeats retained together, not independent motion draws",layout_10
robust,source+layout,motion2scene,41002,2,2,0,"[8511, 8512]","[""icra_eval_41002_layout_11_p8511_motion2scene"", ""icra_eval_41002_layout_11_p8512_motion2scene""]","Descriptive; repeats retained together, not independent motion draws",layout_11
robust,source+layout,motion2scene,41003,2,0,0,"[8511, 8512]","[""icra_eval_41003_layout_00_p8511_motion2scene"", ""icra_eval_41003_layout_00_p8512_motion2scene""]","Descriptive; repeats retained together, not independent motion draws",layout_00
robust,source+layout,motion2scene,41003,2,0,0,"[8511, 8512]","[""icra_eval_41003_layout_01_p8511_motion2scene"", ""icra_eval_41003_layout_01_p8512_motion2scene""]","Descriptive; repeats retained together, not independent motion draws",layout_01
robust,source+layout,motion2scene,41003,2,2,0,"[8511, 8512]","[""icra_eval_41003_layout_02_p8511_motion2scene"", ""icra_eval_41003_layout_02_p8512_motion2scene""]","Descriptive; repeats retained together, not independent motion draws",layout_02
robust,source+layout,motion2scene,41003,2,0,0,"[8511, 8512]","[""icra_eval_41003_layout_03_p8511_motion2scene"", ""icra_eval_41003_layout_03_p8512_motion2scene""]","Descriptive; repeats retained together, not independent motion draws",layout_03
robust,source+layout,motion2scene,41003,2,0,0,"[8511, 8512]","[""icra_eval_41003_layout_04_p8511_motion2scene"", ""icra_eval_41003_layout_04_p8512_motion2scene""]","Descriptive; repeats retained together, not independent motion draws",layout_04
robust,source+layout,motion2scene,41003,2,2,0,"[8511, 8512]","[""icra_eval_41003_layout_05_p8511_motion2scene"", ""icra_eval_41003_layout_05_p8512_motion2scene""]","Descriptive; repeats retained together, not independent motion draws",layout_05
robust,source+layout,motion2scene,41003,2,0,0,"[8511, 8512]","[""icra_eval_41003_layout_06_p8511_motion2scene"", ""icra_eval_41003_layout_06_p8512_motion2scene""]","Descriptive; repeats retained together, not independent motion draws",layout_06
robust,source+layout,motion2scene,41003,2,2,0,"[8511, 8512]","[""icra_eval_41003_layout_07_p8511_motion2scene"", ""icra_eval_41003_layout_07_p8512_motion2scene""]","Descriptive; repeats retained together, not independent motion draws",layout_07
robust,source+layout,motion2scene,41003,2,2,0,"[8511, 8512]","[""icra_eval_41003_layout_08_p8511_motion2scene"", ""icra_eval_41003_layout_08_p8512_motion2scene""]","Descriptive; repeats retained together, not independent motion draws",layout_08
robust,source+layout,motion2scene,41003,2,0,0,"[8511, 8512]","[""icra_eval_41003_layout_09_p8511_motion2scene"", ""icra_eval_41003_layout_09_p8512_motion2scene""]","Descriptive; repeats retained together, not independent motion draws",layout_09
robust,source+layout,motion2scene,41003,2,0,0,"[8511, 8512]","[""icra_eval_41003_layout_10_p8511_motion2scene"", ""icra_eval_41003_layout_10_p8512_motion2scene""]","Descriptive; repeats retained together, not independent motion draws",layout_10
robust,source+layout,motion2scene,41003,2,2,0,"[8511, 8512]","[""icra_eval_41003_layout_11_p8511_motion2scene"", ""icra_eval_41003_layout_11_p8512_motion2scene""]","Descriptive; repeats retained together, not independent motion draws",layout_11
robust,source+layout,no_contrast,41001,2,0,0,"[8511, 8512]","[""icra_eval_41001_layout_00_p8511_no_contrast"", ""icra_eval_41001_layout_00_p8512_no_contrast""]","Descriptive; repeats retained together, not independent motion draws",layout_00
robust,source+layout,no_contrast,41001,2,0,0,"[8511, 8512]","[""icra_eval_41001_layout_01_p8511_no_contrast"", ""icra_eval_41001_layout_01_p8512_no_contrast""]","Descriptive; repeats retained together, not independent motion draws",layout_01
robust,source+layout,no_contrast,41001,2,2,0,"[8511, 8512]","[""icra_eval_41001_layout_02_p8511_no_contrast"", ""icra_eval_41001_layout_02_p8512_no_contrast""]","Descriptive; repeats retained together, not independent motion draws",layout_02
robust,source+layout,no_contrast,41001,2,0,0,"[8511, 8512]","[""icra_eval_41001_layout_03_p8511_no_contrast"", ""icra_eval_41001_layout_03_p8512_no_contrast""]","Descriptive; repeats retained together, not independent motion draws",layout_03
robust,source+layout,no_contrast,41001,2,0,0,"[8511, 8512]","[""icra_eval_41001_layout_04_p8511_no_contrast"", ""icra_eval_41001_layout_04_p8512_no_contrast""]","Descriptive; repeats retained together, not independent motion draws",layout_04
robust,source+layout,no_contrast,41001,2,2,0,"[8511, 8512]","[""icra_eval_41001_layout_05_p8511_no_contrast"", ""icra_eval_41001_layout_05_p8512_no_contrast""]","Descriptive; repeats retained together, not independent motion draws",layout_05
robust,source+layout,no_contrast,41001,2,0,0,"[8511, 8512]","[""icra_eval_41001_layout_06_p8511_no_contrast"", ""icra_eval_41001_layout_06_p8512_no_contrast""]","Descriptive; repeats retained together, not independent motion draws",layout_06
robust,source+layout,no_contrast,41001,2,0,0,"[8511, 8512]","[""icra_eval_41001_layout_07_p8511_no_contrast"", ""icra_eval_41001_layout_07_p8512_no_contrast""]","Descriptive; repeats retained together, not independent motion draws",layout_07
robust,source+layout,no_contrast,41001,2,2,0,"[8511, 8512]","[""icra_eval_41001_layout_08_p8511_no_contrast"", ""icra_eval_41001_layout_08_p8512_no_contrast""]","Descriptive; repeats retained together, not independent motion draws",layout_08
robust,source+layout,no_contrast,41001,2,0,0,"[8511, 8512]","[""icra_eval_41001_layout_09_p8511_no_contrast"", ""icra_eval_41001_layout_09_p8512_no_contrast""]","Descriptive; repeats retained together, not independent motion draws",layout_09
robust,source+layout,no_contrast,41001,2,0,0,"[8511, 8512]","[""icra_eval_41001_layout_10_p8511_no_contrast"", ""icra_eval_41001_layout_10_p8512_no_contrast""]","Descriptive; repeats retained together, not independent motion draws",layout_10
robust,source+layout,no_contrast,41001,2,2,0,"[8511, 8512]","[""icra_eval_41001_layout_11_p8511_no_contrast"", ""icra_eval_41001_layout_11_p8512_no_contrast""]","Descriptive; repeats retained together, not independent motion draws",layout_11
robust,source+layout,no_contrast,41002,2,0,0,"[8511, 8512]","[""icra_eval_41002_layout_00_p8511_no_contrast"", ""icra_eval_41002_layout_00_p8512_no_contrast""]","Descriptive; repeats retained together, not independent motion draws",layout_00
robust,source+layout,no_contrast,41002,2,1,0,"[8511, 8512]","[""icra_eval_41002_layout_01_p8511_no_contrast"", ""icra_eval_41002_layout_01_p8512_no_contrast""]","Descriptive; repeats retained together, not independent motion draws",layout_01
robust,source+layout,no_contrast,41002,2,2,0,"[8511, 8512]","[""icra_eval_41002_layout_02_p8511_no_contrast"", ""icra_eval_41002_layout_02_p8512_no_contrast""]","Descriptive; repeats retained together, not independent motion draws",layout_02
robust,source+layout,no_contrast,41002,2,0,0,"[8511, 8512]","[""icra_eval_41002_layout_03_p8511_no_contrast"", ""icra_eval_41002_layout_03_p8512_no_contrast""]","Descriptive; repeats retained together, not independent motion draws",layout_03
robust,source+layout,no_contrast,41002,2,0,0,"[8511, 8512]","[""icra_eval_41002_layout_04_p8511_no_contrast"", ""icra_eval_41002_layout_04_p8512_no_contrast""]","Descriptive; repeats retained together, not independent motion draws",layout_04
robust,source+layout,no_contrast,41002,2,2,0,"[8511, 8512]","[""icra_eval_41002_layout_05_p8511_no_contrast"", ""icra_eval_41002_layout_05_p8512_no_contrast""]","Descriptive; repeats retained together, not independent motion draws",layout_05
robust,source+layout,no_contrast,41002,2,0,0,"[8511, 8512]","[""icra_eval_41002_layout_06_p8511_no_contrast"", ""icra_eval_41002_layout_06_p8512_no_contrast""]","Descriptive; repeats retained together, not independent motion draws",layout_06
robust,source+layout,no_contrast,41002,2,0,0,"[8511, 8512]","[""icra_eval_41002_layout_07_p8511_no_contrast"", ""icra_eval_41002_layout_07_p8512_no_contrast""]","Descriptive; repeats retained together, not independent motion draws",layout_07
robust,source+layout,no_contrast,41002,2,2,0,"[8511, 8512]","[""icra_eval_41002_layout_08_p8511_no_contrast"", ""icra_eval_41002_layout_08_p8512_no_contrast""]","Descriptive; repeats retained together, not independent motion draws",layout_08
robust,source+layout,no_contrast,41002,2,0,0,"[8511, 8512]","[""icra_eval_41002_layout_09_p8511_no_contrast"", ""icra_eval_41002_layout_09_p8512_no_contrast""]","Descriptive; repeats retained together, not independent motion draws",layout_09
robust,source+layout,no_contrast,41002,2,1,0,"[8511, 8512]","[""icra_eval_41002_layout_10_p8511_no_contrast"", ""icra_eval_41002_layout_10_p8512_no_contrast""]","Descriptive; repeats retained together, not independent motion draws",layout_10
robust,source+layout,no_contrast,41002,2,2,0,"[8511, 8512]","[""icra_eval_41002_layout_11_p8511_no_contrast"", ""icra_eval_41002_layout_11_p8512_no_contrast""]","Descriptive; repeats retained together, not independent motion draws",layout_11
robust,source+layout,no_contrast,41003,2,0,0,"[8511, 8512]","[""icra_eval_41003_layout_00_p8511_no_contrast"", ""icra_eval_41003_layout_00_p8512_no_contrast""]","Descriptive; repeats retained together, not independent motion draws",layout_00
robust,source+layout,no_contrast,41003,2,0,0,"[8511, 8512]","[""icra_eval_41003_layout_01_p8511_no_contrast"", ""icra_eval_41003_layout_01_p8512_no_contrast""]","Descriptive; repeats retained together, not independent motion draws",layout_01
robust,source+layout,no_contrast,41003,2,2,0,"[8511, 8512]","[""icra_eval_41003_layout_02_p8511_no_contrast"", ""icra_eval_41003_layout_02_p8512_no_contrast""]","Descriptive; repeats retained together, not independent motion draws",layout_02
robust,source+layout,no_contrast,41003,2,0,0,"[8511, 8512]","[""icra_eval_41003_layout_03_p8511_no_contrast"", ""icra_eval_41003_layout_03_p8512_no_contrast""]","Descriptive; repeats retained together, not independent motion draws",layout_03
robust,source+layout,no_contrast,41003,2,0,0,"[8511, 8512]","[""icra_eval_41003_layout_04_p8511_no_contrast"", ""icra_eval_41003_layout_04_p8512_no_contrast""]","Descriptive; repeats retained together, not independent motion draws",layout_04
robust,source+layout,no_contrast,41003,2,2,0,"[8511, 8512]","[""icra_eval_41003_layout_05_p8511_no_contrast"", ""icra_eval_41003_layout_05_p8512_no_contrast""]","Descriptive; repeats retained together, not independent motion draws",layout_05
robust,source+layout,no_contrast,41003,2,0,0,"[8511, 8512]","[""icra_eval_41003_layout_06_p8511_no_contrast"", ""icra_eval_41003_layout_06_p8512_no_contrast""]","Descriptive; repeats retained together, not independent motion draws",layout_06
robust,source+layout,no_contrast,41003,2,2,0,"[8511, 8512]","[""icra_eval_41003_layout_07_p8511_no_contrast"", ""icra_eval_41003_layout_07_p8512_no_contrast""]","Descriptive; repeats retained together, not independent motion draws",layout_07
robust,source+layout,no_contrast,41003,2,2,0,"[8511, 8512]","[""icra_eval_41003_layout_08_p8511_no_contrast"", ""icra_eval_41003_layout_08_p8512_no_contrast""]","Descriptive; repeats retained together, not independent motion draws",layout_08
robust,source+layout,no_contrast,41003,2,0,0,"[8511, 8512]","[""icra_eval_41003_layout_09_p8511_no_contrast"", ""icra_eval_41003_layout_09_p8512_no_contrast""]","Descriptive; repeats retained together, not independent motion draws",layout_09
robust,source+layout,no_contrast,41003,2,0,0,"[8511, 8512]","[""icra_eval_41003_layout_10_p8511_no_contrast"", ""icra_eval_41003_layout_10_p8512_no_contrast""]","Descriptive; repeats retained together, not independent motion draws",layout_10
robust,source+layout,no_contrast,41003,2,2,0,"[8511, 8512]","[""icra_eval_41003_layout_11_p8511_no_contrast"", ""icra_eval_41003_layout_11_p8512_no_contrast""]","Descriptive; repeats retained together, not independent motion draws",layout_11
robust,source+layout,privileged_geometry,41001,2,0,0,"[8511, 8512]","[""icra_eval_41001_layout_00_p8511_privileged_geometry"", ""icra_eval_41001_layout_00_p8512_privileged_geometry""]","Descriptive; repeats retained together, not independent motion draws",layout_00
robust,source+layout,privileged_geometry,41001,2,0,0,"[8511, 8512]","[""icra_eval_41001_layout_01_p8511_privileged_geometry"", ""icra_eval_41001_layout_01_p8512_privileged_geometry""]","Descriptive; repeats retained together, not independent motion draws",layout_01
robust,source+layout,privileged_geometry,41001,2,2,0,"[8511, 8512]","[""icra_eval_41001_layout_02_p8511_privileged_geometry"", ""icra_eval_41001_layout_02_p8512_privileged_geometry""]","Descriptive; repeats retained together, not independent motion draws",layout_02
robust,source+layout,privileged_geometry,41001,2,0,0,"[8511, 8512]","[""icra_eval_41001_layout_03_p8511_privileged_geometry"", ""icra_eval_41001_layout_03_p8512_privileged_geometry""]","Descriptive; repeats retained together, not independent motion draws",layout_03
robust,source+layout,privileged_geometry,41001,2,2,2,"[8511, 8512]","[""icra_eval_41001_layout_04_p8511_privileged_geometry"", ""icra_eval_41001_layout_04_p8512_privileged_geometry""]","Descriptive; repeats retained together, not independent motion draws",layout_04
robust,source+layout,privileged_geometry,41001,2,2,0,"[8511, 8512]","[""icra_eval_41001_layout_05_p8511_privileged_geometry"", ""icra_eval_41001_layout_05_p8512_privileged_geometry""]","Descriptive; repeats retained together, not independent motion draws",layout_05
robust,source+layout,privileged_geometry,41001,2,0,0,"[8511, 8512]","[""icra_eval_41001_layout_06_p8511_privileged_geometry"", ""icra_eval_41001_layout_06_p8512_privileged_geometry""]","Descriptive; repeats retained together, not independent motion draws",layout_06
robust,source+layout,privileged_geometry,41001,2,2,2,"[8511, 8512]","[""icra_eval_41001_layout_07_p8511_privileged_geometry"", ""icra_eval_41001_layout_07_p8512_privileged_geometry""]","Descriptive; repeats retained together, not independent motion draws",layout_07
robust,source+layout,privileged_geometry,41001,2,2,0,"[8511, 8512]","[""icra_eval_41001_layout_08_p8511_privileged_geometry"", ""icra_eval_41001_layout_08_p8512_privileged_geometry""]","Descriptive; repeats retained together, not independent motion draws",layout_08
robust,source+layout,privileged_geometry,41001,2,0,0,"[8511, 8512]","[""icra_eval_41001_layout_09_p8511_privileged_geometry"", ""icra_eval_41001_layout_09_p8512_privileged_geometry""]","Descriptive; repeats retained together, not independent motion draws",layout_09
robust,source+layout,privileged_geometry,41001,2,0,0,"[8511, 8512]","[""icra_eval_41001_layout_10_p8511_privileged_geometry"", ""icra_eval_41001_layout_10_p8512_privileged_geometry""]","Descriptive; repeats retained together, not independent motion draws",layout_10
robust,source+layout,privileged_geometry,41001,2,2,0,"[8511, 8512]","[""icra_eval_41001_layout_11_p8511_privileged_geometry"", ""icra_eval_41001_layout_11_p8512_privileged_geometry""]","Descriptive; repeats retained together, not independent motion draws",layout_11
robust,source+layout,privileged_geometry,41002,2,0,0,"[8511, 8512]","[""icra_eval_41002_layout_00_p8511_privileged_geometry"", ""icra_eval_41002_layout_00_p8512_privileged_geometry""]","Descriptive; repeats retained together, not independent motion draws",layout_00
robust,source+layout,privileged_geometry,41002,2,1,0,"[8511, 8512]","[""icra_eval_41002_layout_01_p8511_privileged_geometry"", ""icra_eval_41002_layout_01_p8512_privileged_geometry""]","Descriptive; repeats retained together, not independent motion draws",layout_01
robust,source+layout,privileged_geometry,41002,2,2,0,"[8511, 8512]","[""icra_eval_41002_layout_02_p8511_privileged_geometry"", ""icra_eval_41002_layout_02_p8512_privileged_geometry""]","Descriptive; repeats retained together, not independent motion draws",layout_02
robust,source+layout,privileged_geometry,41002,2,0,0,"[8511, 8512]","[""icra_eval_41002_layout_03_p8511_privileged_geometry"", ""icra_eval_41002_layout_03_p8512_privileged_geometry""]","Descriptive; repeats retained together, not independent motion draws",layout_03
robust,source+layout,privileged_geometry,41002,2,0,0,"[8511, 8512]","[""icra_eval_41002_layout_04_p8511_privileged_geometry"", ""icra_eval_41002_layout_04_p8512_privileged_geometry""]","Descriptive; repeats retained together, not independent motion draws",layout_04
robust,source+layout,privileged_geometry,41002,2,2,0,"[8511, 8512]","[""icra_eval_41002_layout_05_p8511_privileged_geometry"", ""icra_eval_41002_layout_05_p8512_privileged_geometry""]","Descriptive; repeats retained together, not independent motion draws",layout_05
robust,source+layout,privileged_geometry,41002,2,0,0,"[8511, 8512]","[""icra_eval_41002_layout_06_p8511_privileged_geometry"", ""icra_eval_41002_layout_06_p8512_privileged_geometry""]","Descriptive; repeats retained together, not independent motion draws",layout_06
robust,source+layout,privileged_geometry,41002,2,0,0,"[8511, 8512]","[""icra_eval_41002_layout_07_p8511_privileged_geometry"", ""icra_eval_41002_layout_07_p8512_privileged_geometry""]","Descriptive; repeats retained together, not independent motion draws",layout_07
robust,source+layout,privileged_geometry,41002,2,2,0,"[8511, 8512]","[""icra_eval_41002_layout_08_p8511_privileged_geometry"", ""icra_eval_41002_layout_08_p8512_privileged_geometry""]","Descriptive; repeats retained together, not independent motion draws",layout_08
robust,source+layout,privileged_geometry,41002,2,0,0,"[8511, 8512]","[""icra_eval_41002_layout_09_p8511_privileged_geometry"", ""icra_eval_41002_layout_09_p8512_privileged_geometry""]","Descriptive; repeats retained together, not independent motion draws",layout_09
robust,source+layout,privileged_geometry,41002,2,2,2,"[8511, 8512]","[""icra_eval_41002_layout_10_p8511_privileged_geometry"", ""icra_eval_41002_layout_10_p8512_privileged_geometry""]","Descriptive; repeats retained together, not independent motion draws",layout_10
robust,source+layout,privileged_geometry,41002,2,2,0,"[8511, 8512]","[""icra_eval_41002_layout_11_p8511_privileged_geometry"", ""icra_eval_41002_layout_11_p8512_privileged_geometry""]","Descriptive; repeats retained together, not independent motion draws",layout_11
robust,source+layout,privileged_geometry,41003,2,0,0,"[8511, 8512]","[""icra_eval_41003_layout_00_p8511_privileged_geometry"", ""icra_eval_41003_layout_00_p8512_privileged_geometry""]","Descriptive; repeats retained together, not independent motion draws",layout_00
robust,source+layout,privileged_geometry,41003,2,2,2,"[8511, 8512]","[""icra_eval_41003_layout_01_p8511_privileged_geometry"", ""icra_eval_41003_layout_01_p8512_privileged_geometry""]","Descriptive; repeats retained together, not independent motion draws",layout_01
robust,source+layout,privileged_geometry,41003,2,2,0,"[8511, 8512]","[""icra_eval_41003_layout_02_p8511_privileged_geometry"", ""icra_eval_41003_layout_02_p8512_privileged_geometry""]","Descriptive; repeats retained together, not independent motion draws",layout_02
robust,source+layout,privileged_geometry,41003,2,0,0,"[8511, 8512]","[""icra_eval_41003_layout_03_p8511_privileged_geometry"", ""icra_eval_41003_layout_03_p8512_privileged_geometry""]","Descriptive; repeats retained together, not independent motion draws",layout_03
robust,source+layout,privileged_geometry,41003,2,2,2,"[8511, 8512]","[""icra_eval_41003_layout_04_p8511_privileged_geometry"", ""icra_eval_41003_layout_04_p8512_privileged_geometry""]","Descriptive; repeats retained together, not independent motion draws",layout_04
robust,source+layout,privileged_geometry,41003,2,2,0,"[8511, 8512]","[""icra_eval_41003_layout_05_p8511_privileged_geometry"", ""icra_eval_41003_layout_05_p8512_privileged_geometry""]","Descriptive; repeats retained together, not independent motion draws",layout_05
robust,source+layout,privileged_geometry,41003,2,0,0,"[8511, 8512]","[""icra_eval_41003_layout_06_p8511_privileged_geometry"", ""icra_eval_41003_layout_06_p8512_privileged_geometry""]","Descriptive; repeats retained together, not independent motion draws",layout_06
robust,source+layout,privileged_geometry,41003,2,2,2,"[8511, 8512]","[""icra_eval_41003_layout_07_p8511_privileged_geometry"", ""icra_eval_41003_layout_07_p8512_privileged_geometry""]","Descriptive; repeats retained together, not independent motion draws",layout_07
robust,source+layout,privileged_geometry,41003,2,2,0,"[8511, 8512]","[""icra_eval_41003_layout_08_p8511_privileged_geometry"", ""icra_eval_41003_layout_08_p8512_privileged_geometry""]","Descriptive; repeats retained together, not independent motion draws",layout_08
robust,source+layout,privileged_geometry,41003,2,0,0,"[8511, 8512]","[""icra_eval_41003_layout_09_p8511_privileged_geometry"", ""icra_eval_41003_layout_09_p8512_privileged_geometry""]","Descriptive; repeats retained together, not independent motion draws",layout_09
robust,source+layout,privileged_geometry,41003,2,2,2,"[8511, 8512]","[""icra_eval_41003_layout_10_p8511_privileged_geometry"", ""icra_eval_41003_layout_10_p8512_privileged_geometry""]","Descriptive; repeats retained together, not independent motion draws",layout_10
robust,source+layout,privileged_geometry,41003,2,2,0,"[8511, 8512]","[""icra_eval_41003_layout_11_p8511_privileged_geometry"", ""icra_eval_41003_layout_11_p8512_privileged_geometry""]","Descriptive; repeats retained together, not independent motion draws",layout_11
robust,source+layout,scripted_rays,41001,2,0,2,"[8511, 8512]","[""icra_eval_41001_layout_00_p8511_scripted_rays"", ""icra_eval_41001_layout_00_p8512_scripted_rays""]","Descriptive; repeats retained together, not independent motion draws",layout_00
robust,source+layout,scripted_rays,41001,2,1,2,"[8511, 8512]","[""icra_eval_41001_layout_01_p8511_scripted_rays"", ""icra_eval_41001_layout_01_p8512_scripted_rays""]","Descriptive; repeats retained together, not independent motion draws",layout_01
robust,source+layout,scripted_rays,41001,2,2,0,"[8511, 8512]","[""icra_eval_41001_layout_02_p8511_scripted_rays"", ""icra_eval_41001_layout_02_p8512_scripted_rays""]","Descriptive; repeats retained together, not independent motion draws",layout_02
robust,source+layout,scripted_rays,41001,2,0,0,"[8511, 8512]","[""icra_eval_41001_layout_03_p8511_scripted_rays"", ""icra_eval_41001_layout_03_p8512_scripted_rays""]","Descriptive; repeats retained together, not independent motion draws",layout_03
robust,source+layout,scripted_rays,41001,2,2,2,"[8511, 8512]","[""icra_eval_41001_layout_04_p8511_scripted_rays"", ""icra_eval_41001_layout_04_p8512_scripted_rays""]","Descriptive; repeats retained together, not independent motion draws",layout_04
robust,source+layout,scripted_rays,41001,2,2,2,"[8511, 8512]","[""icra_eval_41001_layout_05_p8511_scripted_rays"", ""icra_eval_41001_layout_05_p8512_scripted_rays""]","Descriptive; repeats retained together, not independent motion draws",layout_05
robust,source+layout,scripted_rays,41001,2,0,0,"[8511, 8512]","[""icra_eval_41001_layout_06_p8511_scripted_rays"", ""icra_eval_41001_layout_06_p8512_scripted_rays""]","Descriptive; repeats retained together, not independent motion draws",layout_06
robust,source+layout,scripted_rays,41001,2,2,2,"[8511, 8512]","[""icra_eval_41001_layout_07_p8511_scripted_rays"", ""icra_eval_41001_layout_07_p8512_scripted_rays""]","Descriptive; repeats retained together, not independent motion draws",layout_07
robust,source+layout,scripted_rays,41001,2,2,0,"[8511, 8512]","[""icra_eval_41001_layout_08_p8511_scripted_rays"", ""icra_eval_41001_layout_08_p8512_scripted_rays""]","Descriptive; repeats retained together, not independent motion draws",layout_08
robust,source+layout,scripted_rays,41001,2,0,0,"[8511, 8512]","[""icra_eval_41001_layout_09_p8511_scripted_rays"", ""icra_eval_41001_layout_09_p8512_scripted_rays""]","Descriptive; repeats retained together, not independent motion draws",layout_09
robust,source+layout,scripted_rays,41001,2,2,2,"[8511, 8512]","[""icra_eval_41001_layout_10_p8511_scripted_rays"", ""icra_eval_41001_layout_10_p8512_scripted_rays""]","Descriptive; repeats retained together, not independent motion draws",layout_10
robust,source+layout,scripted_rays,41001,2,2,2,"[8511, 8512]","[""icra_eval_41001_layout_11_p8511_scripted_rays"", ""icra_eval_41001_layout_11_p8512_scripted_rays""]","Descriptive; repeats retained together, not independent motion draws",layout_11
robust,source+layout,scripted_rays,41002,2,0,2,"[8511, 8512]","[""icra_eval_41002_layout_00_p8511_scripted_rays"", ""icra_eval_41002_layout_00_p8512_scripted_rays""]","Descriptive; repeats retained together, not independent motion draws",layout_00
robust,source+layout,scripted_rays,41002,2,2,2,"[8511, 8512]","[""icra_eval_41002_layout_01_p8511_scripted_rays"", ""icra_eval_41002_layout_01_p8512_scripted_rays""]","Descriptive; repeats retained together, not independent motion draws",layout_01
robust,source+layout,scripted_rays,41002,2,2,0,"[8511, 8512]","[""icra_eval_41002_layout_02_p8511_scripted_rays"", ""icra_eval_41002_layout_02_p8512_scripted_rays""]","Descriptive; repeats retained together, not independent motion draws",layout_02
robust,source+layout,scripted_rays,41002,2,0,2,"[8511, 8512]","[""icra_eval_41002_layout_03_p8511_scripted_rays"", ""icra_eval_41002_layout_03_p8512_scripted_rays""]","Descriptive; repeats retained together, not independent motion draws",layout_03
robust,source+layout,scripted_rays,41002,2,2,2,"[8511, 8512]","[""icra_eval_41002_layout_04_p8511_scripted_rays"", ""icra_eval_41002_layout_04_p8512_scripted_rays""]","Descriptive; repeats retained together, not independent motion draws",layout_04
robust,source+layout,scripted_rays,41002,2,2,2,"[8511, 8512]","[""icra_eval_41002_layout_05_p8511_scripted_rays"", ""icra_eval_41002_layout_05_p8512_scripted_rays""]","Descriptive; repeats retained together, not independent motion draws",layout_05
robust,source+layout,scripted_rays,41002,2,0,2,"[8511, 8512]","[""icra_eval_41002_layout_06_p8511_scripted_rays"", ""icra_eval_41002_layout_06_p8512_scripted_rays""]","Descriptive; repeats retained together, not independent motion draws",layout_06
robust,source+layout,scripted_rays,41002,2,2,2,"[8511, 8512]","[""icra_eval_41002_layout_07_p8511_scripted_rays"", ""icra_eval_41002_layout_07_p8512_scripted_rays""]","Descriptive; repeats retained together, not independent motion draws",layout_07
robust,source+layout,scripted_rays,41002,2,2,2,"[8511, 8512]","[""icra_eval_41002_layout_08_p8511_scripted_rays"", ""icra_eval_41002_layout_08_p8512_scripted_rays""]","Descriptive; repeats retained together, not independent motion draws",layout_08
robust,source+layout,scripted_rays,41002,2,0,0,"[8511, 8512]","[""icra_eval_41002_layout_09_p8511_scripted_rays"", ""icra_eval_41002_layout_09_p8512_scripted_rays""]","Descriptive; repeats retained together, not independent motion draws",layout_09
robust,source+layout,scripted_rays,41002,2,2,2,"[8511, 8512]","[""icra_eval_41002_layout_10_p8511_scripted_rays"", ""icra_eval_41002_layout_10_p8512_scripted_rays""]","Descriptive; repeats retained together, not independent motion draws",layout_10
robust,source+layout,scripted_rays,41002,2,2,0,"[8511, 8512]","[""icra_eval_41002_layout_11_p8511_scripted_rays"", ""icra_eval_41002_layout_11_p8512_scripted_rays""]","Descriptive; repeats retained together, not independent motion draws",layout_11
robust,source+layout,scripted_rays,41003,2,0,2,"[8511, 8512]","[""icra_eval_41003_layout_00_p8511_scripted_rays"", ""icra_eval_41003_layout_00_p8512_scripted_rays""]","Descriptive; repeats retained together, not independent motion draws",layout_00
robust,source+layout,scripted_rays,41003,2,2,2,"[8511, 8512]","[""icra_eval_41003_layout_01_p8511_scripted_rays"", ""icra_eval_41003_layout_01_p8512_scripted_rays""]","Descriptive; repeats retained together, not independent motion draws",layout_01
robust,source+layout,scripted_rays,41003,2,2,0,"[8511, 8512]","[""icra_eval_41003_layout_02_p8511_scripted_rays"", ""icra_eval_41003_layout_02_p8512_scripted_rays""]","Descriptive; repeats retained together, not independent motion draws",layout_02
robust,source+layout,scripted_rays,41003,2,0,1,"[8511, 8512]","[""icra_eval_41003_layout_03_p8511_scripted_rays"", ""icra_eval_41003_layout_03_p8512_scripted_rays""]","Descriptive; repeats retained together, not independent motion draws",layout_03
robust,source+layout,scripted_rays,41003,2,2,2,"[8511, 8512]","[""icra_eval_41003_layout_04_p8511_scripted_rays"", ""icra_eval_41003_layout_04_p8512_scripted_rays""]","Descriptive; repeats retained together, not independent motion draws",layout_04
robust,source+layout,scripted_rays,41003,2,2,2,"[8511, 8512]","[""icra_eval_41003_layout_05_p8511_scripted_rays"", ""icra_eval_41003_layout_05_p8512_scripted_rays""]","Descriptive; repeats retained together, not independent motion draws",layout_05
robust,source+layout,scripted_rays,41003,2,0,0,"[8511, 8512]","[""icra_eval_41003_layout_06_p8511_scripted_rays"", ""icra_eval_41003_layout_06_p8512_scripted_rays""]","Descriptive; repeats retained together, not independent motion draws",layout_06
robust,source+layout,scripted_rays,41003,2,2,2,"[8511, 8512]","[""icra_eval_41003_layout_07_p8511_scripted_rays"", ""icra_eval_41003_layout_07_p8512_scripted_rays""]","Descriptive; repeats retained together, not independent motion draws",layout_07
robust,source+layout,scripted_rays,41003,2,2,0,"[8511, 8512]","[""icra_eval_41003_layout_08_p8511_scripted_rays"", ""icra_eval_41003_layout_08_p8512_scripted_rays""]","Descriptive; repeats retained together, not independent motion draws",layout_08
robust,source+layout,scripted_rays,41003,2,0,0,"[8511, 8512]","[""icra_eval_41003_layout_09_p8511_scripted_rays"", ""icra_eval_41003_layout_09_p8512_scripted_rays""]","Descriptive; repeats retained together, not independent motion draws",layout_09
robust,source+layout,scripted_rays,41003,2,1,1,"[8511, 8512]","[""icra_eval_41003_layout_10_p8511_scripted_rays"", ""icra_eval_41003_layout_10_p8512_scripted_rays""]","Descriptive; repeats retained together, not independent motion draws",layout_10
robust,source+layout,scripted_rays,41003,2,2,2,"[8511, 8512]","[""icra_eval_41003_layout_11_p8511_scripted_rays"", ""icra_eval_41003_layout_11_p8512_scripted_rays""]","Descriptive; repeats retained together, not independent motion draws",layout_11
robust,source+layout,uniform,41001,2,0,0,"[8511, 8512]","[""icra_eval_41001_layout_00_p8511_uniform"", ""icra_eval_41001_layout_00_p8512_uniform""]","Descriptive; repeats retained together, not independent motion draws",layout_00
robust,source+layout,uniform,41001,2,0,0,"[8511, 8512]","[""icra_eval_41001_layout_01_p8511_uniform"", ""icra_eval_41001_layout_01_p8512_uniform""]","Descriptive; repeats retained together, not independent motion draws",layout_01
robust,source+layout,uniform,41001,2,2,0,"[8511, 8512]","[""icra_eval_41001_layout_02_p8511_uniform"", ""icra_eval_41001_layout_02_p8512_uniform""]","Descriptive; repeats retained together, not independent motion draws",layout_02
robust,source+layout,uniform,41001,2,0,0,"[8511, 8512]","[""icra_eval_41001_layout_03_p8511_uniform"", ""icra_eval_41001_layout_03_p8512_uniform""]","Descriptive; repeats retained together, not independent motion draws",layout_03
robust,source+layout,uniform,41001,2,0,0,"[8511, 8512]","[""icra_eval_41001_layout_04_p8511_uniform"", ""icra_eval_41001_layout_04_p8512_uniform""]","Descriptive; repeats retained together, not independent motion draws",layout_04
robust,source+layout,uniform,41001,2,2,0,"[8511, 8512]","[""icra_eval_41001_layout_05_p8511_uniform"", ""icra_eval_41001_layout_05_p8512_uniform""]","Descriptive; repeats retained together, not independent motion draws",layout_05
robust,source+layout,uniform,41001,2,0,0,"[8511, 8512]","[""icra_eval_41001_layout_06_p8511_uniform"", ""icra_eval_41001_layout_06_p8512_uniform""]","Descriptive; repeats retained together, not independent motion draws",layout_06
robust,source+layout,uniform,41001,2,0,0,"[8511, 8512]","[""icra_eval_41001_layout_07_p8511_uniform"", ""icra_eval_41001_layout_07_p8512_uniform""]","Descriptive; repeats retained together, not independent motion draws",layout_07
robust,source+layout,uniform,41001,2,2,0,"[8511, 8512]","[""icra_eval_41001_layout_08_p8511_uniform"", ""icra_eval_41001_layout_08_p8512_uniform""]","Descriptive; repeats retained together, not independent motion draws",layout_08
robust,source+layout,uniform,41001,2,0,0,"[8511, 8512]","[""icra_eval_41001_layout_09_p8511_uniform"", ""icra_eval_41001_layout_09_p8512_uniform""]","Descriptive; repeats retained together, not independent motion draws",layout_09
robust,source+layout,uniform,41001,2,0,0,"[8511, 8512]","[""icra_eval_41001_layout_10_p8511_uniform"", ""icra_eval_41001_layout_10_p8512_uniform""]","Descriptive; repeats retained together, not independent motion draws",layout_10
robust,source+layout,uniform,41001,2,2,0,"[8511, 8512]","[""icra_eval_41001_layout_11_p8511_uniform"", ""icra_eval_41001_layout_11_p8512_uniform""]","Descriptive; repeats retained together, not independent motion draws",layout_11
robust,source+layout,uniform,41002,2,0,0,"[8511, 8512]","[""icra_eval_41002_layout_00_p8511_uniform"", ""icra_eval_41002_layout_00_p8512_uniform""]","Descriptive; repeats retained together, not independent motion draws",layout_00
robust,source+layout,uniform,41002,2,1,0,"[8511, 8512]","[""icra_eval_41002_layout_01_p8511_uniform"", ""icra_eval_41002_layout_01_p8512_uniform""]","Descriptive; repeats retained together, not independent motion draws",layout_01
robust,source+layout,uniform,41002,2,2,0,"[8511, 8512]","[""icra_eval_41002_layout_02_p8511_uniform"", ""icra_eval_41002_layout_02_p8512_uniform""]","Descriptive; repeats retained together, not independent motion draws",layout_02
robust,source+layout,uniform,41002,2,0,0,"[8511, 8512]","[""icra_eval_41002_layout_03_p8511_uniform"", ""icra_eval_41002_layout_03_p8512_uniform""]","Descriptive; repeats retained together, not independent motion draws",layout_03
robust,source+layout,uniform,41002,2,0,0,"[8511, 8512]","[""icra_eval_41002_layout_04_p8511_uniform"", ""icra_eval_41002_layout_04_p8512_uniform""]","Descriptive; repeats retained together, not independent motion draws",layout_04
robust,source+layout,uniform,41002,2,2,0,"[8511, 8512]","[""icra_eval_41002_layout_05_p8511_uniform"", ""icra_eval_41002_layout_05_p8512_uniform""]","Descriptive; repeats retained together, not independent motion draws",layout_05
robust,source+layout,uniform,41002,2,0,0,"[8511, 8512]","[""icra_eval_41002_layout_06_p8511_uniform"", ""icra_eval_41002_layout_06_p8512_uniform""]","Descriptive; repeats retained together, not independent motion draws",layout_06
robust,source+layout,uniform,41002,2,0,0,"[8511, 8512]","[""icra_eval_41002_layout_07_p8511_uniform"", ""icra_eval_41002_layout_07_p8512_uniform""]","Descriptive; repeats retained together, not independent motion draws",layout_07
robust,source+layout,uniform,41002,2,2,0,"[8511, 8512]","[""icra_eval_41002_layout_08_p8511_uniform"", ""icra_eval_41002_layout_08_p8512_uniform""]","Descriptive; repeats retained together, not independent motion draws",layout_08
robust,source+layout,uniform,41002,2,0,0,"[8511, 8512]","[""icra_eval_41002_layout_09_p8511_uniform"", ""icra_eval_41002_layout_09_p8512_uniform""]","Descriptive; repeats retained together, not independent motion draws",layout_09
robust,source+layout,uniform,41002,2,1,0,"[8511, 8512]","[""icra_eval_41002_layout_10_p8511_uniform"", ""icra_eval_41002_layout_10_p8512_uniform""]","Descriptive; repeats retained together, not independent motion draws",layout_10
robust,source+layout,uniform,41002,2,2,0,"[8511, 8512]","[""icra_eval_41002_layout_11_p8511_uniform"", ""icra_eval_41002_layout_11_p8512_uniform""]","Descriptive; repeats retained together, not independent motion draws",layout_11
robust,source+layout,uniform,41003,2,0,0,"[8511, 8512]","[""icra_eval_41003_layout_00_p8511_uniform"", ""icra_eval_41003_layout_00_p8512_uniform""]","Descriptive; repeats retained together, not independent motion draws",layout_00
robust,source+layout,uniform,41003,2,0,0,"[8511, 8512]","[""icra_eval_41003_layout_01_p8511_uniform"", ""icra_eval_41003_layout_01_p8512_uniform""]","Descriptive; repeats retained together, not independent motion draws",layout_01
robust,source+layout,uniform,41003,2,2,0,"[8511, 8512]","[""icra_eval_41003_layout_02_p8511_uniform"", ""icra_eval_41003_layout_02_p8512_uniform""]","Descriptive; repeats retained together, not independent motion draws",layout_02
robust,source+layout,uniform,41003,2,0,0,"[8511, 8512]","[""icra_eval_41003_layout_03_p8511_uniform"", ""icra_eval_41003_layout_03_p8512_uniform""]","Descriptive; repeats retained together, not independent motion draws",layout_03
robust,source+layout,uniform,41003,2,0,0,"[8511, 8512]","[""icra_eval_41003_layout_04_p8511_uniform"", ""icra_eval_41003_layout_04_p8512_uniform""]","Descriptive; repeats retained together, not independent motion draws",layout_04
robust,source+layout,uniform,41003,2,2,0,"[8511, 8512]","[""icra_eval_41003_layout_05_p8511_uniform"", ""icra_eval_41003_layout_05_p8512_uniform""]","Descriptive; repeats retained together, not independent motion draws",layout_05
robust,source+layout,uniform,41003,2,0,0,"[8511, 8512]","[""icra_eval_41003_layout_06_p8511_uniform"", ""icra_eval_41003_layout_06_p8512_uniform""]","Descriptive; repeats retained together, not independent motion draws",layout_06
robust,source+layout,uniform,41003,2,2,0,"[8511, 8512]","[""icra_eval_41003_layout_07_p8511_uniform"", ""icra_eval_41003_layout_07_p8512_uniform""]","Descriptive; repeats retained together, not independent motion draws",layout_07
robust,source+layout,uniform,41003,2,2,0,"[8511, 8512]","[""icra_eval_41003_layout_08_p8511_uniform"", ""icra_eval_41003_layout_08_p8512_uniform""]","Descriptive; repeats retained together, not independent motion draws",layout_08
robust,source+layout,uniform,41003,2,0,0,"[8511, 8512]","[""icra_eval_41003_layout_09_p8511_uniform"", ""icra_eval_41003_layout_09_p8512_uniform""]","Descriptive; repeats retained together, not independent motion draws",layout_09
robust,source+layout,uniform,41003,2,0,0,"[8511, 8512]","[""icra_eval_41003_layout_10_p8511_uniform"", ""icra_eval_41003_layout_10_p8512_uniform""]","Descriptive; repeats retained together, not independent motion draws",layout_10
robust,source+layout,uniform,41003,2,2,0,"[8511, 8512]","[""icra_eval_41003_layout_11_p8511_uniform"", ""icra_eval_41003_layout_11_p8512_uniform""]","Descriptive; repeats retained together, not independent motion draws",layout_11
nominal,source,analytic,41001,12,8,7,[8511],"[""nom_eval_41001_layout_00_p8511_analytic"", ""nom_eval_41001_layout_01_p8511_analytic"", ""nom_eval_41001_layout_02_p8511_analytic"", ""nom_eval_41001_layout_03_p8511_analytic"", ""nom_eval_41001_layout_04_p8511_analytic"", ""nom_eval_41001_layout_05_p8511_analytic"", ""nom_eval_41001_layout_06_p8511_analytic"", ""nom_eval_41001_layout_07_p8511_analytic"", ""nom_eval_41001_layout_08_p8511_analytic"", ""nom_eval_41001_layout_09_p8511_analytic"", ""nom_eval_41001_layout_10_p8511_analytic"", ""nom_eval_41001_layout_11_p8511_analytic""]","Descriptive; repeats retained together, not independent motion draws",
nominal,source,analytic,41002,12,8,9,[8511],"[""nom_eval_41002_layout_00_p8511_analytic"", ""nom_eval_41002_layout_01_p8511_analytic"", ""nom_eval_41002_layout_02_p8511_analytic"", ""nom_eval_41002_layout_03_p8511_analytic"", ""nom_eval_41002_layout_04_p8511_analytic"", ""nom_eval_41002_layout_05_p8511_analytic"", ""nom_eval_41002_layout_06_p8511_analytic"", ""nom_eval_41002_layout_07_p8511_analytic"", ""nom_eval_41002_layout_08_p8511_analytic"", ""nom_eval_41002_layout_09_p8511_analytic"", ""nom_eval_41002_layout_10_p8511_analytic"", ""nom_eval_41002_layout_11_p8511_analytic""]","Descriptive; repeats retained together, not independent motion draws",
nominal,source,analytic,41003,12,8,8,[8511],"[""nom_eval_41003_layout_00_p8511_analytic"", ""nom_eval_41003_layout_01_p8511_analytic"", ""nom_eval_41003_layout_02_p8511_analytic"", ""nom_eval_41003_layout_03_p8511_analytic"", ""nom_eval_41003_layout_04_p8511_analytic"", ""nom_eval_41003_layout_05_p8511_analytic"", ""nom_eval_41003_layout_06_p8511_analytic"", ""nom_eval_41003_layout_07_p8511_analytic"", ""nom_eval_41003_layout_08_p8511_analytic"", ""nom_eval_41003_layout_09_p8511_analytic"", ""nom_eval_41003_layout_10_p8511_analytic"", ""nom_eval_41003_layout_11_p8511_analytic""]","Descriptive; repeats retained together, not independent motion draws",
nominal,source,motion2scene,41001,12,7,5,[8511],"[""nom_eval_41001_layout_00_p8511_motion2scene"", ""nom_eval_41001_layout_01_p8511_motion2scene"", ""nom_eval_41001_layout_02_p8511_motion2scene"", ""nom_eval_41001_layout_03_p8511_motion2scene"", ""nom_eval_41001_layout_04_p8511_motion2scene"", ""nom_eval_41001_layout_05_p8511_motion2scene"", ""nom_eval_41001_layout_06_p8511_motion2scene"", ""nom_eval_41001_layout_07_p8511_motion2scene"", ""nom_eval_41001_layout_08_p8511_motion2scene"", ""nom_eval_41001_layout_09_p8511_motion2scene"", ""nom_eval_41001_layout_10_p8511_motion2scene"", ""nom_eval_41001_layout_11_p8511_motion2scene""]","Descriptive; repeats retained together, not independent motion draws",
nominal,source,motion2scene,41002,12,7,5,[8511],"[""nom_eval_41002_layout_00_p8511_motion2scene"", ""nom_eval_41002_layout_01_p8511_motion2scene"", ""nom_eval_41002_layout_02_p8511_motion2scene"", ""nom_eval_41002_layout_03_p8511_motion2scene"", ""nom_eval_41002_layout_04_p8511_motion2scene"", ""nom_eval_41002_layout_05_p8511_motion2scene"", ""nom_eval_41002_layout_06_p8511_motion2scene"", ""nom_eval_41002_layout_07_p8511_motion2scene"", ""nom_eval_41002_layout_08_p8511_motion2scene"", ""nom_eval_41002_layout_09_p8511_motion2scene"", ""nom_eval_41002_layout_10_p8511_motion2scene"", ""nom_eval_41002_layout_11_p8511_motion2scene""]","Descriptive; repeats retained together, not independent motion draws",
nominal,source,motion2scene,41003,12,8,12,[8511],"[""nom_eval_41003_layout_00_p8511_motion2scene"", ""nom_eval_41003_layout_01_p8511_motion2scene"", ""nom_eval_41003_layout_02_p8511_motion2scene"", ""nom_eval_41003_layout_03_p8511_motion2scene"", ""nom_eval_41003_layout_04_p8511_motion2scene"", ""nom_eval_41003_layout_05_p8511_motion2scene"", ""nom_eval_41003_layout_06_p8511_motion2scene"", ""nom_eval_41003_layout_07_p8511_motion2scene"", ""nom_eval_41003_layout_08_p8511_motion2scene"", ""nom_eval_41003_layout_09_p8511_motion2scene"", ""nom_eval_41003_layout_10_p8511_motion2scene"", ""nom_eval_41003_layout_11_p8511_motion2scene""]","Descriptive; repeats retained together, not independent motion draws",
nominal,source,no_contrast,41001,12,4,0,[8511],"[""nom_eval_41001_layout_00_p8511_no_contrast"", ""nom_eval_41001_layout_01_p8511_no_contrast"", ""nom_eval_41001_layout_02_p8511_no_contrast"", ""nom_eval_41001_layout_03_p8511_no_contrast"", ""nom_eval_41001_layout_04_p8511_no_contrast"", ""nom_eval_41001_layout_05_p8511_no_contrast"", ""nom_eval_41001_layout_06_p8511_no_contrast"", ""nom_eval_41001_layout_07_p8511_no_contrast"", ""nom_eval_41001_layout_08_p8511_no_contrast"", ""nom_eval_41001_layout_09_p8511_no_contrast"", ""nom_eval_41001_layout_10_p8511_no_contrast"", ""nom_eval_41001_layout_11_p8511_no_contrast""]","Descriptive; repeats retained together, not independent motion draws",
nominal,source,no_contrast,41002,12,5,0,[8511],"[""nom_eval_41002_layout_00_p8511_no_contrast"", ""nom_eval_41002_layout_01_p8511_no_contrast"", ""nom_eval_41002_layout_02_p8511_no_contrast"", ""nom_eval_41002_layout_03_p8511_no_contrast"", ""nom_eval_41002_layout_04_p8511_no_contrast"", ""nom_eval_41002_layout_05_p8511_no_contrast"", ""nom_eval_41002_layout_06_p8511_no_contrast"", ""nom_eval_41002_layout_07_p8511_no_contrast"", ""nom_eval_41002_layout_08_p8511_no_contrast"", ""nom_eval_41002_layout_09_p8511_no_contrast"", ""nom_eval_41002_layout_10_p8511_no_contrast"", ""nom_eval_41002_layout_11_p8511_no_contrast""]","Descriptive; repeats retained together, not independent motion draws",
nominal,source,no_contrast,41003,12,5,0,[8511],"[""nom_eval_41003_layout_00_p8511_no_contrast"", ""nom_eval_41003_layout_01_p8511_no_contrast"", ""nom_eval_41003_layout_02_p8511_no_contrast"", ""nom_eval_41003_layout_03_p8511_no_contrast"", ""nom_eval_41003_layout_04_p8511_no_contrast"", ""nom_eval_41003_layout_05_p8511_no_contrast"", ""nom_eval_41003_layout_06_p8511_no_contrast"", ""nom_eval_41003_layout_07_p8511_no_contrast"", ""nom_eval_41003_layout_08_p8511_no_contrast"", ""nom_eval_41003_layout_09_p8511_no_contrast"", ""nom_eval_41003_layout_10_p8511_no_contrast"", ""nom_eval_41003_layout_11_p8511_no_contrast""]","Descriptive; repeats retained together, not independent motion draws",
nominal,source,uniform,41001,12,4,0,[8511],"[""nom_eval_41001_layout_00_p8511_uniform"", ""nom_eval_41001_layout_01_p8511_uniform"", ""nom_eval_41001_layout_02_p8511_uniform"", ""nom_eval_41001_layout_03_p8511_uniform"", ""nom_eval_41001_layout_04_p8511_uniform"", ""nom_eval_41001_layout_05_p8511_uniform"", ""nom_eval_41001_layout_06_p8511_uniform"", ""nom_eval_41001_layout_07_p8511_uniform"", ""nom_eval_41001_layout_08_p8511_uniform"", ""nom_eval_41001_layout_09_p8511_uniform"", ""nom_eval_41001_layout_10_p8511_uniform"", ""nom_eval_41001_layout_11_p8511_uniform""]","Descriptive; repeats retained together, not independent motion draws",
nominal,source,uniform,41002,12,5,0,[8511],"[""nom_eval_41002_layout_00_p8511_uniform"", ""nom_eval_41002_layout_01_p8511_uniform"", ""nom_eval_41002_layout_02_p8511_uniform"", ""nom_eval_41002_layout_03_p8511_uniform"", ""nom_eval_41002_layout_04_p8511_uniform"", ""nom_eval_41002_layout_05_p8511_uniform"", ""nom_eval_41002_layout_06_p8511_uniform"", ""nom_eval_41002_layout_07_p8511_uniform"", ""nom_eval_41002_layout_08_p8511_uniform"", ""nom_eval_41002_layout_09_p8511_uniform"", ""nom_eval_41002_layout_10_p8511_uniform"", ""nom_eval_41002_layout_11_p8511_uniform""]","Descriptive; repeats retained together, not independent motion draws",
nominal,source,uniform,41003,12,5,0,[8511],"[""nom_eval_41003_layout_00_p8511_uniform"", ""nom_eval_41003_layout_01_p8511_uniform"", ""nom_eval_41003_layout_02_p8511_uniform"", ""nom_eval_41003_layout_03_p8511_uniform"", ""nom_eval_41003_layout_04_p8511_uniform"", ""nom_eval_41003_layout_05_p8511_uniform"", ""nom_eval_41003_layout_06_p8511_uniform"", ""nom_eval_41003_layout_07_p8511_uniform"", ""nom_eval_41003_layout_08_p8511_uniform"", ""nom_eval_41003_layout_09_p8511_uniform"", ""nom_eval_41003_layout_10_p8511_uniform"", ""nom_eval_41003_layout_11_p8511_uniform""]","Descriptive; repeats retained together, not independent motion draws",
nominal,layout,analytic,,3,0,3,[8511],"[""nom_eval_41001_layout_00_p8511_analytic"", ""nom_eval_41002_layout_00_p8511_analytic"", ""nom_eval_41003_layout_00_p8511_analytic""]","Descriptive; repeats retained together, not independent motion draws",layout_00
nominal,layout,analytic,,3,3,3,[8511],"[""nom_eval_41001_layout_01_p8511_analytic"", ""nom_eval_41002_layout_01_p8511_analytic"", ""nom_eval_41003_layout_01_p8511_analytic""]","Descriptive; repeats retained together, not independent motion draws",layout_01
nominal,layout,analytic,,3,3,0,[8511],"[""nom_eval_41001_layout_02_p8511_analytic"", ""nom_eval_41002_layout_02_p8511_analytic"", ""nom_eval_41003_layout_02_p8511_analytic""]","Descriptive; repeats retained together, not independent motion draws",layout_02
nominal,layout,analytic,,3,0,2,[8511],"[""nom_eval_41001_layout_03_p8511_analytic"", ""nom_eval_41002_layout_03_p8511_analytic"", ""nom_eval_41003_layout_03_p8511_analytic""]","Descriptive; repeats retained together, not independent motion draws",layout_03
nominal,layout,analytic,,3,3,3,[8511],"[""nom_eval_41001_layout_04_p8511_analytic"", ""nom_eval_41002_layout_04_p8511_analytic"", ""nom_eval_41003_layout_04_p8511_analytic""]","Descriptive; repeats retained together, not independent motion draws",layout_04
nominal,layout,analytic,,3,3,3,[8511],"[""nom_eval_41001_layout_05_p8511_analytic"", ""nom_eval_41002_layout_05_p8511_analytic"", ""nom_eval_41003_layout_05_p8511_analytic""]","Descriptive; repeats retained together, not independent motion draws",layout_05
nominal,layout,analytic,,3,0,1,[8511],"[""nom_eval_41001_layout_06_p8511_analytic"", ""nom_eval_41002_layout_06_p8511_analytic"", ""nom_eval_41003_layout_06_p8511_analytic""]","Descriptive; repeats retained together, not independent motion draws",layout_06
nominal,layout,analytic,,3,3,3,[8511],"[""nom_eval_41001_layout_07_p8511_analytic"", ""nom_eval_41002_layout_07_p8511_analytic"", ""nom_eval_41003_layout_07_p8511_analytic""]","Descriptive; repeats retained together, not independent motion draws",layout_07
nominal,layout,analytic,,3,3,1,[8511],"[""nom_eval_41001_layout_08_p8511_analytic"", ""nom_eval_41002_layout_08_p8511_analytic"", ""nom_eval_41003_layout_08_p8511_analytic""]","Descriptive; repeats retained together, not independent motion draws",layout_08
nominal,layout,analytic,,3,0,0,[8511],"[""nom_eval_41001_layout_09_p8511_analytic"", ""nom_eval_41002_layout_09_p8511_analytic"", ""nom_eval_41003_layout_09_p8511_analytic""]","Descriptive; repeats retained together, not independent motion draws",layout_09
nominal,layout,analytic,,3,3,3,[8511],"[""nom_eval_41001_layout_10_p8511_analytic"", ""nom_eval_41002_layout_10_p8511_analytic"", ""nom_eval_41003_layout_10_p8511_analytic""]","Descriptive; repeats retained together, not independent motion draws",layout_10
nominal,layout,analytic,,3,3,2,[8511],"[""nom_eval_41001_layout_11_p8511_analytic"", ""nom_eval_41002_layout_11_p8511_analytic"", ""nom_eval_41003_layout_11_p8511_analytic""]","Descriptive; repeats retained together, not independent motion draws",layout_11
nominal,layout,motion2scene,,3,0,3,[8511],"[""nom_eval_41001_layout_00_p8511_motion2scene"", ""nom_eval_41002_layout_00_p8511_motion2scene"", ""nom_eval_41003_layout_00_p8511_motion2scene""]","Descriptive; repeats retained together, not independent motion draws",layout_00
nominal,layout,motion2scene,,3,2,1,[8511],"[""nom_eval_41001_layout_01_p8511_motion2scene"", ""nom_eval_41002_layout_01_p8511_motion2scene"", ""nom_eval_41003_layout_01_p8511_motion2scene""]","Descriptive; repeats retained together, not independent motion draws",layout_01
nominal,layout,motion2scene,,3,3,1,[8511],"[""nom_eval_41001_layout_02_p8511_motion2scene"", ""nom_eval_41002_layout_02_p8511_motion2scene"", ""nom_eval_41003_layout_02_p8511_motion2scene""]","Descriptive; repeats retained together, not independent motion draws",layout_02
nominal,layout,motion2scene,,3,0,2,[8511],"[""nom_eval_41001_layout_03_p8511_motion2scene"", ""nom_eval_41002_layout_03_p8511_motion2scene"", ""nom_eval_41003_layout_03_p8511_motion2scene""]","Descriptive; repeats retained together, not independent motion draws",layout_03
nominal,layout,motion2scene,,3,2,2,[8511],"[""nom_eval_41001_layout_04_p8511_motion2scene"", ""nom_eval_41002_layout_04_p8511_motion2scene"", ""nom_eval_41003_layout_04_p8511_motion2scene""]","Descriptive; repeats retained together, not independent motion draws",layout_04
nominal,layout,motion2scene,,3,3,1,[8511],"[""nom_eval_41001_layout_05_p8511_motion2scene"", ""nom_eval_41002_layout_05_p8511_motion2scene"", ""nom_eval_41003_layout_05_p8511_motion2scene""]","Descriptive; repeats retained together, not independent motion draws",layout_05
nominal,layout,motion2scene,,3,0,2,[8511],"[""nom_eval_41001_layout_06_p8511_motion2scene"", ""nom_eval_41002_layout_06_p8511_motion2scene"", ""nom_eval_41003_layout_06_p8511_motion2scene""]","Descriptive; repeats retained together, not independent motion draws",layout_06
nominal,layout,motion2scene,,3,3,3,[8511],"[""nom_eval_41001_layout_07_p8511_motion2scene"", ""nom_eval_41002_layout_07_p8511_motion2scene"", ""nom_eval_41003_layout_07_p8511_motion2scene""]","Descriptive; repeats retained together, not independent motion draws",layout_07
nominal,layout,motion2scene,,3,3,1,[8511],"[""nom_eval_41001_layout_08_p8511_motion2scene"", ""nom_eval_41002_layout_08_p8511_motion2scene"", ""nom_eval_41003_layout_08_p8511_motion2scene""]","Descriptive; repeats retained together, not independent motion draws",layout_08
nominal,layout,motion2scene,,3,0,1,[8511],"[""nom_eval_41001_layout_09_p8511_motion2scene"", ""nom_eval_41002_layout_09_p8511_motion2scene"", ""nom_eval_41003_layout_09_p8511_motion2scene""]","Descriptive; repeats retained together, not independent motion draws",layout_09
nominal,layout,motion2scene,,3,3,3,[8511],"[""nom_eval_41001_layout_10_p8511_motion2scene"", ""nom_eval_41002_layout_10_p8511_motion2scene"", ""nom_eval_41003_layout_10_p8511_motion2scene""]","Descriptive; repeats retained together, not independent motion draws",layout_10
nominal,layout,motion2scene,,3,3,2,[8511],"[""nom_eval_41001_layout_11_p8511_motion2scene"", ""nom_eval_41002_layout_11_p8511_motion2scene"", ""nom_eval_41003_layout_11_p8511_motion2scene""]","Descriptive; repeats retained together, not independent motion draws",layout_11
nominal,layout,no_contrast,,3,0,0,[8511],"[""nom_eval_41001_layout_00_p8511_no_contrast"", ""nom_eval_41002_layout_00_p8511_no_contrast"", ""nom_eval_41003_layout_00_p8511_no_contrast""]","Descriptive; repeats retained together, not independent motion draws",layout_00
nominal,layout,no_contrast,,3,1,0,[8511],"[""nom_eval_41001_layout_01_p8511_no_contrast"", ""nom_eval_41002_layout_01_p8511_no_contrast"", ""nom_eval_41003_layout_01_p8511_no_contrast""]","Descriptive; repeats retained together, not independent motion draws",layout_01
nominal,layout,no_contrast,,3,3,0,[8511],"[""nom_eval_41001_layout_02_p8511_no_contrast"", ""nom_eval_41002_layout_02_p8511_no_contrast"", ""nom_eval_41003_layout_02_p8511_no_contrast""]","Descriptive; repeats retained together, not independent motion draws",layout_02
nominal,layout,no_contrast,,3,0,0,[8511],"[""nom_eval_41001_layout_03_p8511_no_contrast"", ""nom_eval_41002_layout_03_p8511_no_contrast"", ""nom_eval_41003_layout_03_p8511_no_contrast""]","Descriptive; repeats retained together, not independent motion draws",layout_03
nominal,layout,no_contrast,,3,0,0,[8511],"[""nom_eval_41001_layout_04_p8511_no_contrast"", ""nom_eval_41002_layout_04_p8511_no_contrast"", ""nom_eval_41003_layout_04_p8511_no_contrast""]","Descriptive; repeats retained together, not independent motion draws",layout_04
nominal,layout,no_contrast,,3,3,0,[8511],"[""nom_eval_41001_layout_05_p8511_no_contrast"", ""nom_eval_41002_layout_05_p8511_no_contrast"", ""nom_eval_41003_layout_05_p8511_no_contrast""]","Descriptive; repeats retained together, not independent motion draws",layout_05
nominal,layout,no_contrast,,3,0,0,[8511],"[""nom_eval_41001_layout_06_p8511_no_contrast"", ""nom_eval_41002_layout_06_p8511_no_contrast"", ""nom_eval_41003_layout_06_p8511_no_contrast""]","Descriptive; repeats retained together, not independent motion draws",layout_06
nominal,layout,no_contrast,,3,1,0,[8511],"[""nom_eval_41001_layout_07_p8511_no_contrast"", ""nom_eval_41002_layout_07_p8511_no_contrast"", ""nom_eval_41003_layout_07_p8511_no_contrast""]","Descriptive; repeats retained together, not independent motion draws",layout_07
nominal,layout,no_contrast,,3,3,0,[8511],"[""nom_eval_41001_layout_08_p8511_no_contrast"", ""nom_eval_41002_layout_08_p8511_no_contrast"", ""nom_eval_41003_layout_08_p8511_no_contrast""]","Descriptive; repeats retained together, not independent motion draws",layout_08
nominal,layout,no_contrast,,3,0,0,[8511],"[""nom_eval_41001_layout_09_p8511_no_contrast"", ""nom_eval_41002_layout_09_p8511_no_contrast"", ""nom_eval_41003_layout_09_p8511_no_contrast""]","Descriptive; repeats retained together, not independent motion draws",layout_09
nominal,layout,no_contrast,,3,0,0,[8511],"[""nom_eval_41001_layout_10_p8511_no_contrast"", ""nom_eval_41002_layout_10_p8511_no_contrast"", ""nom_eval_41003_layout_10_p8511_no_contrast""]","Descriptive; repeats retained together, not independent motion draws",layout_10
nominal,layout,no_contrast,,3,3,0,[8511],"[""nom_eval_41001_layout_11_p8511_no_contrast"", ""nom_eval_41002_layout_11_p8511_no_contrast"", ""nom_eval_41003_layout_11_p8511_no_contrast""]","Descriptive; repeats retained together, not independent motion draws",layout_11
nominal,layout,uniform,,3,0,0,[8511],"[""nom_eval_41001_layout_00_p8511_uniform"", ""nom_eval_41002_layout_00_p8511_uniform"", ""nom_eval_41003_layout_00_p8511_uniform""]","Descriptive; repeats retained together, not independent motion draws",layout_00
nominal,layout,uniform,,3,1,0,[8511],"[""nom_eval_41001_layout_01_p8511_uniform"", ""nom_eval_41002_layout_01_p8511_uniform"", ""nom_eval_41003_layout_01_p8511_uniform""]","Descriptive; repeats retained together, not independent motion draws",layout_01
nominal,layout,uniform,,3,3,0,[8511],"[""nom_eval_41001_layout_02_p8511_uniform"", ""nom_eval_41002_layout_02_p8511_uniform"", ""nom_eval_41003_layout_02_p8511_uniform""]","Descriptive; repeats retained together, not independent motion draws",layout_02
nominal,layout,uniform,,3,0,0,[8511],"[""nom_eval_41001_layout_03_p8511_uniform"", ""nom_eval_41002_layout_03_p8511_uniform"", ""nom_eval_41003_layout_03_p8511_uniform""]","Descriptive; repeats retained together, not independent motion draws",layout_03
nominal,layout,uniform,,3,0,0,[8511],"[""nom_eval_41001_layout_04_p8511_uniform"", ""nom_eval_41002_layout_04_p8511_uniform"", ""nom_eval_41003_layout_04_p8511_uniform""]","Descriptive; repeats retained together, not independent motion draws",layout_04
nominal,layout,uniform,,3,3,0,[8511],"[""nom_eval_41001_layout_05_p8511_uniform"", ""nom_eval_41002_layout_05_p8511_uniform"", ""nom_eval_41003_layout_05_p8511_uniform""]","Descriptive; repeats retained together, not independent motion draws",layout_05
nominal,layout,uniform,,3,0,0,[8511],"[""nom_eval_41001_layout_06_p8511_uniform"", ""nom_eval_41002_layout_06_p8511_uniform"", ""nom_eval_41003_layout_06_p8511_uniform""]","Descriptive; repeats retained together, not independent motion draws",layout_06
nominal,layout,uniform,,3,1,0,[8511],"[""nom_eval_41001_layout_07_p8511_uniform"", ""nom_eval_41002_layout_07_p8511_uniform"", ""nom_eval_41003_layout_07_p8511_uniform""]","Descriptive; repeats retained together, not independent motion draws",layout_07
nominal,layout,uniform,,3,3,0,[8511],"[""nom_eval_41001_layout_08_p8511_uniform"", ""nom_eval_41002_layout_08_p8511_uniform"", ""nom_eval_41003_layout_08_p8511_uniform""]","Descriptive; repeats retained together, not independent motion draws",layout_08
nominal,layout,uniform,,3,0,0,[8511],"[""nom_eval_41001_layout_09_p8511_uniform"", ""nom_eval_41002_layout_09_p8511_uniform"", ""nom_eval_41003_layout_09_p8511_uniform""]","Descriptive; repeats retained together, not independent motion draws",layout_09
nominal,layout,uniform,,3,0,0,[8511],"[""nom_eval_41001_layout_10_p8511_uniform"", ""nom_eval_41002_layout_10_p8511_uniform"", ""nom_eval_41003_layout_10_p8511_uniform""]","Descriptive; repeats retained together, not independent motion draws",layout_10
nominal,layout,uniform,,3,3,0,[8511],"[""nom_eval_41001_layout_11_p8511_uniform"", ""nom_eval_41002_layout_11_p8511_uniform"", ""nom_eval_41003_layout_11_p8511_uniform""]","Descriptive; repeats retained together, not independent motion draws",layout_11
nominal,source+layout,analytic,41001,1,0,1,[8511],"[""nom_eval_41001_layout_00_p8511_analytic""]","Descriptive; repeats retained together, not independent motion draws",layout_00
nominal,source+layout,analytic,41001,1,1,1,[8511],"[""nom_eval_41001_layout_01_p8511_analytic""]","Descriptive; repeats retained together, not independent motion draws",layout_01
nominal,source+layout,analytic,41001,1,1,0,[8511],"[""nom_eval_41001_layout_02_p8511_analytic""]","Descriptive; repeats retained together, not independent motion draws",layout_02
nominal,source+layout,analytic,41001,1,0,0,[8511],"[""nom_eval_41001_layout_03_p8511_analytic""]","Descriptive; repeats retained together, not independent motion draws",layout_03
nominal,source+layout,analytic,41001,1,1,1,[8511],"[""nom_eval_41001_layout_04_p8511_analytic""]","Descriptive; repeats retained together, not independent motion draws",layout_04
nominal,source+layout,analytic,41001,1,1,1,[8511],"[""nom_eval_41001_layout_05_p8511_analytic""]","Descriptive; repeats retained together, not independent motion draws",layout_05
nominal,source+layout,analytic,41001,1,0,0,[8511],"[""nom_eval_41001_layout_06_p8511_analytic""]","Descriptive; repeats retained together, not independent motion draws",layout_06
nominal,source+layout,analytic,41001,1,1,1,[8511],"[""nom_eval_41001_layout_07_p8511_analytic""]","Descriptive; repeats retained together, not independent motion draws",layout_07
nominal,source+layout,analytic,41001,1,1,0,[8511],"[""nom_eval_41001_layout_08_p8511_analytic""]","Descriptive; repeats retained together, not independent motion draws",layout_08
nominal,source+layout,analytic,41001,1,0,0,[8511],"[""nom_eval_41001_layout_09_p8511_analytic""]","Descriptive; repeats retained together, not independent motion draws",layout_09
nominal,source+layout,analytic,41001,1,1,1,[8511],"[""nom_eval_41001_layout_10_p8511_analytic""]","Descriptive; repeats retained together, not independent motion draws",layout_10
nominal,source+layout,analytic,41001,1,1,1,[8511],"[""nom_eval_41001_layout_11_p8511_analytic""]","Descriptive; repeats retained together, not independent motion draws",layout_11
nominal,source+layout,analytic,41002,1,0,1,[8511],"[""nom_eval_41002_layout_00_p8511_analytic""]","Descriptive; repeats retained together, not independent motion draws",layout_00
nominal,source+layout,analytic,41002,1,1,1,[8511],"[""nom_eval_41002_layout_01_p8511_analytic""]","Descriptive; repeats retained together, not independent motion draws",layout_01
nominal,source+layout,analytic,41002,1,1,0,[8511],"[""nom_eval_41002_layout_02_p8511_analytic""]","Descriptive; repeats retained together, not independent motion draws",layout_02
nominal,source+layout,analytic,41002,1,0,1,[8511],"[""nom_eval_41002_layout_03_p8511_analytic""]","Descriptive; repeats retained together, not independent motion draws",layout_03
nominal,source+layout,analytic,41002,1,1,1,[8511],"[""nom_eval_41002_layout_04_p8511_analytic""]","Descriptive; repeats retained together, not independent motion draws",layout_04
nominal,source+layout,analytic,41002,1,1,1,[8511],"[""nom_eval_41002_layout_05_p8511_analytic""]","Descriptive; repeats retained together, not independent motion draws",layout_05
nominal,source+layout,analytic,41002,1,0,1,[8511],"[""nom_eval_41002_layout_06_p8511_analytic""]","Descriptive; repeats retained together, not independent motion draws",layout_06
nominal,source+layout,analytic,41002,1,1,1,[8511],"[""nom_eval_41002_layout_07_p8511_analytic""]","Descriptive; repeats retained together, not independent motion draws",layout_07
nominal,source+layout,analytic,41002,1,1,1,[8511],"[""nom_eval_41002_layout_08_p8511_analytic""]","Descriptive; repeats retained together, not independent motion draws",layout_08
nominal,source+layout,analytic,41002,1,0,0,[8511],"[""nom_eval_41002_layout_09_p8511_analytic""]","Descriptive; repeats retained together, not independent motion draws",layout_09
nominal,source+layout,analytic,41002,1,1,1,[8511],"[""nom_eval_41002_layout_10_p8511_analytic""]","Descriptive; repeats retained together, not independent motion draws",layout_10
nominal,source+layout,analytic,41002,1,1,0,[8511],"[""nom_eval_41002_layout_11_p8511_analytic""]","Descriptive; repeats retained together, not independent motion draws",layout_11
nominal,source+layout,analytic,41003,1,0,1,[8511],"[""nom_eval_41003_layout_00_p8511_analytic""]","Descriptive; repeats retained together, not independent motion draws",layout_00
nominal,source+layout,analytic,41003,1,1,1,[8511],"[""nom_eval_41003_layout_01_p8511_analytic""]","Descriptive; repeats retained together, not independent motion draws",layout_01
nominal,source+layout,analytic,41003,1,1,0,[8511],"[""nom_eval_41003_layout_02_p8511_analytic""]","Descriptive; repeats retained together, not independent motion draws",layout_02
nominal,source+layout,analytic,41003,1,0,1,[8511],"[""nom_eval_41003_layout_03_p8511_analytic""]","Descriptive; repeats retained together, not independent motion draws",layout_03
nominal,source+layout,analytic,41003,1,1,1,[8511],"[""nom_eval_41003_layout_04_p8511_analytic""]","Descriptive; repeats retained together, not independent motion draws",layout_04
nominal,source+layout,analytic,41003,1,1,1,[8511],"[""nom_eval_41003_layout_05_p8511_analytic""]","Descriptive; repeats retained together, not independent motion draws",layout_05
nominal,source+layout,analytic,41003,1,0,0,[8511],"[""nom_eval_41003_layout_06_p8511_analytic""]","Descriptive; repeats retained together, not independent motion draws",layout_06
nominal,source+layout,analytic,41003,1,1,1,[8511],"[""nom_eval_41003_layout_07_p8511_analytic""]","Descriptive; repeats retained together, not independent motion draws",layout_07
nominal,source+layout,analytic,41003,1,1,0,[8511],"[""nom_eval_41003_layout_08_p8511_analytic""]","Descriptive; repeats retained together, not independent motion draws",layout_08
nominal,source+layout,analytic,41003,1,0,0,[8511],"[""nom_eval_41003_layout_09_p8511_analytic""]","Descriptive; repeats retained together, not independent motion draws",layout_09
nominal,source+layout,analytic,41003,1,1,1,[8511],"[""nom_eval_41003_layout_10_p8511_analytic""]","Descriptive; repeats retained together, not independent motion draws",layout_10
nominal,source+layout,analytic,41003,1,1,1,[8511],"[""nom_eval_41003_layout_11_p8511_analytic""]","Descriptive; repeats retained together, not independent motion draws",layout_11
nominal,source+layout,motion2scene,41001,1,0,1,[8511],"[""nom_eval_41001_layout_00_p8511_motion2scene""]","Descriptive; repeats retained together, not independent motion draws",layout_00
nominal,source+layout,motion2scene,41001,1,0,0,[8511],"[""nom_eval_41001_layout_01_p8511_motion2scene""]","Descriptive; repeats retained together, not independent motion draws",layout_01
nominal,source+layout,motion2scene,41001,1,1,0,[8511],"[""nom_eval_41001_layout_02_p8511_motion2scene""]","Descriptive; repeats retained together, not independent motion draws",layout_02
nominal,source+layout,motion2scene,41001,1,0,0,[8511],"[""nom_eval_41001_layout_03_p8511_motion2scene""]","Descriptive; repeats retained together, not independent motion draws",layout_03
nominal,source+layout,motion2scene,41001,1,1,1,[8511],"[""nom_eval_41001_layout_04_p8511_motion2scene""]","Descriptive; repeats retained together, not independent motion draws",layout_04
nominal,source+layout,motion2scene,41001,1,1,0,[8511],"[""nom_eval_41001_layout_05_p8511_motion2scene""]","Descriptive; repeats retained together, not independent motion draws",layout_05
nominal,source+layout,motion2scene,41001,1,0,0,[8511],"[""nom_eval_41001_layout_06_p8511_motion2scene""]","Descriptive; repeats retained together, not independent motion draws",layout_06
nominal,source+layout,motion2scene,41001,1,1,1,[8511],"[""nom_eval_41001_layout_07_p8511_motion2scene""]","Descriptive; repeats retained together, not independent motion draws",layout_07
nominal,source+layout,motion2scene,41001,1,1,0,[8511],"[""nom_eval_41001_layout_08_p8511_motion2scene""]","Descriptive; repeats retained together, not independent motion draws",layout_08
nominal,source+layout,motion2scene,41001,1,0,0,[8511],"[""nom_eval_41001_layout_09_p8511_motion2scene""]","Descriptive; repeats retained together, not independent motion draws",layout_09
nominal,source+layout,motion2scene,41001,1,1,1,[8511],"[""nom_eval_41001_layout_10_p8511_motion2scene""]","Descriptive; repeats retained together, not independent motion draws",layout_10
nominal,source+layout,motion2scene,41001,1,1,1,[8511],"[""nom_eval_41001_layout_11_p8511_motion2scene""]","Descriptive; repeats retained together, not independent motion draws",layout_11
nominal,source+layout,motion2scene,41002,1,0,1,[8511],"[""nom_eval_41002_layout_00_p8511_motion2scene""]","Descriptive; repeats retained together, not independent motion draws",layout_00
nominal,source+layout,motion2scene,41002,1,1,0,[8511],"[""nom_eval_41002_layout_01_p8511_motion2scene""]","Descriptive; repeats retained together, not independent motion draws",layout_01
nominal,source+layout,motion2scene,41002,1,1,0,[8511],"[""nom_eval_41002_layout_02_p8511_motion2scene""]","Descriptive; repeats retained together, not independent motion draws",layout_02
nominal,source+layout,motion2scene,41002,1,0,1,[8511],"[""nom_eval_41002_layout_03_p8511_motion2scene""]","Descriptive; repeats retained together, not independent motion draws",layout_03
nominal,source+layout,motion2scene,41002,1,0,0,[8511],"[""nom_eval_41002_layout_04_p8511_motion2scene""]","Descriptive; repeats retained together, not independent motion draws",layout_04
nominal,source+layout,motion2scene,41002,1,1,0,[8511],"[""nom_eval_41002_layout_05_p8511_motion2scene""]","Descriptive; repeats retained together, not independent motion draws",layout_05
nominal,source+layout,motion2scene,41002,1,0,1,[8511],"[""nom_eval_41002_layout_06_p8511_motion2scene""]","Descriptive; repeats retained together, not independent motion draws",layout_06
nominal,source+layout,motion2scene,41002,1,1,1,[8511],"[""nom_eval_41002_layout_07_p8511_motion2scene""]","Descriptive; repeats retained together, not independent motion draws",layout_07
nominal,source+layout,motion2scene,41002,1,1,0,[8511],"[""nom_eval_41002_layout_08_p8511_motion2scene""]","Descriptive; repeats retained together, not independent motion draws",layout_08
nominal,source+layout,motion2scene,41002,1,0,0,[8511],"[""nom_eval_41002_layout_09_p8511_motion2scene""]","Descriptive; repeats retained together, not independent motion draws",layout_09
nominal,source+layout,motion2scene,41002,1,1,1,[8511],"[""nom_eval_41002_layout_10_p8511_motion2scene""]","Descriptive; repeats retained together, not independent motion draws",layout_10
nominal,source+layout,motion2scene,41002,1,1,0,[8511],"[""nom_eval_41002_layout_11_p8511_motion2scene""]","Descriptive; repeats retained together, not independent motion draws",layout_11
nominal,source+layout,motion2scene,41003,1,0,1,[8511],"[""nom_eval_41003_layout_00_p8511_motion2scene""]","Descriptive; repeats retained together, not independent motion draws",layout_00
nominal,source+layout,motion2scene,41003,1,1,1,[8511],"[""nom_eval_41003_layout_01_p8511_motion2scene""]","Descriptive; repeats retained together, not independent motion draws",layout_01
nominal,source+layout,motion2scene,41003,1,1,1,[8511],"[""nom_eval_41003_layout_02_p8511_motion2scene""]","Descriptive; repeats retained together, not independent motion draws",layout_02
nominal,source+layout,motion2scene,41003,1,0,1,[8511],"[""nom_eval_41003_layout_03_p8511_motion2scene""]","Descriptive; repeats retained together, not independent motion draws",layout_03
nominal,source+layout,motion2scene,41003,1,1,1,[8511],"[""nom_eval_41003_layout_04_p8511_motion2scene""]","Descriptive; repeats retained together, not independent motion draws",layout_04
nominal,source+layout,motion2scene,41003,1,1,1,[8511],"[""nom_eval_41003_layout_05_p8511_motion2scene""]","Descriptive; repeats retained together, not independent motion draws",layout_05
nominal,source+layout,motion2scene,41003,1,0,1,[8511],"[""nom_eval_41003_layout_06_p8511_motion2scene""]","Descriptive; repeats retained together, not independent motion draws",layout_06
nominal,source+layout,motion2scene,41003,1,1,1,[8511],"[""nom_eval_41003_layout_07_p8511_motion2scene""]","Descriptive; repeats retained together, not independent motion draws",layout_07
nominal,source+layout,motion2scene,41003,1,1,1,[8511],"[""nom_eval_41003_layout_08_p8511_motion2scene""]","Descriptive; repeats retained together, not independent motion draws",layout_08
nominal,source+layout,motion2scene,41003,1,0,1,[8511],"[""nom_eval_41003_layout_09_p8511_motion2scene""]","Descriptive; repeats retained together, not independent motion draws",layout_09
nominal,source+layout,motion2scene,41003,1,1,1,[8511],"[""nom_eval_41003_layout_10_p8511_motion2scene""]","Descriptive; repeats retained together, not independent motion draws",layout_10
nominal,source+layout,motion2scene,41003,1,1,1,[8511],"[""nom_eval_41003_layout_11_p8511_motion2scene""]","Descriptive; repeats retained together, not independent motion draws",layout_11
nominal,source+layout,no_contrast,41001,1,0,0,[8511],"[""nom_eval_41001_layout_00_p8511_no_contrast""]","Descriptive; repeats retained together, not independent motion draws",layout_00
nominal,source+layout,no_contrast,41001,1,0,0,[8511],"[""nom_eval_41001_layout_01_p8511_no_contrast""]","Descriptive; repeats retained together, not independent motion draws",layout_01
nominal,source+layout,no_contrast,41001,1,1,0,[8511],"[""nom_eval_41001_layout_02_p8511_no_contrast""]","Descriptive; repeats retained together, not independent motion draws",layout_02
nominal,source+layout,no_contrast,41001,1,0,0,[8511],"[""nom_eval_41001_layout_03_p8511_no_contrast""]","Descriptive; repeats retained together, not independent motion draws",layout_03
nominal,source+layout,no_contrast,41001,1,0,0,[8511],"[""nom_eval_41001_layout_04_p8511_no_contrast""]","Descriptive; repeats retained together, not independent motion draws",layout_04
nominal,source+layout,no_contrast,41001,1,1,0,[8511],"[""nom_eval_41001_layout_05_p8511_no_contrast""]","Descriptive; repeats retained together, not independent motion draws",layout_05
nominal,source+layout,no_contrast,41001,1,0,0,[8511],"[""nom_eval_41001_layout_06_p8511_no_contrast""]","Descriptive; repeats retained together, not independent motion draws",layout_06
nominal,source+layout,no_contrast,41001,1,0,0,[8511],"[""nom_eval_41001_layout_07_p8511_no_contrast""]","Descriptive; repeats retained together, not independent motion draws",layout_07
nominal,source+layout,no_contrast,41001,1,1,0,[8511],"[""nom_eval_41001_layout_08_p8511_no_contrast""]","Descriptive; repeats retained together, not independent motion draws",layout_08
nominal,source+layout,no_contrast,41001,1,0,0,[8511],"[""nom_eval_41001_layout_09_p8511_no_contrast""]","Descriptive; repeats retained together, not independent motion draws",layout_09
nominal,source+layout,no_contrast,41001,1,0,0,[8511],"[""nom_eval_41001_layout_10_p8511_no_contrast""]","Descriptive; repeats retained together, not independent motion draws",layout_10
nominal,source+layout,no_contrast,41001,1,1,0,[8511],"[""nom_eval_41001_layout_11_p8511_no_contrast""]","Descriptive; repeats retained together, not independent motion draws",layout_11
nominal,source+layout,no_contrast,41002,1,0,0,[8511],"[""nom_eval_41002_layout_00_p8511_no_contrast""]","Descriptive; repeats retained together, not independent motion draws",layout_00
nominal,source+layout,no_contrast,41002,1,1,0,[8511],"[""nom_eval_41002_layout_01_p8511_no_contrast""]","Descriptive; repeats retained together, not independent motion draws",layout_01
nominal,source+layout,no_contrast,41002,1,1,0,[8511],"[""nom_eval_41002_layout_02_p8511_no_contrast""]","Descriptive; repeats retained together, not independent motion draws",layout_02
nominal,source+layout,no_contrast,41002,1,0,0,[8511],"[""nom_eval_41002_layout_03_p8511_no_contrast""]","Descriptive; repeats retained together, not independent motion draws",layout_03
nominal,source+layout,no_contrast,41002,1,0,0,[8511],"[""nom_eval_41002_layout_04_p8511_no_contrast""]","Descriptive; repeats retained together, not independent motion draws",layout_04
nominal,source+layout,no_contrast,41002,1,1,0,[8511],"[""nom_eval_41002_layout_05_p8511_no_contrast""]","Descriptive; repeats retained together, not independent motion draws",layout_05
nominal,source+layout,no_contrast,41002,1,0,0,[8511],"[""nom_eval_41002_layout_06_p8511_no_contrast""]","Descriptive; repeats retained together, not independent motion draws",layout_06
nominal,source+layout,no_contrast,41002,1,0,0,[8511],"[""nom_eval_41002_layout_07_p8511_no_contrast""]","Descriptive; repeats retained together, not independent motion draws",layout_07
nominal,source+layout,no_contrast,41002,1,1,0,[8511],"[""nom_eval_41002_layout_08_p8511_no_contrast""]","Descriptive; repeats retained together, not independent motion draws",layout_08
nominal,source+layout,no_contrast,41002,1,0,0,[8511],"[""nom_eval_41002_layout_09_p8511_no_contrast""]","Descriptive; repeats retained together, not independent motion draws",layout_09
nominal,source+layout,no_contrast,41002,1,0,0,[8511],"[""nom_eval_41002_layout_10_p8511_no_contrast""]","Descriptive; repeats retained together, not independent motion draws",layout_10
nominal,source+layout,no_contrast,41002,1,1,0,[8511],"[""nom_eval_41002_layout_11_p8511_no_contrast""]","Descriptive; repeats retained together, not independent motion draws",layout_11
nominal,source+layout,no_contrast,41003,1,0,0,[8511],"[""nom_eval_41003_layout_00_p8511_no_contrast""]","Descriptive; repeats retained together, not independent motion draws",layout_00
nominal,source+layout,no_contrast,41003,1,0,0,[8511],"[""nom_eval_41003_layout_01_p8511_no_contrast""]","Descriptive; repeats retained together, not independent motion draws",layout_01
nominal,source+layout,no_contrast,41003,1,1,0,[8511],"[""nom_eval_41003_layout_02_p8511_no_contrast""]","Descriptive; repeats retained together, not independent motion draws",layout_02
nominal,source+layout,no_contrast,41003,1,0,0,[8511],"[""nom_eval_41003_layout_03_p8511_no_contrast""]","Descriptive; repeats retained together, not independent motion draws",layout_03
nominal,source+layout,no_contrast,41003,1,0,0,[8511],"[""nom_eval_41003_layout_04_p8511_no_contrast""]","Descriptive; repeats retained together, not independent motion draws",layout_04
nominal,source+layout,no_contrast,41003,1,1,0,[8511],"[""nom_eval_41003_layout_05_p8511_no_contrast""]","Descriptive; repeats retained together, not independent motion draws",layout_05
nominal,source+layout,no_contrast,41003,1,0,0,[8511],"[""nom_eval_41003_layout_06_p8511_no_contrast""]","Descriptive; repeats retained together, not independent motion draws",layout_06
nominal,source+layout,no_contrast,41003,1,1,0,[8511],"[""nom_eval_41003_layout_07_p8511_no_contrast""]","Descriptive; repeats retained together, not independent motion draws",layout_07
nominal,source+layout,no_contrast,41003,1,1,0,[8511],"[""nom_eval_41003_layout_08_p8511_no_contrast""]","Descriptive; repeats retained together, not independent motion draws",layout_08
nominal,source+layout,no_contrast,41003,1,0,0,[8511],"[""nom_eval_41003_layout_09_p8511_no_contrast""]","Descriptive; repeats retained together, not independent motion draws",layout_09
nominal,source+layout,no_contrast,41003,1,0,0,[8511],"[""nom_eval_41003_layout_10_p8511_no_contrast""]","Descriptive; repeats retained together, not independent motion draws",layout_10
nominal,source+layout,no_contrast,41003,1,1,0,[8511],"[""nom_eval_41003_layout_11_p8511_no_contrast""]","Descriptive; repeats retained together, not independent motion draws",layout_11
nominal,source+layout,uniform,41001,1,0,0,[8511],"[""nom_eval_41001_layout_00_p8511_uniform""]","Descriptive; repeats retained together, not independent motion draws",layout_00
nominal,source+layout,uniform,41001,1,0,0,[8511],"[""nom_eval_41001_layout_01_p8511_uniform""]","Descriptive; repeats retained together, not independent motion draws",layout_01
nominal,source+layout,uniform,41001,1,1,0,[8511],"[""nom_eval_41001_layout_02_p8511_uniform""]","Descriptive; repeats retained together, not independent motion draws",layout_02
nominal,source+layout,uniform,41001,1,0,0,[8511],"[""nom_eval_41001_layout_03_p8511_uniform""]","Descriptive; repeats retained together, not independent motion draws",layout_03
nominal,source+layout,uniform,41001,1,0,0,[8511],"[""nom_eval_41001_layout_04_p8511_uniform""]","Descriptive; repeats retained together, not independent motion draws",layout_04
nominal,source+layout,uniform,41001,1,1,0,[8511],"[""nom_eval_41001_layout_05_p8511_uniform""]","Descriptive; repeats retained together, not independent motion draws",layout_05
nominal,source+layout,uniform,41001,1,0,0,[8511],"[""nom_eval_41001_layout_06_p8511_uniform""]","Descriptive; repeats retained together, not independent motion draws",layout_06
nominal,source+layout,uniform,41001,1,0,0,[8511],"[""nom_eval_41001_layout_07_p8511_uniform""]","Descriptive; repeats retained together, not independent motion draws",layout_07
nominal,source+layout,uniform,41001,1,1,0,[8511],"[""nom_eval_41001_layout_08_p8511_uniform""]","Descriptive; repeats retained together, not independent motion draws",layout_08
nominal,source+layout,uniform,41001,1,0,0,[8511],"[""nom_eval_41001_layout_09_p8511_uniform""]","Descriptive; repeats retained together, not independent motion draws",layout_09
nominal,source+layout,uniform,41001,1,0,0,[8511],"[""nom_eval_41001_layout_10_p8511_uniform""]","Descriptive; repeats retained together, not independent motion draws",layout_10
nominal,source+layout,uniform,41001,1,1,0,[8511],"[""nom_eval_41001_layout_11_p8511_uniform""]","Descriptive; repeats retained together, not independent motion draws",layout_11
nominal,source+layout,uniform,41002,1,0,0,[8511],"[""nom_eval_41002_layout_00_p8511_uniform""]","Descriptive; repeats retained together, not independent motion draws",layout_00
nominal,source+layout,uniform,41002,1,1,0,[8511],"[""nom_eval_41002_layout_01_p8511_uniform""]","Descriptive; repeats retained together, not independent motion draws",layout_01
nominal,source+layout,uniform,41002,1,1,0,[8511],"[""nom_eval_41002_layout_02_p8511_uniform""]","Descriptive; repeats retained together, not independent motion draws",layout_02
nominal,source+layout,uniform,41002,1,0,0,[8511],"[""nom_eval_41002_layout_03_p8511_uniform""]","Descriptive; repeats retained together, not independent motion draws",layout_03
nominal,source+layout,uniform,41002,1,0,0,[8511],"[""nom_eval_41002_layout_04_p8511_uniform""]","Descriptive; repeats retained together, not independent motion draws",layout_04
nominal,source+layout,uniform,41002,1,1,0,[8511],"[""nom_eval_41002_layout_05_p8511_uniform""]","Descriptive; repeats retained together, not independent motion draws",layout_05
nominal,source+layout,uniform,41002,1,0,0,[8511],"[""nom_eval_41002_layout_06_p8511_uniform""]","Descriptive; repeats retained together, not independent motion draws",layout_06
nominal,source+layout,uniform,41002,1,0,0,[8511],"[""nom_eval_41002_layout_07_p8511_uniform""]","Descriptive; repeats retained together, not independent motion draws",layout_07
nominal,source+layout,uniform,41002,1,1,0,[8511],"[""nom_eval_41002_layout_08_p8511_uniform""]","Descriptive; repeats retained together, not independent motion draws",layout_08
nominal,source+layout,uniform,41002,1,0,0,[8511],"[""nom_eval_41002_layout_09_p8511_uniform""]","Descriptive; repeats retained together, not independent motion draws",layout_09
nominal,source+layout,uniform,41002,1,0,0,[8511],"[""nom_eval_41002_layout_10_p8511_uniform""]","Descriptive; repeats retained together, not independent motion draws",layout_10
nominal,source+layout,uniform,41002,1,1,0,[8511],"[""nom_eval_41002_layout_11_p8511_uniform""]","Descriptive; repeats retained together, not independent motion draws",layout_11
nominal,source+layout,uniform,41003,1,0,0,[8511],"[""nom_eval_41003_layout_00_p8511_uniform""]","Descriptive; repeats retained together, not independent motion draws",layout_00
nominal,source+layout,uniform,41003,1,0,0,[8511],"[""nom_eval_41003_layout_01_p8511_uniform""]","Descriptive; repeats retained together, not independent motion draws",layout_01
nominal,source+layout,uniform,41003,1,1,0,[8511],"[""nom_eval_41003_layout_02_p8511_uniform""]","Descriptive; repeats retained together, not independent motion draws",layout_02
nominal,source+layout,uniform,41003,1,0,0,[8511],"[""nom_eval_41003_layout_03_p8511_uniform""]","Descriptive; repeats retained together, not independent motion draws",layout_03
nominal,source+layout,uniform,41003,1,0,0,[8511],"[""nom_eval_41003_layout_04_p8511_uniform""]","Descriptive; repeats retained together, not independent motion draws",layout_04
nominal,source+layout,uniform,41003,1,1,0,[8511],"[""nom_eval_41003_layout_05_p8511_uniform""]","Descriptive; repeats retained together, not independent motion draws",layout_05
nominal,source+layout,uniform,41003,1,0,0,[8511],"[""nom_eval_41003_layout_06_p8511_uniform""]","Descriptive; repeats retained together, not independent motion draws",layout_06
nominal,source+layout,uniform,41003,1,1,0,[8511],"[""nom_eval_41003_layout_07_p8511_uniform""]","Descriptive; repeats retained together, not independent motion draws",layout_07
nominal,source+layout,uniform,41003,1,1,0,[8511],"[""nom_eval_41003_layout_08_p8511_uniform""]","Descriptive; repeats retained together, not independent motion draws",layout_08
nominal,source+layout,uniform,41003,1,0,0,[8511],"[""nom_eval_41003_layout_09_p8511_uniform""]","Descriptive; repeats retained together, not independent motion draws",layout_09
nominal,source+layout,uniform,41003,1,0,0,[8511],"[""nom_eval_41003_layout_10_p8511_uniform""]","Descriptive; repeats retained together, not independent motion draws",layout_10
nominal,source+layout,uniform,41003,1,1,0,[8511],"[""nom_eval_41003_layout_11_p8511_uniform""]","Descriptive; repeats retained together, not independent motion draws",layout_11
