stage,assignment_id,policy_id,arm,corpus_seed,physics_seed,scene_id,candidate_id,proposal_channel,role,cell_id,outcome,classification,passage,physics_steps,wall_seconds,exit_status,selected_schedule,passage_time_s,measurement_admitted,state,result_path,contact_dt_s
acquisition,seed93201_support_strict/round_005/student/learned_neutral,seed93201_support_strict,support_strict,93201,93201,/home/linjiw/research-data/groot-wbc/m2s-support-preserving-pools-20260910-v1/seed_93201/definitions/primary_candidate_93201_1723.json,primary_candidate_93201_1723,support_strict,student,learned_neutral,pass,complete_pass,True,1192,65.20476862500072,0,prior_splice_e050_r265,4.82,True,scored,/home/linjiw/research-data/groot-wbc/m2s-support-pilot-acquisition-20260910-v1/seed93201_support_strict/round_005/student/result.json,0.005
acquisition,seed93201_support_strict/round_005/teacher/forced_prior_splice_e050_r265,seed93201_support_strict,support_strict,93201,93201,/home/linjiw/research-data/groot-wbc/m2s-support-preserving-pools-20260910-v1/seed_93201/definitions/primary_candidate_93201_1723.json,primary_candidate_93201_1723,support_strict,teacher,forced_prior_splice_e050_r265,pass,complete_pass,True,1192,79.88515277899933,0,prior_splice_e050_r265,4.82,True,scored,/home/linjiw/research-data/groot-wbc/m2s-support-pilot-acquisition-20260910-v1/seed93201_support_strict/round_005/teachers/result.json,0.005
acquisition,seed93201_support_strict/round_005/teacher/forced_short_e070_r265,seed93201_support_strict,support_strict,93201,93201,/home/linjiw/research-data/groot-wbc/m2s-support-preserving-pools-20260910-v1/seed_93201/definitions/primary_candidate_93201_1723.json,primary_candidate_93201_1723,support_strict,teacher,forced_short_e070_r265,failure,verified_task_failure,False,1192,76.36754240700066,0,short_e070_r265,NA,True,scored,/home/linjiw/research-data/groot-wbc/m2s-support-pilot-acquisition-20260910-v1/seed93201_support_strict/round_005/teachers/result.json,0.005
acquisition,seed93201_support_strict/round_005/teacher/forced_neutral,seed93201_support_strict,support_strict,93201,93201,/home/linjiw/research-data/groot-wbc/m2s-support-preserving-pools-20260910-v1/seed_93201/definitions/primary_candidate_93201_1723.json,primary_candidate_93201_1723,support_strict,teacher,forced_neutral,failure,verified_task_failure,False,1192,63.11364694800068,0,neutral,NA,True,scored,/home/linjiw/research-data/groot-wbc/m2s-support-pilot-acquisition-20260910-v1/seed93201_support_strict/round_005/teachers/result.json,0.005
acquisition,seed93201_support_strict/round_005/teacher/forced_sustained_e015_r255,seed93201_support_strict,support_strict,93201,93201,/home/linjiw/research-data/groot-wbc/m2s-support-preserving-pools-20260910-v1/seed_93201/definitions/primary_candidate_93201_1723.json,primary_candidate_93201_1723,support_strict,teacher,forced_sustained_e015_r255,pass,complete_pass,True,1192,60.595812849998765,0,sustained_e015_r255,5.36,True,scored,/home/linjiw/research-data/groot-wbc/m2s-support-pilot-acquisition-20260910-v1/seed93201_support_strict/round_005/teachers/result.json,0.005
acquisition,seed93201_support_strict/round_005/teacher/forced_prior_splice_e015_r265,seed93201_support_strict,support_strict,93201,93201,/home/linjiw/research-data/groot-wbc/m2s-support-preserving-pools-20260910-v1/seed_93201/definitions/primary_candidate_93201_1723.json,primary_candidate_93201_1723,support_strict,teacher,forced_prior_splice_e015_r265,pass,complete_pass,True,1192,60.799757503000365,0,prior_splice_e015_r265,4.82,True,scored,/home/linjiw/research-data/groot-wbc/m2s-support-pilot-acquisition-20260910-v1/seed93201_support_strict/round_005/teachers/result.json,0.005
acquisition,seed93201_support_strict/round_005/teacher/forced_sustained_e070_r255,seed93201_support_strict,support_strict,93201,93201,/home/linjiw/research-data/groot-wbc/m2s-support-preserving-pools-20260910-v1/seed_93201/definitions/primary_candidate_93201_1723.json,primary_candidate_93201_1723,support_strict,teacher,forced_sustained_e070_r255,pass,complete_pass,True,1192,60.66143036500034,0,sustained_e070_r255,5.36,True,scored,/home/linjiw/research-data/groot-wbc/m2s-support-pilot-acquisition-20260910-v1/seed93201_support_strict/round_005/teachers/result.json,0.005
acquisition,seed93201_support_strict/round_005/teacher/forced_short_e015_r265,seed93201_support_strict,support_strict,93201,93201,/home/linjiw/research-data/groot-wbc/m2s-support-preserving-pools-20260910-v1/seed_93201/definitions/primary_candidate_93201_1723.json,primary_candidate_93201_1723,support_strict,teacher,forced_short_e015_r265,failure,verified_task_failure,False,1192,63.41746492299899,0,short_e015_r265,NA,True,scored,/home/linjiw/research-data/groot-wbc/m2s-support-pilot-acquisition-20260910-v1/seed93201_support_strict/round_005/teachers/result.json,0.005
acquisition,seed93201_support_strict/round_006/student/learned_neutral,seed93201_support_strict,support_strict,93201,93201,/home/linjiw/research-data/groot-wbc/m2s-support-preserving-pools-20260910-v1/seed_93201/definitions/primary_candidate_93201_2355.json,primary_candidate_93201_2355,support_strict,student,learned_neutral,pass,complete_pass,True,1192,59.33698653000101,0,prior_splice_e050_r265,4.76,True,scored,/home/linjiw/research-data/groot-wbc/m2s-support-pilot-acquisition-20260910-v1/seed93201_support_strict/round_006/student/result.json,0.005
acquisition,seed93201_support_strict/round_006/teacher/forced_prior_splice_e050_r265,seed93201_support_strict,support_strict,93201,93201,/home/linjiw/research-data/groot-wbc/m2s-support-preserving-pools-20260910-v1/seed_93201/definitions/primary_candidate_93201_2355.json,primary_candidate_93201_2355,support_strict,teacher,forced_prior_splice_e050_r265,pass,complete_pass,True,1192,60.043739239998104,0,prior_splice_e050_r265,4.76,True,scored,/home/linjiw/research-data/groot-wbc/m2s-support-pilot-acquisition-20260910-v1/seed93201_support_strict/round_006/teachers/result.json,0.005
acquisition,seed93201_support_strict/round_006/teacher/forced_sustained_e015_r255,seed93201_support_strict,support_strict,93201,93201,/home/linjiw/research-data/groot-wbc/m2s-support-preserving-pools-20260910-v1/seed_93201/definitions/primary_candidate_93201_2355.json,primary_candidate_93201_2355,support_strict,teacher,forced_sustained_e015_r255,pass,complete_pass,True,1192,59.44335214700186,0,sustained_e015_r255,5.28,True,scored,/home/linjiw/research-data/groot-wbc/m2s-support-pilot-acquisition-20260910-v1/seed93201_support_strict/round_006/teachers/result.json,0.005
acquisition,seed93201_support_strict/round_006/teacher/forced_short_e070_r265,seed93201_support_strict,support_strict,93201,93201,/home/linjiw/research-data/groot-wbc/m2s-support-preserving-pools-20260910-v1/seed_93201/definitions/primary_candidate_93201_2355.json,primary_candidate_93201_2355,support_strict,teacher,forced_short_e070_r265,failure,verified_task_failure,False,1192,59.341828037002415,0,short_e070_r265,NA,True,scored,/home/linjiw/research-data/groot-wbc/m2s-support-pilot-acquisition-20260910-v1/seed93201_support_strict/round_006/teachers/result.json,0.005
acquisition,seed93201_support_strict/round_006/teacher/forced_prior_splice_e015_r265,seed93201_support_strict,support_strict,93201,93201,/home/linjiw/research-data/groot-wbc/m2s-support-preserving-pools-20260910-v1/seed_93201/definitions/primary_candidate_93201_2355.json,primary_candidate_93201_2355,support_strict,teacher,forced_prior_splice_e015_r265,pass,complete_pass,True,1192,59.48727032899842,0,prior_splice_e015_r265,4.76,True,scored,/home/linjiw/research-data/groot-wbc/m2s-support-pilot-acquisition-20260910-v1/seed93201_support_strict/round_006/teachers/result.json,0.005
acquisition,seed93201_support_strict/round_006/teacher/forced_neutral,seed93201_support_strict,support_strict,93201,93201,/home/linjiw/research-data/groot-wbc/m2s-support-preserving-pools-20260910-v1/seed_93201/definitions/primary_candidate_93201_2355.json,primary_candidate_93201_2355,support_strict,teacher,forced_neutral,failure,verified_task_failure,False,1192,59.49187095199886,0,neutral,NA,True,scored,/home/linjiw/research-data/groot-wbc/m2s-support-pilot-acquisition-20260910-v1/seed93201_support_strict/round_006/teachers/result.json,0.005
acquisition,seed93201_support_strict/round_006/teacher/forced_sustained_e070_r255,seed93201_support_strict,support_strict,93201,93201,/home/linjiw/research-data/groot-wbc/m2s-support-preserving-pools-20260910-v1/seed_93201/definitions/primary_candidate_93201_2355.json,primary_candidate_93201_2355,support_strict,teacher,forced_sustained_e070_r255,pass,complete_pass,True,1192,59.541015942999366,0,sustained_e070_r255,5.28,True,scored,/home/linjiw/research-data/groot-wbc/m2s-support-pilot-acquisition-20260910-v1/seed93201_support_strict/round_006/teachers/result.json,0.005
acquisition,seed93201_support_strict/round_006/teacher/forced_short_e015_r265,seed93201_support_strict,support_strict,93201,93201,/home/linjiw/research-data/groot-wbc/m2s-support-preserving-pools-20260910-v1/seed_93201/definitions/primary_candidate_93201_2355.json,primary_candidate_93201_2355,support_strict,teacher,forced_short_e015_r265,failure,verified_task_failure,False,1192,59.439614134000294,0,short_e015_r265,NA,True,scored,/home/linjiw/research-data/groot-wbc/m2s-support-pilot-acquisition-20260910-v1/seed93201_support_strict/round_006/teachers/result.json,0.005
acquisition,seed93201_support_strict/round_007/student/learned_neutral,seed93201_support_strict,support_strict,93201,93201,/home/linjiw/research-data/groot-wbc/m2s-support-preserving-pools-20260910-v1/seed_93201/definitions/primary_candidate_93201_2391.json,primary_candidate_93201_2391,support_strict,student,learned_neutral,pass,complete_pass,True,1192,59.64332610400015,0,prior_splice_e050_r265,4.62,True,scored,/home/linjiw/research-data/groot-wbc/m2s-support-pilot-acquisition-20260910-v1/seed93201_support_strict/round_007/student/result.json,0.005
acquisition,seed93201_support_strict/round_007/teacher/forced_short_e070_r265,seed93201_support_strict,support_strict,93201,93201,/home/linjiw/research-data/groot-wbc/m2s-support-preserving-pools-20260910-v1/seed_93201/definitions/primary_candidate_93201_2391.json,primary_candidate_93201_2391,support_strict,teacher,forced_short_e070_r265,pass,complete_pass,True,1192,59.84734168000068,0,short_e070_r265,4.72,True,scored,/home/linjiw/research-data/groot-wbc/m2s-support-pilot-acquisition-20260910-v1/seed93201_support_strict/round_007/teachers/result.json,0.005
acquisition,seed93201_support_strict/round_007/teacher/forced_prior_splice_e015_r265,seed93201_support_strict,support_strict,93201,93201,/home/linjiw/research-data/groot-wbc/m2s-support-preserving-pools-20260910-v1/seed_93201/definitions/primary_candidate_93201_2391.json,primary_candidate_93201_2391,support_strict,teacher,forced_prior_splice_e015_r265,pass,complete_pass,True,1192,60.086593907999486,0,prior_splice_e015_r265,4.62,True,scored,/home/linjiw/research-data/groot-wbc/m2s-support-pilot-acquisition-20260910-v1/seed93201_support_strict/round_007/teachers/result.json,0.005
acquisition,seed93201_support_strict/round_007/teacher/forced_sustained_e070_r255,seed93201_support_strict,support_strict,93201,93201,/home/linjiw/research-data/groot-wbc/m2s-support-preserving-pools-20260910-v1/seed_93201/definitions/primary_candidate_93201_2391.json,primary_candidate_93201_2391,support_strict,teacher,forced_sustained_e070_r255,pass,complete_pass,True,1192,59.99226041699876,0,sustained_e070_r255,4.76,True,scored,/home/linjiw/research-data/groot-wbc/m2s-support-pilot-acquisition-20260910-v1/seed93201_support_strict/round_007/teachers/result.json,0.005
acquisition,seed93201_support_strict/round_007/teacher/forced_short_e015_r265,seed93201_support_strict,support_strict,93201,93201,/home/linjiw/research-data/groot-wbc/m2s-support-preserving-pools-20260910-v1/seed_93201/definitions/primary_candidate_93201_2391.json,primary_candidate_93201_2391,support_strict,teacher,forced_short_e015_r265,pass,complete_pass,True,1192,60.54368775999683,0,short_e015_r265,4.72,True,scored,/home/linjiw/research-data/groot-wbc/m2s-support-pilot-acquisition-20260910-v1/seed93201_support_strict/round_007/teachers/result.json,0.005
acquisition,seed93201_support_strict/round_007/teacher/forced_neutral,seed93201_support_strict,support_strict,93201,93201,/home/linjiw/research-data/groot-wbc/m2s-support-preserving-pools-20260910-v1/seed_93201/definitions/primary_candidate_93201_2391.json,primary_candidate_93201_2391,support_strict,teacher,forced_neutral,failure,verified_task_failure,False,1192,60.23922541200227,0,neutral,NA,True,scored,/home/linjiw/research-data/groot-wbc/m2s-support-pilot-acquisition-20260910-v1/seed93201_support_strict/round_007/teachers/result.json,0.005
acquisition,seed93201_support_strict/round_007/teacher/forced_prior_splice_e050_r265,seed93201_support_strict,support_strict,93201,93201,/home/linjiw/research-data/groot-wbc/m2s-support-preserving-pools-20260910-v1/seed_93201/definitions/primary_candidate_93201_2391.json,primary_candidate_93201_2391,support_strict,teacher,forced_prior_splice_e050_r265,pass,complete_pass,True,1192,59.741009555000346,0,prior_splice_e050_r265,4.62,True,scored,/home/linjiw/research-data/groot-wbc/m2s-support-pilot-acquisition-20260910-v1/seed93201_support_strict/round_007/teachers/result.json,0.005
acquisition,seed93201_support_strict/round_007/teacher/forced_sustained_e015_r255,seed93201_support_strict,support_strict,93201,93201,/home/linjiw/research-data/groot-wbc/m2s-support-preserving-pools-20260910-v1/seed_93201/definitions/primary_candidate_93201_2391.json,primary_candidate_93201_2391,support_strict,teacher,forced_sustained_e015_r255,pass,complete_pass,True,1192,60.18811214000016,0,sustained_e015_r255,4.76,True,scored,/home/linjiw/research-data/groot-wbc/m2s-support-pilot-acquisition-20260910-v1/seed93201_support_strict/round_007/teachers/result.json,0.005
acquisition,seed93201_support_strict/round_008/student/learned_neutral,seed93201_support_strict,support_strict,93201,93201,/home/linjiw/research-data/groot-wbc/m2s-support-preserving-pools-20260910-v1/seed_93201/definitions/primary_candidate_93201_1427.json,primary_candidate_93201_1427,support_strict,student,learned_neutral,pass,complete_pass,True,1192,61.54356333599935,0,prior_splice_e050_r265,3.36,True,scored,/home/linjiw/research-data/groot-wbc/m2s-support-pilot-acquisition-20260910-v1/seed93201_support_strict/round_008/student/result.json,0.005
acquisition,seed93201_support_strict/round_008/teacher/forced_sustained_e015_r255,seed93201_support_strict,support_strict,93201,93201,/home/linjiw/research-data/groot-wbc/m2s-support-preserving-pools-20260910-v1/seed_93201/definitions/primary_candidate_93201_1427.json,primary_candidate_93201_1427,support_strict,teacher,forced_sustained_e015_r255,pass,complete_pass,True,1192,62.10744911599977,0,sustained_e015_r255,3.42,True,scored,/home/linjiw/research-data/groot-wbc/m2s-support-pilot-acquisition-20260910-v1/seed93201_support_strict/round_008/teachers/result.json,0.005
acquisition,seed93201_support_strict/round_008/teacher/forced_neutral,seed93201_support_strict,support_strict,93201,93201,/home/linjiw/research-data/groot-wbc/m2s-support-preserving-pools-20260910-v1/seed_93201/definitions/primary_candidate_93201_1427.json,primary_candidate_93201_1427,support_strict,teacher,forced_neutral,failure,verified_task_failure,False,1192,61.760101463001774,0,neutral,NA,True,scored,/home/linjiw/research-data/groot-wbc/m2s-support-pilot-acquisition-20260910-v1/seed93201_support_strict/round_008/teachers/result.json,0.005
acquisition,seed93201_support_strict/round_008/teacher/forced_short_e015_r265,seed93201_support_strict,support_strict,93201,93201,/home/linjiw/research-data/groot-wbc/m2s-support-preserving-pools-20260910-v1/seed_93201/definitions/primary_candidate_93201_1427.json,primary_candidate_93201_1427,support_strict,teacher,forced_short_e015_r265,failure,verified_task_failure,False,1192,62.00960049800051,0,short_e015_r265,NA,True,scored,/home/linjiw/research-data/groot-wbc/m2s-support-pilot-acquisition-20260910-v1/seed93201_support_strict/round_008/teachers/result.json,0.005
acquisition,seed93201_support_strict/round_008/teacher/forced_prior_splice_e015_r265,seed93201_support_strict,support_strict,93201,93201,/home/linjiw/research-data/groot-wbc/m2s-support-preserving-pools-20260910-v1/seed_93201/definitions/primary_candidate_93201_1427.json,primary_candidate_93201_1427,support_strict,teacher,forced_prior_splice_e015_r265,pass,complete_pass,True,1192,62.104750100003,0,prior_splice_e015_r265,3.36,True,scored,/home/linjiw/research-data/groot-wbc/m2s-support-pilot-acquisition-20260910-v1/seed93201_support_strict/round_008/teachers/result.json,0.005
acquisition,seed93201_support_strict/round_008/teacher/forced_prior_splice_e050_r265,seed93201_support_strict,support_strict,93201,93201,/home/linjiw/research-data/groot-wbc/m2s-support-preserving-pools-20260910-v1/seed_93201/definitions/primary_candidate_93201_1427.json,primary_candidate_93201_1427,support_strict,teacher,forced_prior_splice_e050_r265,pass,complete_pass,True,1192,61.64749639099682,0,prior_splice_e050_r265,3.36,True,scored,/home/linjiw/research-data/groot-wbc/m2s-support-pilot-acquisition-20260910-v1/seed93201_support_strict/round_008/teachers/result.json,0.005
acquisition,seed93201_support_strict/round_008/teacher/forced_sustained_e070_r255,seed93201_support_strict,support_strict,93201,93201,/home/linjiw/research-data/groot-wbc/m2s-support-preserving-pools-20260910-v1/seed_93201/definitions/primary_candidate_93201_1427.json,primary_candidate_93201_1427,support_strict,teacher,forced_sustained_e070_r255,pass,complete_pass,True,1192,62.06028218999927,0,sustained_e070_r255,3.42,True,scored,/home/linjiw/research-data/groot-wbc/m2s-support-pilot-acquisition-20260910-v1/seed93201_support_strict/round_008/teachers/result.json,0.005
acquisition,seed93201_support_strict/round_008/teacher/forced_short_e070_r265,seed93201_support_strict,support_strict,93201,93201,/home/linjiw/research-data/groot-wbc/m2s-support-preserving-pools-20260910-v1/seed_93201/definitions/primary_candidate_93201_1427.json,primary_candidate_93201_1427,support_strict,teacher,forced_short_e070_r265,failure,verified_task_failure,False,1192,62.61390769300124,0,short_e070_r265,NA,True,scored,/home/linjiw/research-data/groot-wbc/m2s-support-pilot-acquisition-20260910-v1/seed93201_support_strict/round_008/teachers/result.json,0.005
acquisition,seed93201_support_broad/round_005/student/learned_neutral,seed93201_support_broad,support_broad,93201,93201,/home/linjiw/research-data/groot-wbc/m2s-support-preserving-pools-20260910-v1/seed_93201/definitions/primary_candidate_93201_1283.json,primary_candidate_93201_1283,support_broad,student,learned_neutral,pass,complete_pass,True,1192,61.49100354700022,0,prior_splice_e050_r265,5.38,True,scored,/home/linjiw/research-data/groot-wbc/m2s-support-pilot-acquisition-20260910-v1/seed93201_support_broad/round_005/student/result.json,0.005
acquisition,seed93201_support_broad/round_005/teacher/forced_prior_splice_e050_r265,seed93201_support_broad,support_broad,93201,93201,/home/linjiw/research-data/groot-wbc/m2s-support-preserving-pools-20260910-v1/seed_93201/definitions/primary_candidate_93201_1283.json,primary_candidate_93201_1283,support_broad,teacher,forced_prior_splice_e050_r265,pass,complete_pass,True,1192,60.59361958900081,0,prior_splice_e050_r265,5.38,True,scored,/home/linjiw/research-data/groot-wbc/m2s-support-pilot-acquisition-20260910-v1/seed93201_support_broad/round_005/teachers/result.json,0.005
acquisition,seed93201_support_broad/round_005/teacher/forced_prior_splice_e015_r265,seed93201_support_broad,support_broad,93201,93201,/home/linjiw/research-data/groot-wbc/m2s-support-preserving-pools-20260910-v1/seed_93201/definitions/primary_candidate_93201_1283.json,primary_candidate_93201_1283,support_broad,teacher,forced_prior_splice_e015_r265,pass,complete_pass,True,1192,60.34020949099977,0,prior_splice_e015_r265,5.4,True,scored,/home/linjiw/research-data/groot-wbc/m2s-support-pilot-acquisition-20260910-v1/seed93201_support_broad/round_005/teachers/result.json,0.005
acquisition,seed93201_support_broad/round_005/teacher/forced_sustained_e070_r255,seed93201_support_broad,support_broad,93201,93201,/home/linjiw/research-data/groot-wbc/m2s-support-preserving-pools-20260910-v1/seed_93201/definitions/primary_candidate_93201_1283.json,primary_candidate_93201_1283,support_broad,teacher,forced_sustained_e070_r255,failure,verified_task_failure,False,1192,61.55475258899969,0,sustained_e070_r255,NA,True,scored,/home/linjiw/research-data/groot-wbc/m2s-support-pilot-acquisition-20260910-v1/seed93201_support_broad/round_005/teachers/result.json,0.005
acquisition,seed93201_support_broad/round_005/teacher/forced_neutral,seed93201_support_broad,support_broad,93201,93201,/home/linjiw/research-data/groot-wbc/m2s-support-preserving-pools-20260910-v1/seed_93201/definitions/primary_candidate_93201_1283.json,primary_candidate_93201_1283,support_broad,teacher,forced_neutral,pass,complete_pass,True,1192,62.098062348000894,0,neutral,5.4,True,scored,/home/linjiw/research-data/groot-wbc/m2s-support-pilot-acquisition-20260910-v1/seed93201_support_broad/round_005/teachers/result.json,0.005
acquisition,seed93201_support_broad/round_005/teacher/forced_sustained_e015_r255,seed93201_support_broad,support_broad,93201,93201,/home/linjiw/research-data/groot-wbc/m2s-support-preserving-pools-20260910-v1/seed_93201/definitions/primary_candidate_93201_1283.json,primary_candidate_93201_1283,support_broad,teacher,forced_sustained_e015_r255,failure,verified_task_failure,False,1192,62.20569137200073,0,sustained_e015_r255,NA,True,scored,/home/linjiw/research-data/groot-wbc/m2s-support-pilot-acquisition-20260910-v1/seed93201_support_broad/round_005/teachers/result.json,0.005
acquisition,seed93201_support_broad/round_005/teacher/forced_short_e015_r265,seed93201_support_broad,support_broad,93201,93201,/home/linjiw/research-data/groot-wbc/m2s-support-preserving-pools-20260910-v1/seed_93201/definitions/primary_candidate_93201_1283.json,primary_candidate_93201_1283,support_broad,teacher,forced_short_e015_r265,pass,complete_pass,True,1192,60.537247881999065,0,short_e015_r265,5.9,True,scored,/home/linjiw/research-data/groot-wbc/m2s-support-pilot-acquisition-20260910-v1/seed93201_support_broad/round_005/teachers/result.json,0.005
acquisition,seed93201_support_broad/round_005/teacher/forced_short_e070_r265,seed93201_support_broad,support_broad,93201,93201,/home/linjiw/research-data/groot-wbc/m2s-support-preserving-pools-20260910-v1/seed_93201/definitions/primary_candidate_93201_1283.json,primary_candidate_93201_1283,support_broad,teacher,forced_short_e070_r265,pass,complete_pass,True,1192,78.68297350100147,0,short_e070_r265,5.9,True,scored,/home/linjiw/research-data/groot-wbc/m2s-support-pilot-acquisition-20260910-v1/seed93201_support_broad/round_005/teachers/result.json,0.005
acquisition,seed93201_support_broad/round_006/student/learned_neutral,seed93201_support_broad,support_broad,93201,93201,/home/linjiw/research-data/groot-wbc/m2s-support-preserving-pools-20260910-v1/seed_93201/definitions/primary_candidate_93201_1280.json,primary_candidate_93201_1280,support_broad,student,learned_neutral,pass,complete_pass,True,1192,59.29008832299951,0,prior_splice_e050_r265,2.94,True,scored,/home/linjiw/research-data/groot-wbc/m2s-support-pilot-acquisition-20260910-v1/seed93201_support_broad/round_006/student/result.json,0.005
acquisition,seed93201_support_broad/round_006/teacher/forced_prior_splice_e050_r265,seed93201_support_broad,support_broad,93201,93201,/home/linjiw/research-data/groot-wbc/m2s-support-preserving-pools-20260910-v1/seed_93201/definitions/primary_candidate_93201_1280.json,primary_candidate_93201_1280,support_broad,teacher,forced_prior_splice_e050_r265,pass,complete_pass,True,1192,59.13430689499728,0,prior_splice_e050_r265,2.94,True,scored,/home/linjiw/research-data/groot-wbc/m2s-support-pilot-acquisition-20260910-v1/seed93201_support_broad/round_006/teachers/result.json,0.005
acquisition,seed93201_support_broad/round_006/teacher/forced_sustained_e070_r255,seed93201_support_broad,support_broad,93201,93201,/home/linjiw/research-data/groot-wbc/m2s-support-preserving-pools-20260910-v1/seed_93201/definitions/primary_candidate_93201_1280.json,primary_candidate_93201_1280,support_broad,teacher,forced_sustained_e070_r255,pass,complete_pass,True,1192,59.241631610002514,0,sustained_e070_r255,2.96,True,scored,/home/linjiw/research-data/groot-wbc/m2s-support-pilot-acquisition-20260910-v1/seed93201_support_broad/round_006/teachers/result.json,0.005
acquisition,seed93201_support_broad/round_006/teacher/forced_prior_splice_e015_r265,seed93201_support_broad,support_broad,93201,93201,/home/linjiw/research-data/groot-wbc/m2s-support-preserving-pools-20260910-v1/seed_93201/definitions/primary_candidate_93201_1280.json,primary_candidate_93201_1280,support_broad,teacher,forced_prior_splice_e015_r265,pass,complete_pass,True,1192,59.14257731199905,0,prior_splice_e015_r265,2.94,True,scored,/home/linjiw/research-data/groot-wbc/m2s-support-pilot-acquisition-20260910-v1/seed93201_support_broad/round_006/teachers/result.json,0.005
acquisition,seed93201_support_broad/round_006/teacher/forced_neutral,seed93201_support_broad,support_broad,93201,93201,/home/linjiw/research-data/groot-wbc/m2s-support-preserving-pools-20260910-v1/seed_93201/definitions/primary_candidate_93201_1280.json,primary_candidate_93201_1280,support_broad,teacher,forced_neutral,pass,complete_pass,True,1192,59.135839763999684,0,neutral,2.96,True,scored,/home/linjiw/research-data/groot-wbc/m2s-support-pilot-acquisition-20260910-v1/seed93201_support_broad/round_006/teachers/result.json,0.005
acquisition,seed93201_support_broad/round_006/teacher/forced_short_e015_r265,seed93201_support_broad,support_broad,93201,93201,/home/linjiw/research-data/groot-wbc/m2s-support-preserving-pools-20260910-v1/seed_93201/definitions/primary_candidate_93201_1280.json,primary_candidate_93201_1280,support_broad,teacher,forced_short_e015_r265,pass,complete_pass,True,1192,59.38371499200002,0,short_e015_r265,2.96,True,scored,/home/linjiw/research-data/groot-wbc/m2s-support-pilot-acquisition-20260910-v1/seed93201_support_broad/round_006/teachers/result.json,0.005
acquisition,seed93201_support_broad/round_006/teacher/forced_sustained_e015_r255,seed93201_support_broad,support_broad,93201,93201,/home/linjiw/research-data/groot-wbc/m2s-support-preserving-pools-20260910-v1/seed_93201/definitions/primary_candidate_93201_1280.json,primary_candidate_93201_1280,support_broad,teacher,forced_sustained_e015_r255,pass,complete_pass,True,1192,59.3410864940015,0,sustained_e015_r255,2.96,True,scored,/home/linjiw/research-data/groot-wbc/m2s-support-pilot-acquisition-20260910-v1/seed93201_support_broad/round_006/teachers/result.json,0.005
acquisition,seed93201_support_broad/round_006/teacher/forced_short_e070_r265,seed93201_support_broad,support_broad,93201,93201,/home/linjiw/research-data/groot-wbc/m2s-support-preserving-pools-20260910-v1/seed_93201/definitions/primary_candidate_93201_1280.json,primary_candidate_93201_1280,support_broad,teacher,forced_short_e070_r265,pass,complete_pass,True,1192,59.19196079899848,0,short_e070_r265,2.96,True,scored,/home/linjiw/research-data/groot-wbc/m2s-support-pilot-acquisition-20260910-v1/seed93201_support_broad/round_006/teachers/result.json,0.005
acquisition,seed93201_support_broad/round_007/student/learned_neutral,seed93201_support_broad,support_broad,93201,93201,/home/linjiw/research-data/groot-wbc/m2s-support-preserving-pools-20260910-v1/seed_93201/definitions/primary_candidate_93201_1281.json,primary_candidate_93201_1281,support_broad,student,learned_neutral,failure,verified_task_failure,False,1192,61.99135883100098,0,prior_splice_e050_r265,NA,True,scored,/home/linjiw/research-data/groot-wbc/m2s-support-pilot-acquisition-20260910-v1/seed93201_support_broad/round_007/student/result.json,0.005
acquisition,seed93201_support_broad/round_007/teacher/forced_prior_splice_e050_r265,seed93201_support_broad,support_broad,93201,93201,/home/linjiw/research-data/groot-wbc/m2s-support-preserving-pools-20260910-v1/seed_93201/definitions/primary_candidate_93201_1281.json,primary_candidate_93201_1281,support_broad,teacher,forced_prior_splice_e050_r265,failure,verified_task_failure,False,1192,61.74397811500239,0,prior_splice_e050_r265,NA,True,scored,/home/linjiw/research-data/groot-wbc/m2s-support-pilot-acquisition-20260910-v1/seed93201_support_broad/round_007/teachers/result.json,0.005
acquisition,seed93201_support_broad/round_007/teacher/forced_sustained_e015_r255,seed93201_support_broad,support_broad,93201,93201,/home/linjiw/research-data/groot-wbc/m2s-support-preserving-pools-20260910-v1/seed_93201/definitions/primary_candidate_93201_1281.json,primary_candidate_93201_1281,support_broad,teacher,forced_sustained_e015_r255,failure,verified_task_failure,False,1192,62.544279024998104,0,sustained_e015_r255,NA,True,scored,/home/linjiw/research-data/groot-wbc/m2s-support-pilot-acquisition-20260910-v1/seed93201_support_broad/round_007/teachers/result.json,0.005
acquisition,seed93201_support_broad/round_007/teacher/forced_short_e015_r265,seed93201_support_broad,support_broad,93201,93201,/home/linjiw/research-data/groot-wbc/m2s-support-preserving-pools-20260910-v1/seed_93201/definitions/primary_candidate_93201_1281.json,primary_candidate_93201_1281,support_broad,teacher,forced_short_e015_r265,failure,verified_task_failure,False,1192,62.238350715000706,0,short_e015_r265,NA,True,scored,/home/linjiw/research-data/groot-wbc/m2s-support-pilot-acquisition-20260910-v1/seed93201_support_broad/round_007/teachers/result.json,0.005
acquisition,seed93201_support_broad/round_007/teacher/forced_prior_splice_e015_r265,seed93201_support_broad,support_broad,93201,93201,/home/linjiw/research-data/groot-wbc/m2s-support-preserving-pools-20260910-v1/seed_93201/definitions/primary_candidate_93201_1281.json,primary_candidate_93201_1281,support_broad,teacher,forced_prior_splice_e015_r265,failure,verified_task_failure,False,1192,61.94636403600089,0,prior_splice_e015_r265,NA,True,scored,/home/linjiw/research-data/groot-wbc/m2s-support-pilot-acquisition-20260910-v1/seed93201_support_broad/round_007/teachers/result.json,0.005
acquisition,seed93201_support_broad/round_007/teacher/forced_sustained_e070_r255,seed93201_support_broad,support_broad,93201,93201,/home/linjiw/research-data/groot-wbc/m2s-support-preserving-pools-20260910-v1/seed_93201/definitions/primary_candidate_93201_1281.json,primary_candidate_93201_1281,support_broad,teacher,forced_sustained_e070_r255,failure,verified_task_failure,False,1192,62.24146817300061,0,sustained_e070_r255,NA,True,scored,/home/linjiw/research-data/groot-wbc/m2s-support-pilot-acquisition-20260910-v1/seed93201_support_broad/round_007/teachers/result.json,0.005
acquisition,seed93201_support_broad/round_007/teacher/forced_neutral,seed93201_support_broad,support_broad,93201,93201,/home/linjiw/research-data/groot-wbc/m2s-support-preserving-pools-20260910-v1/seed_93201/definitions/primary_candidate_93201_1281.json,primary_candidate_93201_1281,support_broad,teacher,forced_neutral,failure,verified_task_failure,False,1192,62.39059316000203,0,neutral,NA,True,scored,/home/linjiw/research-data/groot-wbc/m2s-support-pilot-acquisition-20260910-v1/seed93201_support_broad/round_007/teachers/result.json,0.005
acquisition,seed93201_support_broad/round_007/teacher/forced_short_e070_r265,seed93201_support_broad,support_broad,93201,93201,/home/linjiw/research-data/groot-wbc/m2s-support-preserving-pools-20260910-v1/seed_93201/definitions/primary_candidate_93201_1281.json,primary_candidate_93201_1281,support_broad,teacher,forced_short_e070_r265,failure,verified_task_failure,False,1192,62.141905813998164,0,short_e070_r265,NA,True,scored,/home/linjiw/research-data/groot-wbc/m2s-support-pilot-acquisition-20260910-v1/seed93201_support_broad/round_007/teachers/result.json,0.005
acquisition,seed93201_support_broad/round_008/student/learned_neutral,seed93201_support_broad,support_broad,93201,93201,/home/linjiw/research-data/groot-wbc/m2s-support-preserving-pools-20260910-v1/seed_93201/definitions/primary_candidate_93201_1282.json,primary_candidate_93201_1282,support_broad,student,learned_neutral,pass,complete_pass,True,1192,62.5058492629978,0,prior_splice_e050_r265,3.0,True,scored,/home/linjiw/research-data/groot-wbc/m2s-support-pilot-acquisition-20260910-v1/seed93201_support_broad/round_008/student/result.json,0.005
acquisition,seed93201_support_broad/round_008/teacher/forced_sustained_e070_r255,seed93201_support_broad,support_broad,93201,93201,/home/linjiw/research-data/groot-wbc/m2s-support-preserving-pools-20260910-v1/seed_93201/definitions/primary_candidate_93201_1282.json,primary_candidate_93201_1282,support_broad,teacher,forced_sustained_e070_r255,pass,complete_pass,True,1192,62.45917163900231,0,sustained_e070_r255,3.36,True,scored,/home/linjiw/research-data/groot-wbc/m2s-support-pilot-acquisition-20260910-v1/seed93201_support_broad/round_008/teachers/result.json,0.005
acquisition,seed93201_support_broad/round_008/teacher/forced_short_e015_r265,seed93201_support_broad,support_broad,93201,93201,/home/linjiw/research-data/groot-wbc/m2s-support-preserving-pools-20260910-v1/seed_93201/definitions/primary_candidate_93201_1282.json,primary_candidate_93201_1282,support_broad,teacher,forced_short_e015_r265,pass,complete_pass,True,1192,61.596848149001744,0,short_e015_r265,3.34,True,scored,/home/linjiw/research-data/groot-wbc/m2s-support-pilot-acquisition-20260910-v1/seed93201_support_broad/round_008/teachers/result.json,0.005
acquisition,seed93201_support_broad/round_008/teacher/forced_short_e070_r265,seed93201_support_broad,support_broad,93201,93201,/home/linjiw/research-data/groot-wbc/m2s-support-preserving-pools-20260910-v1/seed_93201/definitions/primary_candidate_93201_1282.json,primary_candidate_93201_1282,support_broad,teacher,forced_short_e070_r265,pass,complete_pass,True,1192,62.25495449099981,0,short_e070_r265,3.34,True,scored,/home/linjiw/research-data/groot-wbc/m2s-support-pilot-acquisition-20260910-v1/seed93201_support_broad/round_008/teachers/result.json,0.005
acquisition,seed93201_support_broad/round_008/teacher/forced_sustained_e015_r255,seed93201_support_broad,support_broad,93201,93201,/home/linjiw/research-data/groot-wbc/m2s-support-preserving-pools-20260910-v1/seed_93201/definitions/primary_candidate_93201_1282.json,primary_candidate_93201_1282,support_broad,teacher,forced_sustained_e015_r255,pass,complete_pass,True,1192,62.3030997149981,0,sustained_e015_r255,3.36,True,scored,/home/linjiw/research-data/groot-wbc/m2s-support-pilot-acquisition-20260910-v1/seed93201_support_broad/round_008/teachers/result.json,0.005
acquisition,seed93201_support_broad/round_008/teacher/forced_prior_splice_e015_r265,seed93201_support_broad,support_broad,93201,93201,/home/linjiw/research-data/groot-wbc/m2s-support-preserving-pools-20260910-v1/seed_93201/definitions/primary_candidate_93201_1282.json,primary_candidate_93201_1282,support_broad,teacher,forced_prior_splice_e015_r265,pass,complete_pass,True,1192,61.602976292000676,0,prior_splice_e015_r265,3.0,True,scored,/home/linjiw/research-data/groot-wbc/m2s-support-pilot-acquisition-20260910-v1/seed93201_support_broad/round_008/teachers/result.json,0.005
acquisition,seed93201_support_broad/round_008/teacher/forced_neutral,seed93201_support_broad,support_broad,93201,93201,/home/linjiw/research-data/groot-wbc/m2s-support-preserving-pools-20260910-v1/seed_93201/definitions/primary_candidate_93201_1282.json,primary_candidate_93201_1282,support_broad,teacher,forced_neutral,pass,complete_pass,True,1192,60.84944817900032,0,neutral,3.34,True,scored,/home/linjiw/research-data/groot-wbc/m2s-support-pilot-acquisition-20260910-v1/seed93201_support_broad/round_008/teachers/result.json,0.005
acquisition,seed93201_support_broad/round_008/teacher/forced_prior_splice_e050_r265,seed93201_support_broad,support_broad,93201,93201,/home/linjiw/research-data/groot-wbc/m2s-support-preserving-pools-20260910-v1/seed_93201/definitions/primary_candidate_93201_1282.json,primary_candidate_93201_1282,support_broad,teacher,forced_prior_splice_e050_r265,pass,complete_pass,True,1192,60.8002786199977,0,prior_splice_e050_r265,3.0,True,scored,/home/linjiw/research-data/groot-wbc/m2s-support-pilot-acquisition-20260910-v1/seed93201_support_broad/round_008/teachers/result.json,0.005
acquisition,seed93201_support_mixture/round_005/student/learned_neutral,seed93201_support_mixture,support_mixture,93201,93201,/home/linjiw/research-data/groot-wbc/m2s-support-preserving-pools-20260910-v1/seed_93201/definitions/primary_candidate_93201_1723.json,primary_candidate_93201_1723,support_strict,student,learned_neutral,pass,complete_pass,True,1192,82.48730871400039,0,prior_splice_e050_r265,4.82,True,scored,/home/linjiw/research-data/groot-wbc/m2s-support-pilot-acquisition-20260910-v1/seed93201_support_mixture/round_005/student/result.json,0.005
acquisition,seed93201_support_mixture/round_005/teacher/forced_prior_splice_e050_r265,seed93201_support_mixture,support_mixture,93201,93201,/home/linjiw/research-data/groot-wbc/m2s-support-preserving-pools-20260910-v1/seed_93201/definitions/primary_candidate_93201_1723.json,primary_candidate_93201_1723,support_strict,teacher,forced_prior_splice_e050_r265,pass,complete_pass,True,1192,82.71189701500043,0,prior_splice_e050_r265,4.82,True,scored,/home/linjiw/research-data/groot-wbc/m2s-support-pilot-acquisition-20260910-v1/seed93201_support_mixture/round_005/teachers/result.json,0.005
acquisition,seed93201_support_mixture/round_005/teacher/forced_short_e070_r265,seed93201_support_mixture,support_mixture,93201,93201,/home/linjiw/research-data/groot-wbc/m2s-support-preserving-pools-20260910-v1/seed_93201/definitions/primary_candidate_93201_1723.json,primary_candidate_93201_1723,support_strict,teacher,forced_short_e070_r265,failure,verified_task_failure,False,1192,106.39670073599882,0,short_e070_r265,NA,True,scored,/home/linjiw/research-data/groot-wbc/m2s-support-pilot-acquisition-20260910-v1/seed93201_support_mixture/round_005/teachers/result.json,0.005
acquisition,seed93201_support_mixture/round_005/teacher/forced_neutral,seed93201_support_mixture,support_mixture,93201,93201,/home/linjiw/research-data/groot-wbc/m2s-support-preserving-pools-20260910-v1/seed_93201/definitions/primary_candidate_93201_1723.json,primary_candidate_93201_1723,support_strict,teacher,forced_neutral,failure,verified_task_failure,False,1192,94.98758065900074,0,neutral,NA,True,scored,/home/linjiw/research-data/groot-wbc/m2s-support-pilot-acquisition-20260910-v1/seed93201_support_mixture/round_005/teachers/result.json,0.005
acquisition,seed93201_support_mixture/round_005/teacher/forced_sustained_e015_r255,seed93201_support_mixture,support_mixture,93201,93201,/home/linjiw/research-data/groot-wbc/m2s-support-preserving-pools-20260910-v1/seed_93201/definitions/primary_candidate_93201_1723.json,primary_candidate_93201_1723,support_strict,teacher,forced_sustained_e015_r255,pass,complete_pass,True,1192,92.57270431899997,0,sustained_e015_r255,5.36,True,scored,/home/linjiw/research-data/groot-wbc/m2s-support-pilot-acquisition-20260910-v1/seed93201_support_mixture/round_005/teachers/result.json,0.005
acquisition,seed93201_support_mixture/round_005/teacher/forced_prior_splice_e015_r265,seed93201_support_mixture,support_mixture,93201,93201,/home/linjiw/research-data/groot-wbc/m2s-support-preserving-pools-20260910-v1/seed_93201/definitions/primary_candidate_93201_1723.json,primary_candidate_93201_1723,support_strict,teacher,forced_prior_splice_e015_r265,pass,complete_pass,True,1192,97.18165680499988,0,prior_splice_e015_r265,4.82,True,scored,/home/linjiw/research-data/groot-wbc/m2s-support-pilot-acquisition-20260910-v1/seed93201_support_mixture/round_005/teachers/result.json,0.005
acquisition,seed93201_support_mixture/round_005/teacher/forced_sustained_e070_r255,seed93201_support_mixture,support_mixture,93201,93201,/home/linjiw/research-data/groot-wbc/m2s-support-preserving-pools-20260910-v1/seed_93201/definitions/primary_candidate_93201_1723.json,primary_candidate_93201_1723,support_strict,teacher,forced_sustained_e070_r255,pass,complete_pass,True,1192,66.55637329000092,0,sustained_e070_r255,5.36,True,scored,/home/linjiw/research-data/groot-wbc/m2s-support-pilot-acquisition-20260910-v1/seed93201_support_mixture/round_005/teachers/result.json,0.005
acquisition,seed93201_support_mixture/round_005/teacher/forced_short_e015_r265,seed93201_support_mixture,support_mixture,93201,93201,/home/linjiw/research-data/groot-wbc/m2s-support-preserving-pools-20260910-v1/seed_93201/definitions/primary_candidate_93201_1723.json,primary_candidate_93201_1723,support_strict,teacher,forced_short_e015_r265,failure,verified_task_failure,False,1192,76.71818149499995,0,short_e015_r265,NA,True,scored,/home/linjiw/research-data/groot-wbc/m2s-support-pilot-acquisition-20260910-v1/seed93201_support_mixture/round_005/teachers/result.json,0.005
acquisition,seed93201_support_mixture/round_006/student/learned_neutral,seed93201_support_mixture,support_mixture,93201,93201,/home/linjiw/research-data/groot-wbc/m2s-support-preserving-pools-20260910-v1/seed_93201/definitions/primary_candidate_93201_1280.json,primary_candidate_93201_1280,support_broad,student,learned_neutral,pass,complete_pass,True,1192,59.59199214099863,0,prior_splice_e050_r265,2.94,True,scored,/home/linjiw/research-data/groot-wbc/m2s-support-pilot-acquisition-20260910-v1/seed93201_support_mixture/round_006/student/result.json,0.005
acquisition,seed93201_support_mixture/round_006/teacher/forced_prior_splice_e050_r265,seed93201_support_mixture,support_mixture,93201,93201,/home/linjiw/research-data/groot-wbc/m2s-support-preserving-pools-20260910-v1/seed_93201/definitions/primary_candidate_93201_1280.json,primary_candidate_93201_1280,support_broad,teacher,forced_prior_splice_e050_r265,pass,complete_pass,True,1192,59.63867940400087,0,prior_splice_e050_r265,2.94,True,scored,/home/linjiw/research-data/groot-wbc/m2s-support-pilot-acquisition-20260910-v1/seed93201_support_mixture/round_006/teachers/result.json,0.005
acquisition,seed93201_support_mixture/round_006/teacher/forced_sustained_e070_r255,seed93201_support_mixture,support_mixture,93201,93201,/home/linjiw/research-data/groot-wbc/m2s-support-preserving-pools-20260910-v1/seed_93201/definitions/primary_candidate_93201_1280.json,primary_candidate_93201_1280,support_broad,teacher,forced_sustained_e070_r255,pass,complete_pass,True,1192,59.04071479200138,0,sustained_e070_r255,2.96,True,scored,/home/linjiw/research-data/groot-wbc/m2s-support-pilot-acquisition-20260910-v1/seed93201_support_mixture/round_006/teachers/result.json,0.005
acquisition,seed93201_support_mixture/round_006/teacher/forced_prior_splice_e015_r265,seed93201_support_mixture,support_mixture,93201,93201,/home/linjiw/research-data/groot-wbc/m2s-support-preserving-pools-20260910-v1/seed_93201/definitions/primary_candidate_93201_1280.json,primary_candidate_93201_1280,support_broad,teacher,forced_prior_splice_e015_r265,pass,complete_pass,True,1192,59.233809261000715,0,prior_splice_e015_r265,2.94,True,scored,/home/linjiw/research-data/groot-wbc/m2s-support-pilot-acquisition-20260910-v1/seed93201_support_mixture/round_006/teachers/result.json,0.005
acquisition,seed93201_support_mixture/round_006/teacher/forced_neutral,seed93201_support_mixture,support_mixture,93201,93201,/home/linjiw/research-data/groot-wbc/m2s-support-preserving-pools-20260910-v1/seed_93201/definitions/primary_candidate_93201_1280.json,primary_candidate_93201_1280,support_broad,teacher,forced_neutral,pass,complete_pass,True,1192,58.94185165700037,0,neutral,2.96,True,scored,/home/linjiw/research-data/groot-wbc/m2s-support-pilot-acquisition-20260910-v1/seed93201_support_mixture/round_006/teachers/result.json,0.005
acquisition,seed93201_support_mixture/round_006/teacher/forced_short_e015_r265,seed93201_support_mixture,support_mixture,93201,93201,/home/linjiw/research-data/groot-wbc/m2s-support-preserving-pools-20260910-v1/seed_93201/definitions/primary_candidate_93201_1280.json,primary_candidate_93201_1280,support_broad,teacher,forced_short_e015_r265,pass,complete_pass,True,1192,58.842899491002754,0,short_e015_r265,2.96,True,scored,/home/linjiw/research-data/groot-wbc/m2s-support-pilot-acquisition-20260910-v1/seed93201_support_mixture/round_006/teachers/result.json,0.005
acquisition,seed93201_support_mixture/round_006/teacher/forced_sustained_e015_r255,seed93201_support_mixture,support_mixture,93201,93201,/home/linjiw/research-data/groot-wbc/m2s-support-preserving-pools-20260910-v1/seed_93201/definitions/primary_candidate_93201_1280.json,primary_candidate_93201_1280,support_broad,teacher,forced_sustained_e015_r255,pass,complete_pass,True,1192,59.04349566000019,0,sustained_e015_r255,2.96,True,scored,/home/linjiw/research-data/groot-wbc/m2s-support-pilot-acquisition-20260910-v1/seed93201_support_mixture/round_006/teachers/result.json,0.005
acquisition,seed93201_support_mixture/round_006/teacher/forced_short_e070_r265,seed93201_support_mixture,support_mixture,93201,93201,/home/linjiw/research-data/groot-wbc/m2s-support-preserving-pools-20260910-v1/seed_93201/definitions/primary_candidate_93201_1280.json,primary_candidate_93201_1280,support_broad,teacher,forced_short_e070_r265,pass,complete_pass,True,1192,59.08633779699812,0,short_e070_r265,2.96,True,scored,/home/linjiw/research-data/groot-wbc/m2s-support-pilot-acquisition-20260910-v1/seed93201_support_mixture/round_006/teachers/result.json,0.005
acquisition,seed93201_support_mixture/round_007/student/learned_neutral,seed93201_support_mixture,support_mixture,93201,93201,/home/linjiw/research-data/groot-wbc/m2s-support-preserving-pools-20260910-v1/seed_93201/definitions/primary_candidate_93201_2391.json,primary_candidate_93201_2391,support_strict,student,learned_neutral,pass,complete_pass,True,1192,59.68908537799871,0,prior_splice_e050_r265,4.62,True,scored,/home/linjiw/research-data/groot-wbc/m2s-support-pilot-acquisition-20260910-v1/seed93201_support_mixture/round_007/student/result.json,0.005
acquisition,seed93201_support_mixture/round_007/teacher/forced_short_e070_r265,seed93201_support_mixture,support_mixture,93201,93201,/home/linjiw/research-data/groot-wbc/m2s-support-preserving-pools-20260910-v1/seed_93201/definitions/primary_candidate_93201_2391.json,primary_candidate_93201_2391,support_strict,teacher,forced_short_e070_r265,pass,complete_pass,True,1192,60.03982451000047,0,short_e070_r265,4.72,True,scored,/home/linjiw/research-data/groot-wbc/m2s-support-pilot-acquisition-20260910-v1/seed93201_support_mixture/round_007/teachers/result.json,0.005
acquisition,seed93201_support_mixture/round_007/teacher/forced_prior_splice_e015_r265,seed93201_support_mixture,support_mixture,93201,93201,/home/linjiw/research-data/groot-wbc/m2s-support-preserving-pools-20260910-v1/seed_93201/definitions/primary_candidate_93201_2391.json,primary_candidate_93201_2391,support_strict,teacher,forced_prior_splice_e015_r265,pass,complete_pass,True,1192,59.74186896000174,0,prior_splice_e015_r265,4.62,True,scored,/home/linjiw/research-data/groot-wbc/m2s-support-pilot-acquisition-20260910-v1/seed93201_support_mixture/round_007/teachers/result.json,0.005
acquisition,seed93201_support_mixture/round_007/teacher/forced_sustained_e070_r255,seed93201_support_mixture,support_mixture,93201,93201,/home/linjiw/research-data/groot-wbc/m2s-support-preserving-pools-20260910-v1/seed_93201/definitions/primary_candidate_93201_2391.json,primary_candidate_93201_2391,support_strict,teacher,forced_sustained_e070_r255,pass,complete_pass,True,1192,59.791374114000064,0,sustained_e070_r255,4.76,True,scored,/home/linjiw/research-data/groot-wbc/m2s-support-pilot-acquisition-20260910-v1/seed93201_support_mixture/round_007/teachers/result.json,0.005
acquisition,seed93201_support_mixture/round_007/teacher/forced_short_e015_r265,seed93201_support_mixture,support_mixture,93201,93201,/home/linjiw/research-data/groot-wbc/m2s-support-preserving-pools-20260910-v1/seed_93201/definitions/primary_candidate_93201_2391.json,primary_candidate_93201_2391,support_strict,teacher,forced_short_e015_r265,pass,complete_pass,True,1192,59.79134218499894,0,short_e015_r265,4.72,True,scored,/home/linjiw/research-data/groot-wbc/m2s-support-pilot-acquisition-20260910-v1/seed93201_support_mixture/round_007/teachers/result.json,0.005
acquisition,seed93201_support_mixture/round_007/teacher/forced_neutral,seed93201_support_mixture,support_mixture,93201,93201,/home/linjiw/research-data/groot-wbc/m2s-support-preserving-pools-20260910-v1/seed_93201/definitions/primary_candidate_93201_2391.json,primary_candidate_93201_2391,support_strict,teacher,forced_neutral,failure,verified_task_failure,False,1192,60.04215240600024,0,neutral,NA,True,scored,/home/linjiw/research-data/groot-wbc/m2s-support-pilot-acquisition-20260910-v1/seed93201_support_mixture/round_007/teachers/result.json,0.005
acquisition,seed93201_support_mixture/round_007/teacher/forced_prior_splice_e050_r265,seed93201_support_mixture,support_mixture,93201,93201,/home/linjiw/research-data/groot-wbc/m2s-support-preserving-pools-20260910-v1/seed_93201/definitions/primary_candidate_93201_2391.json,primary_candidate_93201_2391,support_strict,teacher,forced_prior_splice_e050_r265,pass,complete_pass,True,1192,60.597139304998564,0,prior_splice_e050_r265,4.62,True,scored,/home/linjiw/research-data/groot-wbc/m2s-support-pilot-acquisition-20260910-v1/seed93201_support_mixture/round_007/teachers/result.json,0.005
acquisition,seed93201_support_mixture/round_007/teacher/forced_sustained_e015_r255,seed93201_support_mixture,support_mixture,93201,93201,/home/linjiw/research-data/groot-wbc/m2s-support-preserving-pools-20260910-v1/seed_93201/definitions/primary_candidate_93201_2391.json,primary_candidate_93201_2391,support_strict,teacher,forced_sustained_e015_r255,pass,complete_pass,True,1192,61.94825426800162,0,sustained_e015_r255,4.76,True,scored,/home/linjiw/research-data/groot-wbc/m2s-support-pilot-acquisition-20260910-v1/seed93201_support_mixture/round_007/teachers/result.json,0.005
acquisition,seed93201_support_mixture/round_008/student/learned_neutral,seed93201_support_mixture,support_mixture,93201,93201,/home/linjiw/research-data/groot-wbc/m2s-support-preserving-pools-20260910-v1/seed_93201/definitions/primary_candidate_93201_1282.json,primary_candidate_93201_1282,support_broad,student,learned_neutral,pass,complete_pass,True,1192,59.74559806600155,0,prior_splice_e050_r265,3.0,True,scored,/home/linjiw/research-data/groot-wbc/m2s-support-pilot-acquisition-20260910-v1/seed93201_support_mixture/round_008/student/result.json,0.005
acquisition,seed93201_support_mixture/round_008/teacher/forced_sustained_e070_r255,seed93201_support_mixture,support_mixture,93201,93201,/home/linjiw/research-data/groot-wbc/m2s-support-preserving-pools-20260910-v1/seed_93201/definitions/primary_candidate_93201_1282.json,primary_candidate_93201_1282,support_broad,teacher,forced_sustained_e070_r255,pass,complete_pass,True,1192,60.54924786600168,0,sustained_e070_r255,3.36,True,scored,/home/linjiw/research-data/groot-wbc/m2s-support-pilot-acquisition-20260910-v1/seed93201_support_mixture/round_008/teachers/result.json,0.005
acquisition,seed93201_support_mixture/round_008/teacher/forced_short_e015_r265,seed93201_support_mixture,support_mixture,93201,93201,/home/linjiw/research-data/groot-wbc/m2s-support-preserving-pools-20260910-v1/seed_93201/definitions/primary_candidate_93201_1282.json,primary_candidate_93201_1282,support_broad,teacher,forced_short_e015_r265,pass,complete_pass,True,1192,61.55113381499905,0,short_e015_r265,3.34,True,scored,/home/linjiw/research-data/groot-wbc/m2s-support-pilot-acquisition-20260910-v1/seed93201_support_mixture/round_008/teachers/result.json,0.005
acquisition,seed93201_support_mixture/round_008/teacher/forced_short_e070_r265,seed93201_support_mixture,support_mixture,93201,93201,/home/linjiw/research-data/groot-wbc/m2s-support-preserving-pools-20260910-v1/seed_93201/definitions/primary_candidate_93201_1282.json,primary_candidate_93201_1282,support_broad,teacher,forced_short_e070_r265,pass,complete_pass,True,1192,61.20020099399699,0,short_e070_r265,3.34,True,scored,/home/linjiw/research-data/groot-wbc/m2s-support-pilot-acquisition-20260910-v1/seed93201_support_mixture/round_008/teachers/result.json,0.005
acquisition,seed93201_support_mixture/round_008/teacher/forced_sustained_e015_r255,seed93201_support_mixture,support_mixture,93201,93201,/home/linjiw/research-data/groot-wbc/m2s-support-preserving-pools-20260910-v1/seed_93201/definitions/primary_candidate_93201_1282.json,primary_candidate_93201_1282,support_broad,teacher,forced_sustained_e015_r255,pass,complete_pass,True,1192,60.29463206500077,0,sustained_e015_r255,3.36,True,scored,/home/linjiw/research-data/groot-wbc/m2s-support-pilot-acquisition-20260910-v1/seed93201_support_mixture/round_008/teachers/result.json,0.005
acquisition,seed93201_support_mixture/round_008/teacher/forced_prior_splice_e015_r265,seed93201_support_mixture,support_mixture,93201,93201,/home/linjiw/research-data/groot-wbc/m2s-support-preserving-pools-20260910-v1/seed_93201/definitions/primary_candidate_93201_1282.json,primary_candidate_93201_1282,support_broad,teacher,forced_prior_splice_e015_r265,pass,complete_pass,True,1192,60.70042217200171,0,prior_splice_e015_r265,3.0,True,scored,/home/linjiw/research-data/groot-wbc/m2s-support-pilot-acquisition-20260910-v1/seed93201_support_mixture/round_008/teachers/result.json,0.005
acquisition,seed93201_support_mixture/round_008/teacher/forced_neutral,seed93201_support_mixture,support_mixture,93201,93201,/home/linjiw/research-data/groot-wbc/m2s-support-preserving-pools-20260910-v1/seed_93201/definitions/primary_candidate_93201_1282.json,primary_candidate_93201_1282,support_broad,teacher,forced_neutral,pass,complete_pass,True,1192,61.60328703200139,0,neutral,3.34,True,scored,/home/linjiw/research-data/groot-wbc/m2s-support-pilot-acquisition-20260910-v1/seed93201_support_mixture/round_008/teachers/result.json,0.005
acquisition,seed93201_support_mixture/round_008/teacher/forced_prior_splice_e050_r265,seed93201_support_mixture,support_mixture,93201,93201,/home/linjiw/research-data/groot-wbc/m2s-support-preserving-pools-20260910-v1/seed_93201/definitions/primary_candidate_93201_1282.json,primary_candidate_93201_1282,support_broad,teacher,forced_prior_splice_e050_r265,pass,complete_pass,True,1192,61.10353254800066,0,prior_splice_e050_r265,3.0,True,scored,/home/linjiw/research-data/groot-wbc/m2s-support-pilot-acquisition-20260910-v1/seed93201_support_mixture/round_008/teachers/result.json,0.005
acquisition,seed93202_support_strict/round_005/student/learned_neutral,seed93202_support_strict,support_strict,93202,93202,/home/linjiw/research-data/groot-wbc/m2s-support-preserving-pools-20260910-v1/seed_93202/definitions/primary_candidate_93202_2078.json,primary_candidate_93202_2078,support_strict,student,learned_neutral,pass,complete_pass,True,1192,60.89563286500015,0,prior_splice_e015_r265,5.16,True,scored,/home/linjiw/research-data/groot-wbc/m2s-support-pilot-acquisition-20260910-v1/seed93202_support_strict/round_005/student/result.json,0.005
acquisition,seed93202_support_strict/round_005/teacher/forced_short_e015_r265,seed93202_support_strict,support_strict,93202,93202,/home/linjiw/research-data/groot-wbc/m2s-support-preserving-pools-20260910-v1/seed_93202/definitions/primary_candidate_93202_2078.json,primary_candidate_93202_2078,support_strict,teacher,forced_short_e015_r265,failure,verified_task_failure,False,1192,61.992093051001575,0,short_e015_r265,NA,True,scored,/home/linjiw/research-data/groot-wbc/m2s-support-pilot-acquisition-20260910-v1/seed93202_support_strict/round_005/teachers/result.json,0.005
acquisition,seed93202_support_strict/round_005/teacher/forced_prior_splice_e015_r265,seed93202_support_strict,support_strict,93202,93202,/home/linjiw/research-data/groot-wbc/m2s-support-preserving-pools-20260910-v1/seed_93202/definitions/primary_candidate_93202_2078.json,primary_candidate_93202_2078,support_strict,teacher,forced_prior_splice_e015_r265,pass,complete_pass,True,1192,61.205399071999636,0,prior_splice_e015_r265,5.16,True,scored,/home/linjiw/research-data/groot-wbc/m2s-support-pilot-acquisition-20260910-v1/seed93202_support_strict/round_005/teachers/result.json,0.005
acquisition,seed93202_support_strict/round_005/teacher/forced_short_e070_r265,seed93202_support_strict,support_strict,93202,93202,/home/linjiw/research-data/groot-wbc/m2s-support-preserving-pools-20260910-v1/seed_93202/definitions/primary_candidate_93202_2078.json,primary_candidate_93202_2078,support_strict,teacher,forced_short_e070_r265,failure,verified_task_failure,False,1192,60.64301558199986,0,short_e070_r265,NA,True,scored,/home/linjiw/research-data/groot-wbc/m2s-support-pilot-acquisition-20260910-v1/seed93202_support_strict/round_005/teachers/result.json,0.005
acquisition,seed93202_support_strict/round_005/teacher/forced_prior_splice_e050_r265,seed93202_support_strict,support_strict,93202,93202,/home/linjiw/research-data/groot-wbc/m2s-support-preserving-pools-20260910-v1/seed_93202/definitions/primary_candidate_93202_2078.json,primary_candidate_93202_2078,support_strict,teacher,forced_prior_splice_e050_r265,pass,complete_pass,True,1192,60.99207517200011,0,prior_splice_e050_r265,5.18,True,scored,/home/linjiw/research-data/groot-wbc/m2s-support-pilot-acquisition-20260910-v1/seed93202_support_strict/round_005/teachers/result.json,0.005
acquisition,seed93202_support_strict/round_005/teacher/forced_sustained_e015_r255,seed93202_support_strict,support_strict,93202,93202,/home/linjiw/research-data/groot-wbc/m2s-support-preserving-pools-20260910-v1/seed_93202/definitions/primary_candidate_93202_2078.json,primary_candidate_93202_2078,support_strict,teacher,forced_sustained_e015_r255,pass,complete_pass,True,1192,61.838712212000246,0,sustained_e015_r255,5.4,True,scored,/home/linjiw/research-data/groot-wbc/m2s-support-pilot-acquisition-20260910-v1/seed93202_support_strict/round_005/teachers/result.json,0.005
acquisition,seed93202_support_strict/round_005/teacher/forced_neutral,seed93202_support_strict,support_strict,93202,93202,/home/linjiw/research-data/groot-wbc/m2s-support-preserving-pools-20260910-v1/seed_93202/definitions/primary_candidate_93202_2078.json,primary_candidate_93202_2078,support_strict,teacher,forced_neutral,failure,verified_task_failure,False,1192,80.97876119099965,0,neutral,NA,True,scored,/home/linjiw/research-data/groot-wbc/m2s-support-pilot-acquisition-20260910-v1/seed93202_support_strict/round_005/teachers/result.json,0.005
acquisition,seed93202_support_strict/round_005/teacher/forced_sustained_e070_r255,seed93202_support_strict,support_strict,93202,93202,/home/linjiw/research-data/groot-wbc/m2s-support-preserving-pools-20260910-v1/seed_93202/definitions/primary_candidate_93202_2078.json,primary_candidate_93202_2078,support_strict,teacher,forced_sustained_e070_r255,pass,complete_pass,True,1192,90.22221557599914,0,sustained_e070_r255,5.4,True,scored,/home/linjiw/research-data/groot-wbc/m2s-support-pilot-acquisition-20260910-v1/seed93202_support_strict/round_005/teachers/result.json,0.005
acquisition,seed93202_support_strict/round_006/student/learned_neutral,seed93202_support_strict,support_strict,93202,93202,/home/linjiw/research-data/groot-wbc/m2s-support-preserving-pools-20260910-v1/seed_93202/definitions/primary_candidate_93202_1825.json,primary_candidate_93202_1825,support_strict,student,learned_neutral,pass,complete_pass,True,1192,59.68693487700148,0,prior_splice_e015_r265,4.72,True,scored,/home/linjiw/research-data/groot-wbc/m2s-support-pilot-acquisition-20260910-v1/seed93202_support_strict/round_006/student/result.json,0.005
acquisition,seed93202_support_strict/round_006/teacher/forced_prior_splice_e015_r265,seed93202_support_strict,support_strict,93202,93202,/home/linjiw/research-data/groot-wbc/m2s-support-preserving-pools-20260910-v1/seed_93202/definitions/primary_candidate_93202_1825.json,primary_candidate_93202_1825,support_strict,teacher,forced_prior_splice_e015_r265,pass,complete_pass,True,1192,59.54177610999977,0,prior_splice_e015_r265,4.72,True,scored,/home/linjiw/research-data/groot-wbc/m2s-support-pilot-acquisition-20260910-v1/seed93202_support_strict/round_006/teachers/result.json,0.005
acquisition,seed93202_support_strict/round_006/teacher/forced_short_e015_r265,seed93202_support_strict,support_strict,93202,93202,/home/linjiw/research-data/groot-wbc/m2s-support-preserving-pools-20260910-v1/seed_93202/definitions/primary_candidate_93202_1825.json,primary_candidate_93202_1825,support_strict,teacher,forced_short_e015_r265,pass,complete_pass,True,1192,59.18852750199949,0,short_e015_r265,5.1,True,scored,/home/linjiw/research-data/groot-wbc/m2s-support-pilot-acquisition-20260910-v1/seed93202_support_strict/round_006/teachers/result.json,0.005
acquisition,seed93202_support_strict/round_006/teacher/forced_prior_splice_e050_r265,seed93202_support_strict,support_strict,93202,93202,/home/linjiw/research-data/groot-wbc/m2s-support-preserving-pools-20260910-v1/seed_93202/definitions/primary_candidate_93202_1825.json,primary_candidate_93202_1825,support_strict,teacher,forced_prior_splice_e050_r265,pass,complete_pass,True,1192,59.69004283400136,0,prior_splice_e050_r265,4.72,True,scored,/home/linjiw/research-data/groot-wbc/m2s-support-pilot-acquisition-20260910-v1/seed93202_support_strict/round_006/teachers/result.json,0.005
acquisition,seed93202_support_strict/round_006/teacher/forced_short_e070_r265,seed93202_support_strict,support_strict,93202,93202,/home/linjiw/research-data/groot-wbc/m2s-support-preserving-pools-20260910-v1/seed_93202/definitions/primary_candidate_93202_1825.json,primary_candidate_93202_1825,support_strict,teacher,forced_short_e070_r265,pass,complete_pass,True,1192,59.389706648002175,0,short_e070_r265,5.1,True,scored,/home/linjiw/research-data/groot-wbc/m2s-support-pilot-acquisition-20260910-v1/seed93202_support_strict/round_006/teachers/result.json,0.005
acquisition,seed93202_support_strict/round_006/teacher/forced_sustained_e070_r255,seed93202_support_strict,support_strict,93202,93202,/home/linjiw/research-data/groot-wbc/m2s-support-preserving-pools-20260910-v1/seed_93202/definitions/primary_candidate_93202_1825.json,primary_candidate_93202_1825,support_strict,teacher,forced_sustained_e070_r255,pass,complete_pass,True,1192,59.330163050999545,0,sustained_e070_r255,5.22,True,scored,/home/linjiw/research-data/groot-wbc/m2s-support-pilot-acquisition-20260910-v1/seed93202_support_strict/round_006/teachers/result.json,0.005
acquisition,seed93202_support_strict/round_006/teacher/forced_sustained_e015_r255,seed93202_support_strict,support_strict,93202,93202,/home/linjiw/research-data/groot-wbc/m2s-support-preserving-pools-20260910-v1/seed_93202/definitions/primary_candidate_93202_1825.json,primary_candidate_93202_1825,support_strict,teacher,forced_sustained_e015_r255,pass,complete_pass,True,1192,59.13811004500167,0,sustained_e015_r255,5.22,True,scored,/home/linjiw/research-data/groot-wbc/m2s-support-pilot-acquisition-20260910-v1/seed93202_support_strict/round_006/teachers/result.json,0.005
acquisition,seed93202_support_strict/round_006/teacher/forced_neutral,seed93202_support_strict,support_strict,93202,93202,/home/linjiw/research-data/groot-wbc/m2s-support-preserving-pools-20260910-v1/seed_93202/definitions/primary_candidate_93202_1825.json,primary_candidate_93202_1825,support_strict,teacher,forced_neutral,failure,verified_task_failure,False,1192,59.144910895000066,0,neutral,NA,True,scored,/home/linjiw/research-data/groot-wbc/m2s-support-pilot-acquisition-20260910-v1/seed93202_support_strict/round_006/teachers/result.json,0.005
acquisition,seed93202_support_strict/round_007/student/learned_neutral,seed93202_support_strict,support_strict,93202,93202,/home/linjiw/research-data/groot-wbc/m2s-support-preserving-pools-20260910-v1/seed_93202/definitions/primary_candidate_93202_2141.json,primary_candidate_93202_2141,support_strict,student,learned_neutral,pass,complete_pass,True,1192,62.09873237499778,0,prior_splice_e015_r265,4.62,True,scored,/home/linjiw/research-data/groot-wbc/m2s-support-pilot-acquisition-20260910-v1/seed93202_support_strict/round_007/student/result.json,0.005
acquisition,seed93202_support_strict/round_007/teacher/forced_sustained_e015_r255,seed93202_support_strict,support_strict,93202,93202,/home/linjiw/research-data/groot-wbc/m2s-support-preserving-pools-20260910-v1/seed_93202/definitions/primary_candidate_93202_2141.json,primary_candidate_93202_2141,support_strict,teacher,forced_sustained_e015_r255,pass,complete_pass,True,1192,61.34889235800074,0,sustained_e015_r255,4.76,True,scored,/home/linjiw/research-data/groot-wbc/m2s-support-pilot-acquisition-20260910-v1/seed93202_support_strict/round_007/teachers/result.json,0.005
acquisition,seed93202_support_strict/round_007/teacher/forced_prior_splice_e050_r265,seed93202_support_strict,support_strict,93202,93202,/home/linjiw/research-data/groot-wbc/m2s-support-preserving-pools-20260910-v1/seed_93202/definitions/primary_candidate_93202_2141.json,primary_candidate_93202_2141,support_strict,teacher,forced_prior_splice_e050_r265,pass,complete_pass,True,1192,60.794267994999245,0,prior_splice_e050_r265,4.64,True,scored,/home/linjiw/research-data/groot-wbc/m2s-support-pilot-acquisition-20260910-v1/seed93202_support_strict/round_007/teachers/result.json,0.005
acquisition,seed93202_support_strict/round_007/teacher/forced_prior_splice_e015_r265,seed93202_support_strict,support_strict,93202,93202,/home/linjiw/research-data/groot-wbc/m2s-support-preserving-pools-20260910-v1/seed_93202/definitions/primary_candidate_93202_2141.json,primary_candidate_93202_2141,support_strict,teacher,forced_prior_splice_e015_r265,pass,complete_pass,True,1192,61.096695633998024,0,prior_splice_e015_r265,4.62,True,scored,/home/linjiw/research-data/groot-wbc/m2s-support-pilot-acquisition-20260910-v1/seed93202_support_strict/round_007/teachers/result.json,0.005
acquisition,seed93202_support_strict/round_007/teacher/forced_short_e070_r265,seed93202_support_strict,support_strict,93202,93202,/home/linjiw/research-data/groot-wbc/m2s-support-preserving-pools-20260910-v1/seed_93202/definitions/primary_candidate_93202_2141.json,primary_candidate_93202_2141,support_strict,teacher,forced_short_e070_r265,pass,complete_pass,True,1192,61.78871956099829,0,short_e070_r265,4.72,True,scored,/home/linjiw/research-data/groot-wbc/m2s-support-pilot-acquisition-20260910-v1/seed93202_support_strict/round_007/teachers/result.json,0.005
acquisition,seed93202_support_strict/round_007/teacher/forced_neutral,seed93202_support_strict,support_strict,93202,93202,/home/linjiw/research-data/groot-wbc/m2s-support-preserving-pools-20260910-v1/seed_93202/definitions/primary_candidate_93202_2141.json,primary_candidate_93202_2141,support_strict,teacher,forced_neutral,failure,verified_task_failure,False,1192,62.96029549299783,0,neutral,NA,True,scored,/home/linjiw/research-data/groot-wbc/m2s-support-pilot-acquisition-20260910-v1/seed93202_support_strict/round_007/teachers/result.json,0.005
acquisition,seed93202_support_strict/round_007/teacher/forced_short_e015_r265,seed93202_support_strict,support_strict,93202,93202,/home/linjiw/research-data/groot-wbc/m2s-support-preserving-pools-20260910-v1/seed_93202/definitions/primary_candidate_93202_2141.json,primary_candidate_93202_2141,support_strict,teacher,forced_short_e015_r265,pass,complete_pass,True,1192,63.651833615000214,0,short_e015_r265,4.72,True,scored,/home/linjiw/research-data/groot-wbc/m2s-support-pilot-acquisition-20260910-v1/seed93202_support_strict/round_007/teachers/result.json,0.005
acquisition,seed93202_support_strict/round_007/teacher/forced_sustained_e070_r255,seed93202_support_strict,support_strict,93202,93202,/home/linjiw/research-data/groot-wbc/m2s-support-preserving-pools-20260910-v1/seed_93202/definitions/primary_candidate_93202_2141.json,primary_candidate_93202_2141,support_strict,teacher,forced_sustained_e070_r255,pass,complete_pass,True,1192,89.0874706120012,0,sustained_e070_r255,4.76,True,scored,/home/linjiw/research-data/groot-wbc/m2s-support-pilot-acquisition-20260910-v1/seed93202_support_strict/round_007/teachers/result.json,0.005
acquisition,seed93202_support_strict/round_008/student/learned_neutral,seed93202_support_strict,support_strict,93202,93202,/home/linjiw/research-data/groot-wbc/m2s-support-preserving-pools-20260910-v1/seed_93202/definitions/primary_candidate_93202_2387.json,primary_candidate_93202_2387,support_strict,student,learned_neutral,pass,complete_pass,True,1192,63.208712420000666,0,prior_splice_e015_r265,2.76,True,scored,/home/linjiw/research-data/groot-wbc/m2s-support-pilot-acquisition-20260910-v1/seed93202_support_strict/round_008/student/result.json,0.005
acquisition,seed93202_support_strict/round_008/teacher/forced_short_e070_r265,seed93202_support_strict,support_strict,93202,93202,/home/linjiw/research-data/groot-wbc/m2s-support-preserving-pools-20260910-v1/seed_93202/definitions/primary_candidate_93202_2387.json,primary_candidate_93202_2387,support_strict,teacher,forced_short_e070_r265,failure,verified_task_failure,False,1192,61.95345593999809,0,short_e070_r265,NA,True,scored,/home/linjiw/research-data/groot-wbc/m2s-support-pilot-acquisition-20260910-v1/seed93202_support_strict/round_008/teachers/result.json,0.005
acquisition,seed93202_support_strict/round_008/teacher/forced_neutral,seed93202_support_strict,support_strict,93202,93202,/home/linjiw/research-data/groot-wbc/m2s-support-preserving-pools-20260910-v1/seed_93202/definitions/primary_candidate_93202_2387.json,primary_candidate_93202_2387,support_strict,teacher,forced_neutral,failure,verified_task_failure,False,1192,61.45210717000009,0,neutral,NA,True,scored,/home/linjiw/research-data/groot-wbc/m2s-support-pilot-acquisition-20260910-v1/seed93202_support_strict/round_008/teachers/result.json,0.005
acquisition,seed93202_support_strict/round_008/teacher/forced_short_e015_r265,seed93202_support_strict,support_strict,93202,93202,/home/linjiw/research-data/groot-wbc/m2s-support-preserving-pools-20260910-v1/seed_93202/definitions/primary_candidate_93202_2387.json,primary_candidate_93202_2387,support_strict,teacher,forced_short_e015_r265,failure,verified_task_failure,False,1192,61.04628987900287,0,short_e015_r265,NA,True,scored,/home/linjiw/research-data/groot-wbc/m2s-support-pilot-acquisition-20260910-v1/seed93202_support_strict/round_008/teachers/result.json,0.005
acquisition,seed93202_support_strict/round_008/teacher/forced_sustained_e070_r255,seed93202_support_strict,support_strict,93202,93202,/home/linjiw/research-data/groot-wbc/m2s-support-preserving-pools-20260910-v1/seed_93202/definitions/primary_candidate_93202_2387.json,primary_candidate_93202_2387,support_strict,teacher,forced_sustained_e070_r255,failure,verified_task_failure,False,1192,60.948882672000764,0,sustained_e070_r255,NA,True,scored,/home/linjiw/research-data/groot-wbc/m2s-support-pilot-acquisition-20260910-v1/seed93202_support_strict/round_008/teachers/result.json,0.005
acquisition,seed93202_support_strict/round_008/teacher/forced_prior_splice_e015_r265,seed93202_support_strict,support_strict,93202,93202,/home/linjiw/research-data/groot-wbc/m2s-support-preserving-pools-20260910-v1/seed_93202/definitions/primary_candidate_93202_2387.json,primary_candidate_93202_2387,support_strict,teacher,forced_prior_splice_e015_r265,pass,complete_pass,True,1192,61.300552346001496,0,prior_splice_e015_r265,2.76,True,scored,/home/linjiw/research-data/groot-wbc/m2s-support-pilot-acquisition-20260910-v1/seed93202_support_strict/round_008/teachers/result.json,0.005
acquisition,seed93202_support_strict/round_008/teacher/forced_sustained_e015_r255,seed93202_support_strict,support_strict,93202,93202,/home/linjiw/research-data/groot-wbc/m2s-support-preserving-pools-20260910-v1/seed_93202/definitions/primary_candidate_93202_2387.json,primary_candidate_93202_2387,support_strict,teacher,forced_sustained_e015_r255,failure,verified_task_failure,False,1192,61.29626209699927,0,sustained_e015_r255,NA,True,scored,/home/linjiw/research-data/groot-wbc/m2s-support-pilot-acquisition-20260910-v1/seed93202_support_strict/round_008/teachers/result.json,0.005
acquisition,seed93202_support_strict/round_008/teacher/forced_prior_splice_e050_r265,seed93202_support_strict,support_strict,93202,93202,/home/linjiw/research-data/groot-wbc/m2s-support-preserving-pools-20260910-v1/seed_93202/definitions/primary_candidate_93202_2387.json,primary_candidate_93202_2387,support_strict,teacher,forced_prior_splice_e050_r265,pass,complete_pass,True,1192,61.8526376560003,0,prior_splice_e050_r265,2.78,True,scored,/home/linjiw/research-data/groot-wbc/m2s-support-pilot-acquisition-20260910-v1/seed93202_support_strict/round_008/teachers/result.json,0.005
acquisition,seed93202_support_broad/round_005/student/learned_neutral,seed93202_support_broad,support_broad,93202,93202,/home/linjiw/research-data/groot-wbc/m2s-support-preserving-pools-20260910-v1/seed_93202/definitions/primary_candidate_93202_1283.json,primary_candidate_93202_1283,support_broad,student,learned_neutral,failure,verified_task_failure,NA,840,44.37719681599992,1,NA,NA,False,scored,/home/linjiw/research-data/groot-wbc/m2s-support-pilot-acquisition-20260910-v1/seed93202_support_broad/round_005/student/result.json,0.005
acquisition,seed93202_support_broad/round_005/teacher/forced_prior_splice_e015_r265,seed93202_support_broad,support_broad,93202,93202,/home/linjiw/research-data/groot-wbc/m2s-support-preserving-pools-20260910-v1/seed_93202/definitions/primary_candidate_93202_1283.json,primary_candidate_93202_1283,support_broad,teacher,forced_prior_splice_e015_r265,failure,verified_task_failure,NA,840,44.07632170999932,1,NA,NA,False,scored,/home/linjiw/research-data/groot-wbc/m2s-support-pilot-acquisition-20260910-v1/seed93202_support_broad/round_005/teachers/result.json,0.005
acquisition,seed93202_support_broad/round_005/teacher/forced_short_e070_r265,seed93202_support_broad,support_broad,93202,93202,/home/linjiw/research-data/groot-wbc/m2s-support-preserving-pools-20260910-v1/seed_93202/definitions/primary_candidate_93202_1283.json,primary_candidate_93202_1283,support_broad,teacher,forced_short_e070_r265,failure,verified_task_failure,NA,508,32.856348669,1,NA,NA,False,scored,/home/linjiw/research-data/groot-wbc/m2s-support-pilot-acquisition-20260910-v1/seed93202_support_broad/round_005/teachers/result.json,0.005
acquisition,seed93202_support_broad/round_005/teacher/forced_short_e015_r265,seed93202_support_broad,support_broad,93202,93202,/home/linjiw/research-data/groot-wbc/m2s-support-preserving-pools-20260910-v1/seed_93202/definitions/primary_candidate_93202_1283.json,primary_candidate_93202_1283,support_broad,teacher,forced_short_e015_r265,failure,verified_task_failure,NA,508,32.85341269700075,1,NA,NA,False,scored,/home/linjiw/research-data/groot-wbc/m2s-support-pilot-acquisition-20260910-v1/seed93202_support_broad/round_005/teachers/result.json,0.005
acquisition,seed93202_support_broad/round_005/teacher/forced_sustained_e070_r255,seed93202_support_broad,support_broad,93202,93202,/home/linjiw/research-data/groot-wbc/m2s-support-preserving-pools-20260910-v1/seed_93202/definitions/primary_candidate_93202_1283.json,primary_candidate_93202_1283,support_broad,teacher,forced_sustained_e070_r255,failure,verified_task_failure,NA,504,33.01356768199912,1,NA,NA,False,scored,/home/linjiw/research-data/groot-wbc/m2s-support-pilot-acquisition-20260910-v1/seed93202_support_broad/round_005/teachers/result.json,0.005
acquisition,seed93202_support_broad/round_005/teacher/forced_neutral,seed93202_support_broad,support_broad,93202,93202,/home/linjiw/research-data/groot-wbc/m2s-support-preserving-pools-20260910-v1/seed_93202/definitions/primary_candidate_93202_1283.json,primary_candidate_93202_1283,support_broad,teacher,forced_neutral,failure,verified_task_failure,NA,508,36.57009659600044,1,NA,NA,False,scored,/home/linjiw/research-data/groot-wbc/m2s-support-pilot-acquisition-20260910-v1/seed93202_support_broad/round_005/teachers/result.json,0.005
acquisition,seed93202_support_broad/round_005/teacher/forced_prior_splice_e050_r265,seed93202_support_broad,support_broad,93202,93202,/home/linjiw/research-data/groot-wbc/m2s-support-preserving-pools-20260910-v1/seed_93202/definitions/primary_candidate_93202_1283.json,primary_candidate_93202_1283,support_broad,teacher,forced_prior_splice_e050_r265,failure,verified_task_failure,False,1192,61.100048150001385,0,prior_splice_e050_r265,NA,True,scored,/home/linjiw/research-data/groot-wbc/m2s-support-pilot-acquisition-20260910-v1/seed93202_support_broad/round_005/teachers/result.json,0.005
acquisition,seed93202_support_broad/round_005/teacher/forced_sustained_e015_r255,seed93202_support_broad,support_broad,93202,93202,/home/linjiw/research-data/groot-wbc/m2s-support-preserving-pools-20260910-v1/seed_93202/definitions/primary_candidate_93202_1283.json,primary_candidate_93202_1283,support_broad,teacher,forced_sustained_e015_r255,failure,verified_task_failure,NA,504,33.368808881001314,1,NA,NA,False,scored,/home/linjiw/research-data/groot-wbc/m2s-support-pilot-acquisition-20260910-v1/seed93202_support_broad/round_005/teachers/result.json,0.005
acquisition,seed93202_support_broad/round_006/student/learned_neutral,seed93202_support_broad,support_broad,93202,93202,/home/linjiw/research-data/groot-wbc/m2s-support-preserving-pools-20260910-v1/seed_93202/definitions/primary_candidate_93202_1280.json,primary_candidate_93202_1280,support_broad,student,learned_neutral,failure,verified_task_failure,NA,824,42.41261337800097,1,NA,NA,False,scored,/home/linjiw/research-data/groot-wbc/m2s-support-pilot-acquisition-20260910-v1/seed93202_support_broad/round_006/student/result.json,0.005
acquisition,seed93202_support_broad/round_006/teacher/forced_sustained_e070_r255,seed93202_support_broad,support_broad,93202,93202,/home/linjiw/research-data/groot-wbc/m2s-support-preserving-pools-20260910-v1/seed_93202/definitions/primary_candidate_93202_1280.json,primary_candidate_93202_1280,support_broad,teacher,forced_sustained_e070_r255,failure,verified_task_failure,False,1192,59.04134836099911,0,sustained_e070_r255,NA,True,scored,/home/linjiw/research-data/groot-wbc/m2s-support-pilot-acquisition-20260910-v1/seed93202_support_broad/round_006/teachers/result.json,0.005
acquisition,seed93202_support_broad/round_006/teacher/forced_short_e015_r265,seed93202_support_broad,support_broad,93202,93202,/home/linjiw/research-data/groot-wbc/m2s-support-preserving-pools-20260910-v1/seed_93202/definitions/primary_candidate_93202_1280.json,primary_candidate_93202_1280,support_broad,teacher,forced_short_e015_r265,failure,verified_task_failure,False,1192,60.089770479000435,0,short_e015_r265,NA,True,scored,/home/linjiw/research-data/groot-wbc/m2s-support-pilot-acquisition-20260910-v1/seed93202_support_broad/round_006/teachers/result.json,0.005
acquisition,seed93202_support_broad/round_006/teacher/forced_prior_splice_e050_r265,seed93202_support_broad,support_broad,93202,93202,/home/linjiw/research-data/groot-wbc/m2s-support-preserving-pools-20260910-v1/seed_93202/definitions/primary_candidate_93202_1280.json,primary_candidate_93202_1280,support_broad,teacher,forced_prior_splice_e050_r265,failure,verified_task_failure,NA,840,42.917310770997574,1,NA,NA,False,scored,/home/linjiw/research-data/groot-wbc/m2s-support-pilot-acquisition-20260910-v1/seed93202_support_broad/round_006/teachers/result.json,0.005
acquisition,seed93202_support_broad/round_006/teacher/forced_neutral,seed93202_support_broad,support_broad,93202,93202,/home/linjiw/research-data/groot-wbc/m2s-support-preserving-pools-20260910-v1/seed_93202/definitions/primary_candidate_93202_1280.json,primary_candidate_93202_1280,support_broad,teacher,forced_neutral,failure,verified_task_failure,False,1192,61.082921137000085,0,neutral,NA,True,scored,/home/linjiw/research-data/groot-wbc/m2s-support-pilot-acquisition-20260910-v1/seed93202_support_broad/round_006/teachers/result.json,0.005
acquisition,seed93202_support_broad/round_006/teacher/forced_short_e070_r265,seed93202_support_broad,support_broad,93202,93202,/home/linjiw/research-data/groot-wbc/m2s-support-preserving-pools-20260910-v1/seed_93202/definitions/primary_candidate_93202_1280.json,primary_candidate_93202_1280,support_broad,teacher,forced_short_e070_r265,failure,verified_task_failure,False,1192,59.54003940399707,0,short_e070_r265,NA,True,scored,/home/linjiw/research-data/groot-wbc/m2s-support-pilot-acquisition-20260910-v1/seed93202_support_broad/round_006/teachers/result.json,0.005
acquisition,seed93202_support_broad/round_006/teacher/forced_sustained_e015_r255,seed93202_support_broad,support_broad,93202,93202,/home/linjiw/research-data/groot-wbc/m2s-support-preserving-pools-20260910-v1/seed_93202/definitions/primary_candidate_93202_1280.json,primary_candidate_93202_1280,support_broad,teacher,forced_sustained_e015_r255,failure,verified_task_failure,False,1192,59.28935199600164,0,sustained_e015_r255,NA,True,scored,/home/linjiw/research-data/groot-wbc/m2s-support-pilot-acquisition-20260910-v1/seed93202_support_broad/round_006/teachers/result.json,0.005
acquisition,seed93202_support_broad/round_006/teacher/forced_prior_splice_e015_r265,seed93202_support_broad,support_broad,93202,93202,/home/linjiw/research-data/groot-wbc/m2s-support-preserving-pools-20260910-v1/seed_93202/definitions/primary_candidate_93202_1280.json,primary_candidate_93202_1280,support_broad,teacher,forced_prior_splice_e015_r265,failure,verified_task_failure,NA,824,42.42049246800161,1,NA,NA,False,scored,/home/linjiw/research-data/groot-wbc/m2s-support-pilot-acquisition-20260910-v1/seed93202_support_broad/round_006/teachers/result.json,0.005
acquisition,seed93202_support_broad/round_007/student/learned_neutral,seed93202_support_broad,support_broad,93202,93202,/home/linjiw/research-data/groot-wbc/m2s-support-preserving-pools-20260910-v1/seed_93202/definitions/primary_candidate_93202_1281.json,primary_candidate_93202_1281,support_broad,student,learned_neutral,failure,verified_task_failure,False,1192,91.9077202130029,0,prior_splice_e015_r265,NA,True,scored,/home/linjiw/research-data/groot-wbc/m2s-support-pilot-acquisition-20260910-v1/seed93202_support_broad/round_007/student/result.json,0.005
acquisition,seed93202_support_broad/round_007/teacher/forced_sustained_e070_r255,seed93202_support_broad,support_broad,93202,93202,/home/linjiw/research-data/groot-wbc/m2s-support-preserving-pools-20260910-v1/seed_93202/definitions/primary_candidate_93202_1281.json,primary_candidate_93202_1281,support_broad,teacher,forced_sustained_e070_r255,failure,verified_task_failure,False,1192,62.247875749999366,0,sustained_e070_r255,NA,True,scored,/home/linjiw/research-data/groot-wbc/m2s-support-pilot-acquisition-20260910-v1/seed93202_support_broad/round_007/teachers/result.json,0.005
acquisition,seed93202_support_broad/round_007/teacher/forced_sustained_e015_r255,seed93202_support_broad,support_broad,93202,93202,/home/linjiw/research-data/groot-wbc/m2s-support-preserving-pools-20260910-v1/seed_93202/definitions/primary_candidate_93202_1281.json,primary_candidate_93202_1281,support_broad,teacher,forced_sustained_e015_r255,failure,verified_task_failure,False,1192,60.94625077899764,0,sustained_e015_r255,NA,True,scored,/home/linjiw/research-data/groot-wbc/m2s-support-pilot-acquisition-20260910-v1/seed93202_support_broad/round_007/teachers/result.json,0.005
acquisition,seed93202_support_broad/round_007/teacher/forced_short_e015_r265,seed93202_support_broad,support_broad,93202,93202,/home/linjiw/research-data/groot-wbc/m2s-support-preserving-pools-20260910-v1/seed_93202/definitions/primary_candidate_93202_1281.json,primary_candidate_93202_1281,support_broad,teacher,forced_short_e015_r265,failure,verified_task_failure,False,1192,62.30173143099819,0,short_e015_r265,NA,True,scored,/home/linjiw/research-data/groot-wbc/m2s-support-pilot-acquisition-20260910-v1/seed93202_support_broad/round_007/teachers/result.json,0.005
acquisition,seed93202_support_broad/round_007/teacher/forced_neutral,seed93202_support_broad,support_broad,93202,93202,/home/linjiw/research-data/groot-wbc/m2s-support-preserving-pools-20260910-v1/seed_93202/definitions/primary_candidate_93202_1281.json,primary_candidate_93202_1281,support_broad,teacher,forced_neutral,failure,verified_task_failure,NA,736,41.32399143099974,1,NA,NA,False,scored,/home/linjiw/research-data/groot-wbc/m2s-support-pilot-acquisition-20260910-v1/seed93202_support_broad/round_007/teachers/result.json,0.005
acquisition,seed93202_support_broad/round_007/teacher/forced_prior_splice_e015_r265,seed93202_support_broad,support_broad,93202,93202,/home/linjiw/research-data/groot-wbc/m2s-support-preserving-pools-20260910-v1/seed_93202/definitions/primary_candidate_93202_1281.json,primary_candidate_93202_1281,support_broad,teacher,forced_prior_splice_e015_r265,failure,verified_task_failure,False,1192,61.80130467499839,0,prior_splice_e015_r265,NA,True,scored,/home/linjiw/research-data/groot-wbc/m2s-support-pilot-acquisition-20260910-v1/seed93202_support_broad/round_007/teachers/result.json,0.005
acquisition,seed93202_support_broad/round_007/teacher/forced_prior_splice_e050_r265,seed93202_support_broad,support_broad,93202,93202,/home/linjiw/research-data/groot-wbc/m2s-support-preserving-pools-20260910-v1/seed_93202/definitions/primary_candidate_93202_1281.json,primary_candidate_93202_1281,support_broad,teacher,forced_prior_splice_e050_r265,failure,verified_task_failure,False,1192,60.846596736999345,0,prior_splice_e050_r265,NA,True,scored,/home/linjiw/research-data/groot-wbc/m2s-support-pilot-acquisition-20260910-v1/seed93202_support_broad/round_007/teachers/result.json,0.005
acquisition,seed93202_support_broad/round_007/teacher/forced_short_e070_r265,seed93202_support_broad,support_broad,93202,93202,/home/linjiw/research-data/groot-wbc/m2s-support-preserving-pools-20260910-v1/seed_93202/definitions/primary_candidate_93202_1281.json,primary_candidate_93202_1281,support_broad,teacher,forced_short_e070_r265,failure,verified_task_failure,False,1192,61.999316858000384,0,short_e070_r265,NA,True,scored,/home/linjiw/research-data/groot-wbc/m2s-support-pilot-acquisition-20260910-v1/seed93202_support_broad/round_007/teachers/result.json,0.005
acquisition,seed93202_support_broad/round_008/student/learned_neutral,seed93202_support_broad,support_broad,93202,93202,/home/linjiw/research-data/groot-wbc/m2s-support-preserving-pools-20260910-v1/seed_93202/definitions/primary_candidate_93202_1282.json,primary_candidate_93202_1282,support_broad,student,learned_neutral,failure,verified_task_failure,NA,836,51.6981663459992,1,NA,NA,False,scored,/home/linjiw/research-data/groot-wbc/m2s-support-pilot-acquisition-20260910-v1/seed93202_support_broad/round_008/student/result.json,0.005
acquisition,seed93202_support_broad/round_008/teacher/forced_short_e015_r265,seed93202_support_broad,support_broad,93202,93202,/home/linjiw/research-data/groot-wbc/m2s-support-preserving-pools-20260910-v1/seed_93202/definitions/primary_candidate_93202_1282.json,primary_candidate_93202_1282,support_broad,teacher,forced_short_e015_r265,failure,verified_task_failure,NA,508,40.270524993000436,1,NA,NA,False,scored,/home/linjiw/research-data/groot-wbc/m2s-support-pilot-acquisition-20260910-v1/seed93202_support_broad/round_008/teachers/result.json,0.005
acquisition,seed93202_support_broad/round_008/teacher/forced_short_e070_r265,seed93202_support_broad,support_broad,93202,93202,/home/linjiw/research-data/groot-wbc/m2s-support-preserving-pools-20260910-v1/seed_93202/definitions/primary_candidate_93202_1282.json,primary_candidate_93202_1282,support_broad,teacher,forced_short_e070_r265,failure,verified_task_failure,NA,508,39.77123113400012,1,NA,NA,False,scored,/home/linjiw/research-data/groot-wbc/m2s-support-pilot-acquisition-20260910-v1/seed93202_support_broad/round_008/teachers/result.json,0.005
acquisition,seed93202_support_broad/round_008/teacher/forced_prior_splice_e050_r265,seed93202_support_broad,support_broad,93202,93202,/home/linjiw/research-data/groot-wbc/m2s-support-preserving-pools-20260910-v1/seed_93202/definitions/primary_candidate_93202_1282.json,primary_candidate_93202_1282,support_broad,teacher,forced_prior_splice_e050_r265,failure,verified_task_failure,NA,832,51.23169736899945,1,NA,NA,False,scored,/home/linjiw/research-data/groot-wbc/m2s-support-pilot-acquisition-20260910-v1/seed93202_support_broad/round_008/teachers/result.json,0.005
acquisition,seed93202_support_broad/round_008/teacher/forced_neutral,seed93202_support_broad,support_broad,93202,93202,/home/linjiw/research-data/groot-wbc/m2s-support-preserving-pools-20260910-v1/seed_93202/definitions/primary_candidate_93202_1282.json,primary_candidate_93202_1282,support_broad,teacher,forced_neutral,failure,verified_task_failure,NA,508,39.87276508099967,1,NA,NA,False,scored,/home/linjiw/research-data/groot-wbc/m2s-support-pilot-acquisition-20260910-v1/seed93202_support_broad/round_008/teachers/result.json,0.005
acquisition,seed93202_support_broad/round_008/teacher/forced_sustained_e070_r255,seed93202_support_broad,support_broad,93202,93202,/home/linjiw/research-data/groot-wbc/m2s-support-preserving-pools-20260910-v1/seed_93202/definitions/primary_candidate_93202_1282.json,primary_candidate_93202_1282,support_broad,teacher,forced_sustained_e070_r255,failure,verified_task_failure,NA,504,37.366660622999916,1,NA,NA,False,scored,/home/linjiw/research-data/groot-wbc/m2s-support-pilot-acquisition-20260910-v1/seed93202_support_broad/round_008/teachers/result.json,0.005
acquisition,seed93202_support_broad/round_008/teacher/forced_sustained_e015_r255,seed93202_support_broad,support_broad,93202,93202,/home/linjiw/research-data/groot-wbc/m2s-support-preserving-pools-20260910-v1/seed_93202/definitions/primary_candidate_93202_1282.json,primary_candidate_93202_1282,support_broad,teacher,forced_sustained_e015_r255,failure,verified_task_failure,NA,504,34.31260852299965,1,NA,NA,False,scored,/home/linjiw/research-data/groot-wbc/m2s-support-pilot-acquisition-20260910-v1/seed93202_support_broad/round_008/teachers/result.json,0.005
acquisition,seed93202_support_broad/round_008/teacher/forced_prior_splice_e015_r265,seed93202_support_broad,support_broad,93202,93202,/home/linjiw/research-data/groot-wbc/m2s-support-preserving-pools-20260910-v1/seed_93202/definitions/primary_candidate_93202_1282.json,primary_candidate_93202_1282,support_broad,teacher,forced_prior_splice_e015_r265,failure,verified_task_failure,NA,836,45.953050888998405,1,NA,NA,False,scored,/home/linjiw/research-data/groot-wbc/m2s-support-pilot-acquisition-20260910-v1/seed93202_support_broad/round_008/teachers/result.json,0.005
acquisition,seed93202_support_mixture/round_005/student/learned_neutral,seed93202_support_mixture,support_mixture,93202,93202,/home/linjiw/research-data/groot-wbc/m2s-support-preserving-pools-20260910-v1/seed_93202/definitions/primary_candidate_93202_2078.json,primary_candidate_93202_2078,support_strict,student,learned_neutral,pass,complete_pass,True,1192,60.141525312999875,0,prior_splice_e015_r265,5.16,True,scored,/home/linjiw/research-data/groot-wbc/m2s-support-pilot-acquisition-20260910-v1/seed93202_support_mixture/round_005/student/result.json,0.005
acquisition,seed93202_support_mixture/round_005/teacher/forced_short_e015_r265,seed93202_support_mixture,support_mixture,93202,93202,/home/linjiw/research-data/groot-wbc/m2s-support-preserving-pools-20260910-v1/seed_93202/definitions/primary_candidate_93202_2078.json,primary_candidate_93202_2078,support_strict,teacher,forced_short_e015_r265,failure,verified_task_failure,False,1192,60.19176768399848,0,short_e015_r265,NA,True,scored,/home/linjiw/research-data/groot-wbc/m2s-support-pilot-acquisition-20260910-v1/seed93202_support_mixture/round_005/teachers/result.json,0.005
acquisition,seed93202_support_mixture/round_005/teacher/forced_prior_splice_e015_r265,seed93202_support_mixture,support_mixture,93202,93202,/home/linjiw/research-data/groot-wbc/m2s-support-preserving-pools-20260910-v1/seed_93202/definitions/primary_candidate_93202_2078.json,primary_candidate_93202_2078,support_strict,teacher,forced_prior_splice_e015_r265,pass,complete_pass,True,1192,59.742148733999784,0,prior_splice_e015_r265,5.16,True,scored,/home/linjiw/research-data/groot-wbc/m2s-support-pilot-acquisition-20260910-v1/seed93202_support_mixture/round_005/teachers/result.json,0.005
acquisition,seed93202_support_mixture/round_005/teacher/forced_short_e070_r265,seed93202_support_mixture,support_mixture,93202,93202,/home/linjiw/research-data/groot-wbc/m2s-support-preserving-pools-20260910-v1/seed_93202/definitions/primary_candidate_93202_2078.json,primary_candidate_93202_2078,support_strict,teacher,forced_short_e070_r265,failure,verified_task_failure,False,1192,59.73450124299961,0,short_e070_r265,NA,True,scored,/home/linjiw/research-data/groot-wbc/m2s-support-pilot-acquisition-20260910-v1/seed93202_support_mixture/round_005/teachers/result.json,0.005
acquisition,seed93202_support_mixture/round_005/teacher/forced_prior_splice_e050_r265,seed93202_support_mixture,support_mixture,93202,93202,/home/linjiw/research-data/groot-wbc/m2s-support-preserving-pools-20260910-v1/seed_93202/definitions/primary_candidate_93202_2078.json,primary_candidate_93202_2078,support_strict,teacher,forced_prior_splice_e050_r265,pass,complete_pass,True,1192,59.93805218700072,0,prior_splice_e050_r265,5.18,True,scored,/home/linjiw/research-data/groot-wbc/m2s-support-pilot-acquisition-20260910-v1/seed93202_support_mixture/round_005/teachers/result.json,0.005
acquisition,seed93202_support_mixture/round_005/teacher/forced_sustained_e015_r255,seed93202_support_mixture,support_mixture,93202,93202,/home/linjiw/research-data/groot-wbc/m2s-support-preserving-pools-20260910-v1/seed_93202/definitions/primary_candidate_93202_2078.json,primary_candidate_93202_2078,support_strict,teacher,forced_sustained_e015_r255,pass,complete_pass,True,1192,59.78943144799996,0,sustained_e015_r255,5.4,True,scored,/home/linjiw/research-data/groot-wbc/m2s-support-pilot-acquisition-20260910-v1/seed93202_support_mixture/round_005/teachers/result.json,0.005
acquisition,seed93202_support_mixture/round_005/teacher/forced_neutral,seed93202_support_mixture,support_mixture,93202,93202,/home/linjiw/research-data/groot-wbc/m2s-support-preserving-pools-20260910-v1/seed_93202/definitions/primary_candidate_93202_2078.json,primary_candidate_93202_2078,support_strict,teacher,forced_neutral,failure,verified_task_failure,False,1192,59.78650357300103,0,neutral,NA,True,scored,/home/linjiw/research-data/groot-wbc/m2s-support-pilot-acquisition-20260910-v1/seed93202_support_mixture/round_005/teachers/result.json,0.005
acquisition,seed93202_support_mixture/round_005/teacher/forced_sustained_e070_r255,seed93202_support_mixture,support_mixture,93202,93202,/home/linjiw/research-data/groot-wbc/m2s-support-preserving-pools-20260910-v1/seed_93202/definitions/primary_candidate_93202_2078.json,primary_candidate_93202_2078,support_strict,teacher,forced_sustained_e070_r255,pass,complete_pass,True,1192,60.092754081999374,0,sustained_e070_r255,5.4,True,scored,/home/linjiw/research-data/groot-wbc/m2s-support-pilot-acquisition-20260910-v1/seed93202_support_mixture/round_005/teachers/result.json,0.005
acquisition,seed93202_support_mixture/round_006/student/learned_neutral,seed93202_support_mixture,support_mixture,93202,93202,/home/linjiw/research-data/groot-wbc/m2s-support-preserving-pools-20260910-v1/seed_93202/definitions/primary_candidate_93202_1280.json,primary_candidate_93202_1280,support_broad,student,learned_neutral,failure,verified_task_failure,NA,824,42.41576084999906,1,NA,NA,False,scored,/home/linjiw/research-data/groot-wbc/m2s-support-pilot-acquisition-20260910-v1/seed93202_support_mixture/round_006/student/result.json,0.005
acquisition,seed93202_support_mixture/round_006/teacher/forced_sustained_e070_r255,seed93202_support_mixture,support_mixture,93202,93202,/home/linjiw/research-data/groot-wbc/m2s-support-preserving-pools-20260910-v1/seed_93202/definitions/primary_candidate_93202_1280.json,primary_candidate_93202_1280,support_broad,teacher,forced_sustained_e070_r255,failure,verified_task_failure,False,1192,59.28471084200282,0,sustained_e070_r255,NA,True,scored,/home/linjiw/research-data/groot-wbc/m2s-support-pilot-acquisition-20260910-v1/seed93202_support_mixture/round_006/teachers/result.json,0.005
acquisition,seed93202_support_mixture/round_006/teacher/forced_short_e015_r265,seed93202_support_mixture,support_mixture,93202,93202,/home/linjiw/research-data/groot-wbc/m2s-support-preserving-pools-20260910-v1/seed_93202/definitions/primary_candidate_93202_1280.json,primary_candidate_93202_1280,support_broad,teacher,forced_short_e015_r265,failure,verified_task_failure,False,1192,59.98963554100192,0,short_e015_r265,NA,True,scored,/home/linjiw/research-data/groot-wbc/m2s-support-pilot-acquisition-20260910-v1/seed93202_support_mixture/round_006/teachers/result.json,0.005
acquisition,seed93202_support_mixture/round_006/teacher/forced_prior_splice_e050_r265,seed93202_support_mixture,support_mixture,93202,93202,/home/linjiw/research-data/groot-wbc/m2s-support-preserving-pools-20260910-v1/seed_93202/definitions/primary_candidate_93202_1280.json,primary_candidate_93202_1280,support_broad,teacher,forced_prior_splice_e050_r265,failure,verified_task_failure,NA,840,43.06954225200025,1,NA,NA,False,scored,/home/linjiw/research-data/groot-wbc/m2s-support-pilot-acquisition-20260910-v1/seed93202_support_mixture/round_006/teachers/result.json,0.005
acquisition,seed93202_support_mixture/round_006/teacher/forced_neutral,seed93202_support_mixture,support_mixture,93202,93202,/home/linjiw/research-data/groot-wbc/m2s-support-preserving-pools-20260910-v1/seed_93202/definitions/primary_candidate_93202_1280.json,primary_candidate_93202_1280,support_broad,teacher,forced_neutral,failure,verified_task_failure,False,1192,61.49266472800082,0,neutral,NA,True,scored,/home/linjiw/research-data/groot-wbc/m2s-support-pilot-acquisition-20260910-v1/seed93202_support_mixture/round_006/teachers/result.json,0.005
acquisition,seed93202_support_mixture/round_006/teacher/forced_short_e070_r265,seed93202_support_mixture,support_mixture,93202,93202,/home/linjiw/research-data/groot-wbc/m2s-support-preserving-pools-20260910-v1/seed_93202/definitions/primary_candidate_93202_1280.json,primary_candidate_93202_1280,support_broad,teacher,forced_short_e070_r265,failure,verified_task_failure,False,1192,59.892015208002704,0,short_e070_r265,NA,True,scored,/home/linjiw/research-data/groot-wbc/m2s-support-pilot-acquisition-20260910-v1/seed93202_support_mixture/round_006/teachers/result.json,0.005
acquisition,seed93202_support_mixture/round_006/teacher/forced_sustained_e015_r255,seed93202_support_mixture,support_mixture,93202,93202,/home/linjiw/research-data/groot-wbc/m2s-support-preserving-pools-20260910-v1/seed_93202/definitions/primary_candidate_93202_1280.json,primary_candidate_93202_1280,support_broad,teacher,forced_sustained_e015_r255,failure,verified_task_failure,False,1192,59.48690637300024,0,sustained_e015_r255,NA,True,scored,/home/linjiw/research-data/groot-wbc/m2s-support-pilot-acquisition-20260910-v1/seed93202_support_mixture/round_006/teachers/result.json,0.005
acquisition,seed93202_support_mixture/round_006/teacher/forced_prior_splice_e015_r265,seed93202_support_mixture,support_mixture,93202,93202,/home/linjiw/research-data/groot-wbc/m2s-support-preserving-pools-20260910-v1/seed_93202/definitions/primary_candidate_93202_1280.json,primary_candidate_93202_1280,support_broad,teacher,forced_prior_splice_e015_r265,failure,verified_task_failure,NA,824,42.56496552799945,1,NA,NA,False,scored,/home/linjiw/research-data/groot-wbc/m2s-support-pilot-acquisition-20260910-v1/seed93202_support_mixture/round_006/teachers/result.json,0.005
acquisition,seed93202_support_mixture/round_007/student/learned_neutral,seed93202_support_mixture,support_mixture,93202,93202,/home/linjiw/research-data/groot-wbc/m2s-support-preserving-pools-20260910-v1/seed_93202/definitions/primary_candidate_93202_2141.json,primary_candidate_93202_2141,support_strict,student,learned_neutral,pass,complete_pass,True,1192,80.93565053199927,0,prior_splice_e015_r265,4.62,True,scored,/home/linjiw/research-data/groot-wbc/m2s-support-pilot-acquisition-20260910-v1/seed93202_support_mixture/round_007/student/result.json,0.005
acquisition,seed93202_support_mixture/round_007/teacher/forced_sustained_e015_r255,seed93202_support_mixture,support_mixture,93202,93202,/home/linjiw/research-data/groot-wbc/m2s-support-preserving-pools-20260910-v1/seed_93202/definitions/primary_candidate_93202_2141.json,primary_candidate_93202_2141,support_strict,teacher,forced_sustained_e015_r255,pass,complete_pass,True,1192,62.54620221099685,0,sustained_e015_r255,4.76,True,scored,/home/linjiw/research-data/groot-wbc/m2s-support-pilot-acquisition-20260910-v1/seed93202_support_mixture/round_007/teachers/result.json,0.005
acquisition,seed93202_support_mixture/round_007/teacher/forced_prior_splice_e050_r265,seed93202_support_mixture,support_mixture,93202,93202,/home/linjiw/research-data/groot-wbc/m2s-support-preserving-pools-20260910-v1/seed_93202/definitions/primary_candidate_93202_2141.json,primary_candidate_93202_2141,support_strict,teacher,forced_prior_splice_e050_r265,pass,complete_pass,True,1192,61.801873038999474,0,prior_splice_e050_r265,4.64,True,scored,/home/linjiw/research-data/groot-wbc/m2s-support-pilot-acquisition-20260910-v1/seed93202_support_mixture/round_007/teachers/result.json,0.005
acquisition,seed93202_support_mixture/round_007/teacher/forced_prior_splice_e015_r265,seed93202_support_mixture,support_mixture,93202,93202,/home/linjiw/research-data/groot-wbc/m2s-support-preserving-pools-20260910-v1/seed_93202/definitions/primary_candidate_93202_2141.json,primary_candidate_93202_2141,support_strict,teacher,forced_prior_splice_e015_r265,pass,complete_pass,True,1192,61.75002632900214,0,prior_splice_e015_r265,4.62,True,scored,/home/linjiw/research-data/groot-wbc/m2s-support-pilot-acquisition-20260910-v1/seed93202_support_mixture/round_007/teachers/result.json,0.005
acquisition,seed93202_support_mixture/round_007/teacher/forced_short_e070_r265,seed93202_support_mixture,support_mixture,93202,93202,/home/linjiw/research-data/groot-wbc/m2s-support-preserving-pools-20260910-v1/seed_93202/definitions/primary_candidate_93202_2141.json,primary_candidate_93202_2141,support_strict,teacher,forced_short_e070_r265,pass,complete_pass,True,1192,68.50856552099867,0,short_e070_r265,4.72,True,scored,/home/linjiw/research-data/groot-wbc/m2s-support-pilot-acquisition-20260910-v1/seed93202_support_mixture/round_007/teachers/result.json,0.005
acquisition,seed93202_support_mixture/round_007/teacher/forced_neutral,seed93202_support_mixture,support_mixture,93202,93202,/home/linjiw/research-data/groot-wbc/m2s-support-preserving-pools-20260910-v1/seed_93202/definitions/primary_candidate_93202_2141.json,primary_candidate_93202_2141,support_strict,teacher,forced_neutral,failure,verified_task_failure,False,1192,61.645739256000525,0,neutral,NA,True,scored,/home/linjiw/research-data/groot-wbc/m2s-support-pilot-acquisition-20260910-v1/seed93202_support_mixture/round_007/teachers/result.json,0.005
acquisition,seed93202_support_mixture/round_007/teacher/forced_short_e015_r265,seed93202_support_mixture,support_mixture,93202,93202,/home/linjiw/research-data/groot-wbc/m2s-support-preserving-pools-20260910-v1/seed_93202/definitions/primary_candidate_93202_2141.json,primary_candidate_93202_2141,support_strict,teacher,forced_short_e015_r265,pass,complete_pass,True,1192,61.2450792540003,0,short_e015_r265,4.72,True,scored,/home/linjiw/research-data/groot-wbc/m2s-support-pilot-acquisition-20260910-v1/seed93202_support_mixture/round_007/teachers/result.json,0.005
acquisition,seed93202_support_mixture/round_007/teacher/forced_sustained_e070_r255,seed93202_support_mixture,support_mixture,93202,93202,/home/linjiw/research-data/groot-wbc/m2s-support-preserving-pools-20260910-v1/seed_93202/definitions/primary_candidate_93202_2141.json,primary_candidate_93202_2141,support_strict,teacher,forced_sustained_e070_r255,pass,complete_pass,True,1192,61.39031377699939,0,sustained_e070_r255,4.76,True,scored,/home/linjiw/research-data/groot-wbc/m2s-support-pilot-acquisition-20260910-v1/seed93202_support_mixture/round_007/teachers/result.json,0.005
acquisition,seed93202_support_mixture/round_008/student/learned_neutral,seed93202_support_mixture,support_mixture,93202,93202,/home/linjiw/research-data/groot-wbc/m2s-support-preserving-pools-20260910-v1/seed_93202/definitions/primary_candidate_93202_1282.json,primary_candidate_93202_1282,support_broad,student,learned_neutral,failure,verified_task_failure,NA,836,44.70112708899978,1,NA,NA,False,scored,/home/linjiw/research-data/groot-wbc/m2s-support-pilot-acquisition-20260910-v1/seed93202_support_mixture/round_008/student/result.json,0.005
acquisition,seed93202_support_mixture/round_008/teacher/forced_short_e015_r265,seed93202_support_mixture,support_mixture,93202,93202,/home/linjiw/research-data/groot-wbc/m2s-support-preserving-pools-20260910-v1/seed_93202/definitions/primary_candidate_93202_1282.json,primary_candidate_93202_1282,support_broad,teacher,forced_short_e015_r265,failure,verified_task_failure,NA,508,33.71053684800063,1,NA,NA,False,scored,/home/linjiw/research-data/groot-wbc/m2s-support-pilot-acquisition-20260910-v1/seed93202_support_mixture/round_008/teachers/result.json,0.005
acquisition,seed93202_support_mixture/round_008/teacher/forced_short_e070_r265,seed93202_support_mixture,support_mixture,93202,93202,/home/linjiw/research-data/groot-wbc/m2s-support-preserving-pools-20260910-v1/seed_93202/definitions/primary_candidate_93202_1282.json,primary_candidate_93202_1282,support_broad,teacher,forced_short_e070_r265,failure,verified_task_failure,NA,508,34.363017209001555,1,NA,NA,False,scored,/home/linjiw/research-data/groot-wbc/m2s-support-pilot-acquisition-20260910-v1/seed93202_support_mixture/round_008/teachers/result.json,0.005
acquisition,seed93202_support_mixture/round_008/teacher/forced_prior_splice_e050_r265,seed93202_support_mixture,support_mixture,93202,93202,/home/linjiw/research-data/groot-wbc/m2s-support-preserving-pools-20260910-v1/seed_93202/definitions/primary_candidate_93202_1282.json,primary_candidate_93202_1282,support_broad,teacher,forced_prior_splice_e050_r265,failure,verified_task_failure,NA,832,45.22878860099809,1,NA,NA,False,scored,/home/linjiw/research-data/groot-wbc/m2s-support-pilot-acquisition-20260910-v1/seed93202_support_mixture/round_008/teachers/result.json,0.005
acquisition,seed93202_support_mixture/round_008/teacher/forced_neutral,seed93202_support_mixture,support_mixture,93202,93202,/home/linjiw/research-data/groot-wbc/m2s-support-preserving-pools-20260910-v1/seed_93202/definitions/primary_candidate_93202_1282.json,primary_candidate_93202_1282,support_broad,teacher,forced_neutral,failure,verified_task_failure,NA,508,33.8596315950017,1,NA,NA,False,scored,/home/linjiw/research-data/groot-wbc/m2s-support-pilot-acquisition-20260910-v1/seed93202_support_mixture/round_008/teachers/result.json,0.005
acquisition,seed93202_support_mixture/round_008/teacher/forced_sustained_e070_r255,seed93202_support_mixture,support_mixture,93202,93202,/home/linjiw/research-data/groot-wbc/m2s-support-preserving-pools-20260910-v1/seed_93202/definitions/primary_candidate_93202_1282.json,primary_candidate_93202_1282,support_broad,teacher,forced_sustained_e070_r255,failure,verified_task_failure,NA,504,33.61389558500014,1,NA,NA,False,scored,/home/linjiw/research-data/groot-wbc/m2s-support-pilot-acquisition-20260910-v1/seed93202_support_mixture/round_008/teachers/result.json,0.005
acquisition,seed93202_support_mixture/round_008/teacher/forced_sustained_e015_r255,seed93202_support_mixture,support_mixture,93202,93202,/home/linjiw/research-data/groot-wbc/m2s-support-preserving-pools-20260910-v1/seed_93202/definitions/primary_candidate_93202_1282.json,primary_candidate_93202_1282,support_broad,teacher,forced_sustained_e015_r255,failure,verified_task_failure,NA,504,33.56229326399989,1,NA,NA,False,scored,/home/linjiw/research-data/groot-wbc/m2s-support-pilot-acquisition-20260910-v1/seed93202_support_mixture/round_008/teachers/result.json,0.005
acquisition,seed93202_support_mixture/round_008/teacher/forced_prior_splice_e015_r265,seed93202_support_mixture,support_mixture,93202,93202,/home/linjiw/research-data/groot-wbc/m2s-support-preserving-pools-20260910-v1/seed_93202/definitions/primary_candidate_93202_1282.json,primary_candidate_93202_1282,support_broad,teacher,forced_prior_splice_e015_r265,failure,verified_task_failure,NA,836,44.91733065399967,1,NA,NA,False,scored,/home/linjiw/research-data/groot-wbc/m2s-support-pilot-acquisition-20260910-v1/seed93202_support_mixture/round_008/teachers/result.json,0.005
acquisition,seed93203_support_strict/round_005/student/learned_neutral,seed93203_support_strict,support_strict,93203,93203,/home/linjiw/research-data/groot-wbc/m2s-support-preserving-pools-20260910-v1/seed_93203/definitions/primary_candidate_93203_2337.json,primary_candidate_93203_2337,support_strict,student,learned_neutral,pass,complete_pass,True,1192,59.54099771000074,0,prior_splice_e050_r265,3.44,True,scored,/home/linjiw/research-data/groot-wbc/m2s-support-pilot-acquisition-20260910-v1/seed93203_support_strict/round_005/student/result.json,0.005
acquisition,seed93203_support_strict/round_005/teacher/forced_neutral,seed93203_support_strict,support_strict,93203,93203,/home/linjiw/research-data/groot-wbc/m2s-support-preserving-pools-20260910-v1/seed_93203/definitions/primary_candidate_93203_2337.json,primary_candidate_93203_2337,support_strict,teacher,forced_neutral,failure,verified_task_failure,False,1192,59.38890370599984,0,neutral,NA,True,scored,/home/linjiw/research-data/groot-wbc/m2s-support-pilot-acquisition-20260910-v1/seed93203_support_strict/round_005/teachers/result.json,0.005
acquisition,seed93203_support_strict/round_005/teacher/forced_sustained_e015_r255,seed93203_support_strict,support_strict,93203,93203,/home/linjiw/research-data/groot-wbc/m2s-support-preserving-pools-20260910-v1/seed_93203/definitions/primary_candidate_93203_2337.json,primary_candidate_93203_2337,support_strict,teacher,forced_sustained_e015_r255,pass,complete_pass,True,1192,59.4893027119997,0,sustained_e015_r255,3.5,True,scored,/home/linjiw/research-data/groot-wbc/m2s-support-pilot-acquisition-20260910-v1/seed93203_support_strict/round_005/teachers/result.json,0.005
acquisition,seed93203_support_strict/round_005/teacher/forced_prior_splice_e050_r265,seed93203_support_strict,support_strict,93203,93203,/home/linjiw/research-data/groot-wbc/m2s-support-preserving-pools-20260910-v1/seed_93203/definitions/primary_candidate_93203_2337.json,primary_candidate_93203_2337,support_strict,teacher,forced_prior_splice_e050_r265,pass,complete_pass,True,1192,59.28908747300011,0,prior_splice_e050_r265,3.44,True,scored,/home/linjiw/research-data/groot-wbc/m2s-support-pilot-acquisition-20260910-v1/seed93203_support_strict/round_005/teachers/result.json,0.005
acquisition,seed93203_support_strict/round_005/teacher/forced_short_e070_r265,seed93203_support_strict,support_strict,93203,93203,/home/linjiw/research-data/groot-wbc/m2s-support-preserving-pools-20260910-v1/seed_93203/definitions/primary_candidate_93203_2337.json,primary_candidate_93203_2337,support_strict,teacher,forced_short_e070_r265,failure,verified_task_failure,False,1192,59.389861334999296,0,short_e070_r265,NA,True,scored,/home/linjiw/research-data/groot-wbc/m2s-support-pilot-acquisition-20260910-v1/seed93203_support_strict/round_005/teachers/result.json,0.005
acquisition,seed93203_support_strict/round_005/teacher/forced_short_e015_r265,seed93203_support_strict,support_strict,93203,93203,/home/linjiw/research-data/groot-wbc/m2s-support-preserving-pools-20260910-v1/seed_93203/definitions/primary_candidate_93203_2337.json,primary_candidate_93203_2337,support_strict,teacher,forced_short_e015_r265,failure,verified_task_failure,False,1192,59.43304281999917,0,short_e015_r265,NA,True,scored,/home/linjiw/research-data/groot-wbc/m2s-support-pilot-acquisition-20260910-v1/seed93203_support_strict/round_005/teachers/result.json,0.005
acquisition,seed93203_support_strict/round_005/teacher/forced_sustained_e070_r255,seed93203_support_strict,support_strict,93203,93203,/home/linjiw/research-data/groot-wbc/m2s-support-preserving-pools-20260910-v1/seed_93203/definitions/primary_candidate_93203_2337.json,primary_candidate_93203_2337,support_strict,teacher,forced_sustained_e070_r255,pass,complete_pass,True,1192,59.433190923999064,0,sustained_e070_r255,3.5,True,scored,/home/linjiw/research-data/groot-wbc/m2s-support-pilot-acquisition-20260910-v1/seed93203_support_strict/round_005/teachers/result.json,0.005
acquisition,seed93203_support_strict/round_005/teacher/forced_prior_splice_e015_r265,seed93203_support_strict,support_strict,93203,93203,/home/linjiw/research-data/groot-wbc/m2s-support-preserving-pools-20260910-v1/seed_93203/definitions/primary_candidate_93203_2337.json,primary_candidate_93203_2337,support_strict,teacher,forced_prior_splice_e015_r265,pass,complete_pass,True,1192,59.51577657099915,0,prior_splice_e015_r265,3.44,True,scored,/home/linjiw/research-data/groot-wbc/m2s-support-pilot-acquisition-20260910-v1/seed93203_support_strict/round_005/teachers/result.json,0.005
acquisition,seed93203_support_strict/round_006/student/learned_neutral,seed93203_support_strict,support_strict,93203,93203,/home/linjiw/research-data/groot-wbc/m2s-support-preserving-pools-20260910-v1/seed_93203/definitions/primary_candidate_93203_2145.json,primary_candidate_93203_2145,support_strict,student,learned_neutral,pass,complete_pass,True,1192,59.241354845002206,0,prior_splice_e050_r265,3.64,True,scored,/home/linjiw/research-data/groot-wbc/m2s-support-pilot-acquisition-20260910-v1/seed93203_support_strict/round_006/student/result.json,0.005
acquisition,seed93203_support_strict/round_006/teacher/forced_prior_splice_e015_r265,seed93203_support_strict,support_strict,93203,93203,/home/linjiw/research-data/groot-wbc/m2s-support-preserving-pools-20260910-v1/seed_93203/definitions/primary_candidate_93203_2145.json,primary_candidate_93203_2145,support_strict,teacher,forced_prior_splice_e015_r265,pass,complete_pass,True,1192,59.49221688000034,0,prior_splice_e015_r265,3.62,True,scored,/home/linjiw/research-data/groot-wbc/m2s-support-pilot-acquisition-20260910-v1/seed93203_support_strict/round_006/teachers/result.json,0.005
acquisition,seed93203_support_strict/round_006/teacher/forced_neutral,seed93203_support_strict,support_strict,93203,93203,/home/linjiw/research-data/groot-wbc/m2s-support-preserving-pools-20260910-v1/seed_93203/definitions/primary_candidate_93203_2145.json,primary_candidate_93203_2145,support_strict,teacher,forced_neutral,failure,verified_task_failure,False,1192,59.19102960500095,0,neutral,NA,True,scored,/home/linjiw/research-data/groot-wbc/m2s-support-pilot-acquisition-20260910-v1/seed93203_support_strict/round_006/teachers/result.json,0.005
acquisition,seed93203_support_strict/round_006/teacher/forced_sustained_e070_r255,seed93203_support_strict,support_strict,93203,93203,/home/linjiw/research-data/groot-wbc/m2s-support-preserving-pools-20260910-v1/seed_93203/definitions/primary_candidate_93203_2145.json,primary_candidate_93203_2145,support_strict,teacher,forced_sustained_e070_r255,pass,complete_pass,True,1192,58.93628840599922,0,sustained_e070_r255,4.08,True,scored,/home/linjiw/research-data/groot-wbc/m2s-support-pilot-acquisition-20260910-v1/seed93203_support_strict/round_006/teachers/result.json,0.005
acquisition,seed93203_support_strict/round_006/teacher/forced_sustained_e015_r255,seed93203_support_strict,support_strict,93203,93203,/home/linjiw/research-data/groot-wbc/m2s-support-preserving-pools-20260910-v1/seed_93203/definitions/primary_candidate_93203_2145.json,primary_candidate_93203_2145,support_strict,teacher,forced_sustained_e015_r255,pass,complete_pass,True,1192,59.089548866999394,0,sustained_e015_r255,4.08,True,scored,/home/linjiw/research-data/groot-wbc/m2s-support-pilot-acquisition-20260910-v1/seed93203_support_strict/round_006/teachers/result.json,0.005
acquisition,seed93203_support_strict/round_006/teacher/forced_short_e015_r265,seed93203_support_strict,support_strict,93203,93203,/home/linjiw/research-data/groot-wbc/m2s-support-preserving-pools-20260910-v1/seed_93203/definitions/primary_candidate_93203_2145.json,primary_candidate_93203_2145,support_strict,teacher,forced_short_e015_r265,pass,complete_pass,True,1192,58.940155732001585,0,short_e015_r265,4.04,True,scored,/home/linjiw/research-data/groot-wbc/m2s-support-pilot-acquisition-20260910-v1/seed93203_support_strict/round_006/teachers/result.json,0.005
acquisition,seed93203_support_strict/round_006/teacher/forced_short_e070_r265,seed93203_support_strict,support_strict,93203,93203,/home/linjiw/research-data/groot-wbc/m2s-support-preserving-pools-20260910-v1/seed_93203/definitions/primary_candidate_93203_2145.json,primary_candidate_93203_2145,support_strict,teacher,forced_short_e070_r265,pass,complete_pass,True,1192,58.83599965100075,0,short_e070_r265,4.04,True,scored,/home/linjiw/research-data/groot-wbc/m2s-support-pilot-acquisition-20260910-v1/seed93203_support_strict/round_006/teachers/result.json,0.005
acquisition,seed93203_support_strict/round_006/teacher/forced_prior_splice_e050_r265,seed93203_support_strict,support_strict,93203,93203,/home/linjiw/research-data/groot-wbc/m2s-support-preserving-pools-20260910-v1/seed_93203/definitions/primary_candidate_93203_2145.json,primary_candidate_93203_2145,support_strict,teacher,forced_prior_splice_e050_r265,pass,complete_pass,True,1192,59.49231575500016,0,prior_splice_e050_r265,3.64,True,scored,/home/linjiw/research-data/groot-wbc/m2s-support-pilot-acquisition-20260910-v1/seed93203_support_strict/round_006/teachers/result.json,0.005
acquisition,seed93203_support_strict/round_007/student/learned_neutral,seed93203_support_strict,support_strict,93203,93203,/home/linjiw/research-data/groot-wbc/m2s-support-preserving-pools-20260910-v1/seed_93203/definitions/primary_candidate_93203_1386.json,primary_candidate_93203_1386,support_strict,student,learned_neutral,pass,complete_pass,True,1192,61.645822023998335,0,prior_splice_e015_r265,4.18,True,scored,/home/linjiw/research-data/groot-wbc/m2s-support-pilot-acquisition-20260910-v1/seed93203_support_strict/round_007/student/result.json,0.005
acquisition,seed93203_support_strict/round_007/teacher/forced_prior_splice_e015_r265,seed93203_support_strict,support_strict,93203,93203,/home/linjiw/research-data/groot-wbc/m2s-support-preserving-pools-20260910-v1/seed_93203/definitions/primary_candidate_93203_1386.json,primary_candidate_93203_1386,support_strict,teacher,forced_prior_splice_e015_r265,pass,complete_pass,True,1192,61.952953223000804,0,prior_splice_e015_r265,4.18,True,scored,/home/linjiw/research-data/groot-wbc/m2s-support-pilot-acquisition-20260910-v1/seed93203_support_strict/round_007/teachers/result.json,0.005
acquisition,seed93203_support_strict/round_007/teacher/forced_short_e070_r265,seed93203_support_strict,support_strict,93203,93203,/home/linjiw/research-data/groot-wbc/m2s-support-preserving-pools-20260910-v1/seed_93203/definitions/primary_candidate_93203_1386.json,primary_candidate_93203_1386,support_strict,teacher,forced_short_e070_r265,pass,complete_pass,True,1192,61.949491374998615,0,short_e070_r265,4.58,True,scored,/home/linjiw/research-data/groot-wbc/m2s-support-pilot-acquisition-20260910-v1/seed93203_support_strict/round_007/teachers/result.json,0.005
acquisition,seed93203_support_strict/round_007/teacher/forced_sustained_e070_r255,seed93203_support_strict,support_strict,93203,93203,/home/linjiw/research-data/groot-wbc/m2s-support-preserving-pools-20260910-v1/seed_93203/definitions/primary_candidate_93203_1386.json,primary_candidate_93203_1386,support_strict,teacher,forced_sustained_e070_r255,pass,complete_pass,True,1192,62.551896651999414,0,sustained_e070_r255,4.64,True,scored,/home/linjiw/research-data/groot-wbc/m2s-support-pilot-acquisition-20260910-v1/seed93203_support_strict/round_007/teachers/result.json,0.005
acquisition,seed93203_support_strict/round_007/teacher/forced_prior_splice_e050_r265,seed93203_support_strict,support_strict,93203,93203,/home/linjiw/research-data/groot-wbc/m2s-support-preserving-pools-20260910-v1/seed_93203/definitions/primary_candidate_93203_1386.json,primary_candidate_93203_1386,support_strict,teacher,forced_prior_splice_e050_r265,pass,complete_pass,True,1192,61.85042409300149,0,prior_splice_e050_r265,4.44,True,scored,/home/linjiw/research-data/groot-wbc/m2s-support-pilot-acquisition-20260910-v1/seed93203_support_strict/round_007/teachers/result.json,0.005
acquisition,seed93203_support_strict/round_007/teacher/forced_sustained_e015_r255,seed93203_support_strict,support_strict,93203,93203,/home/linjiw/research-data/groot-wbc/m2s-support-preserving-pools-20260910-v1/seed_93203/definitions/primary_candidate_93203_1386.json,primary_candidate_93203_1386,support_strict,teacher,forced_sustained_e015_r255,pass,complete_pass,True,1192,61.950066520999826,0,sustained_e015_r255,4.64,True,scored,/home/linjiw/research-data/groot-wbc/m2s-support-pilot-acquisition-20260910-v1/seed93203_support_strict/round_007/teachers/result.json,0.005
acquisition,seed93203_support_strict/round_007/teacher/forced_neutral,seed93203_support_strict,support_strict,93203,93203,/home/linjiw/research-data/groot-wbc/m2s-support-preserving-pools-20260910-v1/seed_93203/definitions/primary_candidate_93203_1386.json,primary_candidate_93203_1386,support_strict,teacher,forced_neutral,failure,verified_task_failure,False,1192,62.70149935000154,0,neutral,NA,True,scored,/home/linjiw/research-data/groot-wbc/m2s-support-pilot-acquisition-20260910-v1/seed93203_support_strict/round_007/teachers/result.json,0.005
acquisition,seed93203_support_strict/round_007/teacher/forced_short_e015_r265,seed93203_support_strict,support_strict,93203,93203,/home/linjiw/research-data/groot-wbc/m2s-support-preserving-pools-20260910-v1/seed_93203/definitions/primary_candidate_93203_1386.json,primary_candidate_93203_1386,support_strict,teacher,forced_short_e015_r265,pass,complete_pass,True,1192,61.901083485001436,0,short_e015_r265,4.58,True,scored,/home/linjiw/research-data/groot-wbc/m2s-support-pilot-acquisition-20260910-v1/seed93203_support_strict/round_007/teachers/result.json,0.005
acquisition,seed93203_support_strict/round_008/student/learned_neutral,seed93203_support_strict,support_strict,93203,93203,/home/linjiw/research-data/groot-wbc/m2s-support-preserving-pools-20260910-v1/seed_93203/definitions/primary_candidate_93203_1572.json,primary_candidate_93203_1572,support_strict,student,learned_neutral,pass,complete_pass,True,1192,60.794423323000956,0,prior_splice_e015_r265,3.38,True,scored,/home/linjiw/research-data/groot-wbc/m2s-support-pilot-acquisition-20260910-v1/seed93203_support_strict/round_008/student/result.json,0.005
acquisition,seed93203_support_strict/round_008/teacher/forced_prior_splice_e050_r265,seed93203_support_strict,support_strict,93203,93203,/home/linjiw/research-data/groot-wbc/m2s-support-preserving-pools-20260910-v1/seed_93203/definitions/primary_candidate_93203_1572.json,primary_candidate_93203_1572,support_strict,teacher,forced_prior_splice_e050_r265,pass,complete_pass,True,1192,60.84794494599919,0,prior_splice_e050_r265,3.38,True,scored,/home/linjiw/research-data/groot-wbc/m2s-support-pilot-acquisition-20260910-v1/seed93203_support_strict/round_008/teachers/result.json,0.005
acquisition,seed93203_support_strict/round_008/teacher/forced_short_e015_r265,seed93203_support_strict,support_strict,93203,93203,/home/linjiw/research-data/groot-wbc/m2s-support-preserving-pools-20260910-v1/seed_93203/definitions/primary_candidate_93203_1572.json,primary_candidate_93203_1572,support_strict,teacher,forced_short_e015_r265,failure,verified_task_failure,False,1192,60.7964628760019,0,short_e015_r265,NA,True,scored,/home/linjiw/research-data/groot-wbc/m2s-support-pilot-acquisition-20260910-v1/seed93203_support_strict/round_008/teachers/result.json,0.005
acquisition,seed93203_support_strict/round_008/teacher/forced_neutral,seed93203_support_strict,support_strict,93203,93203,/home/linjiw/research-data/groot-wbc/m2s-support-preserving-pools-20260910-v1/seed_93203/definitions/primary_candidate_93203_1572.json,primary_candidate_93203_1572,support_strict,teacher,forced_neutral,failure,verified_task_failure,False,1192,60.34603997399972,0,neutral,NA,True,scored,/home/linjiw/research-data/groot-wbc/m2s-support-pilot-acquisition-20260910-v1/seed93203_support_strict/round_008/teachers/result.json,0.005
acquisition,seed93203_support_strict/round_008/teacher/forced_sustained_e070_r255,seed93203_support_strict,support_strict,93203,93203,/home/linjiw/research-data/groot-wbc/m2s-support-preserving-pools-20260910-v1/seed_93203/definitions/primary_candidate_93203_1572.json,primary_candidate_93203_1572,support_strict,teacher,forced_sustained_e070_r255,pass,complete_pass,True,1192,60.647476068003016,0,sustained_e070_r255,3.44,True,scored,/home/linjiw/research-data/groot-wbc/m2s-support-pilot-acquisition-20260910-v1/seed93203_support_strict/round_008/teachers/result.json,0.005
acquisition,seed93203_support_strict/round_008/teacher/forced_short_e070_r265,seed93203_support_strict,support_strict,93203,93203,/home/linjiw/research-data/groot-wbc/m2s-support-preserving-pools-20260910-v1/seed_93203/definitions/primary_candidate_93203_1572.json,primary_candidate_93203_1572,support_strict,teacher,forced_short_e070_r265,failure,verified_task_failure,False,1192,60.39850500200191,0,short_e070_r265,NA,True,scored,/home/linjiw/research-data/groot-wbc/m2s-support-pilot-acquisition-20260910-v1/seed93203_support_strict/round_008/teachers/result.json,0.005
acquisition,seed93203_support_strict/round_008/teacher/forced_prior_splice_e015_r265,seed93203_support_strict,support_strict,93203,93203,/home/linjiw/research-data/groot-wbc/m2s-support-preserving-pools-20260910-v1/seed_93203/definitions/primary_candidate_93203_1572.json,primary_candidate_93203_1572,support_strict,teacher,forced_prior_splice_e015_r265,pass,complete_pass,True,1192,60.697220964000735,0,prior_splice_e015_r265,3.38,True,scored,/home/linjiw/research-data/groot-wbc/m2s-support-pilot-acquisition-20260910-v1/seed93203_support_strict/round_008/teachers/result.json,0.005
acquisition,seed93203_support_strict/round_008/teacher/forced_sustained_e015_r255,seed93203_support_strict,support_strict,93203,93203,/home/linjiw/research-data/groot-wbc/m2s-support-preserving-pools-20260910-v1/seed_93203/definitions/primary_candidate_93203_1572.json,primary_candidate_93203_1572,support_strict,teacher,forced_sustained_e015_r255,pass,complete_pass,True,1192,60.845961970000644,0,sustained_e015_r255,3.44,True,scored,/home/linjiw/research-data/groot-wbc/m2s-support-pilot-acquisition-20260910-v1/seed93203_support_strict/round_008/teachers/result.json,0.005
acquisition,seed93203_support_broad/round_005/student/learned_neutral,seed93203_support_broad,support_broad,93203,93203,/home/linjiw/research-data/groot-wbc/m2s-support-preserving-pools-20260910-v1/seed_93203/definitions/primary_candidate_93203_1282.json,primary_candidate_93203_1282,support_broad,student,learned_neutral,failure,verified_task_failure,False,1192,59.2824508220001,0,prior_splice_e050_r265,NA,True,scored,/home/linjiw/research-data/groot-wbc/m2s-support-pilot-acquisition-20260910-v1/seed93203_support_broad/round_005/student/result.json,0.005
acquisition,seed93203_support_broad/round_005/teacher/forced_short_e015_r265,seed93203_support_broad,support_broad,93203,93203,/home/linjiw/research-data/groot-wbc/m2s-support-preserving-pools-20260910-v1/seed_93203/definitions/primary_candidate_93203_1282.json,primary_candidate_93203_1282,support_broad,teacher,forced_short_e015_r265,failure,verified_task_failure,False,1192,59.74367519000043,0,short_e015_r265,NA,True,scored,/home/linjiw/research-data/groot-wbc/m2s-support-pilot-acquisition-20260910-v1/seed93203_support_broad/round_005/teachers/result.json,0.005
acquisition,seed93203_support_broad/round_005/teacher/forced_neutral,seed93203_support_broad,support_broad,93203,93203,/home/linjiw/research-data/groot-wbc/m2s-support-preserving-pools-20260910-v1/seed_93203/definitions/primary_candidate_93203_1282.json,primary_candidate_93203_1282,support_broad,teacher,forced_neutral,failure,verified_task_failure,False,1192,59.44358334900062,0,neutral,NA,True,scored,/home/linjiw/research-data/groot-wbc/m2s-support-pilot-acquisition-20260910-v1/seed93203_support_broad/round_005/teachers/result.json,0.005
acquisition,seed93203_support_broad/round_005/teacher/forced_prior_splice_e050_r265,seed93203_support_broad,support_broad,93203,93203,/home/linjiw/research-data/groot-wbc/m2s-support-preserving-pools-20260910-v1/seed_93203/definitions/primary_candidate_93203_1282.json,primary_candidate_93203_1282,support_broad,teacher,forced_prior_splice_e050_r265,failure,verified_task_failure,False,1192,59.53939076700044,0,prior_splice_e050_r265,NA,True,scored,/home/linjiw/research-data/groot-wbc/m2s-support-pilot-acquisition-20260910-v1/seed93203_support_broad/round_005/teachers/result.json,0.005
acquisition,seed93203_support_broad/round_005/teacher/forced_sustained_e070_r255,seed93203_support_broad,support_broad,93203,93203,/home/linjiw/research-data/groot-wbc/m2s-support-preserving-pools-20260910-v1/seed_93203/definitions/primary_candidate_93203_1282.json,primary_candidate_93203_1282,support_broad,teacher,forced_sustained_e070_r255,failure,verified_task_failure,False,1192,59.28223416699984,0,sustained_e070_r255,NA,True,scored,/home/linjiw/research-data/groot-wbc/m2s-support-pilot-acquisition-20260910-v1/seed93203_support_broad/round_005/teachers/result.json,0.005
acquisition,seed93203_support_broad/round_005/teacher/forced_short_e070_r265,seed93203_support_broad,support_broad,93203,93203,/home/linjiw/research-data/groot-wbc/m2s-support-preserving-pools-20260910-v1/seed_93203/definitions/primary_candidate_93203_1282.json,primary_candidate_93203_1282,support_broad,teacher,forced_short_e070_r265,failure,verified_task_failure,False,1192,59.190619611999864,0,short_e070_r265,NA,True,scored,/home/linjiw/research-data/groot-wbc/m2s-support-pilot-acquisition-20260910-v1/seed93203_support_broad/round_005/teachers/result.json,0.005
acquisition,seed93203_support_broad/round_005/teacher/forced_sustained_e015_r255,seed93203_support_broad,support_broad,93203,93203,/home/linjiw/research-data/groot-wbc/m2s-support-preserving-pools-20260910-v1/seed_93203/definitions/primary_candidate_93203_1282.json,primary_candidate_93203_1282,support_broad,teacher,forced_sustained_e015_r255,failure,verified_task_failure,False,1192,59.385247214999254,0,sustained_e015_r255,NA,True,scored,/home/linjiw/research-data/groot-wbc/m2s-support-pilot-acquisition-20260910-v1/seed93203_support_broad/round_005/teachers/result.json,0.005
acquisition,seed93203_support_broad/round_005/teacher/forced_prior_splice_e015_r265,seed93203_support_broad,support_broad,93203,93203,/home/linjiw/research-data/groot-wbc/m2s-support-preserving-pools-20260910-v1/seed_93203/definitions/primary_candidate_93203_1282.json,primary_candidate_93203_1282,support_broad,teacher,forced_prior_splice_e015_r265,failure,verified_task_failure,False,1192,59.48558876199968,0,prior_splice_e015_r265,NA,True,scored,/home/linjiw/research-data/groot-wbc/m2s-support-pilot-acquisition-20260910-v1/seed93203_support_broad/round_005/teachers/result.json,0.005
acquisition,seed93203_support_broad/round_006/student/learned_neutral,seed93203_support_broad,support_broad,93203,93203,/home/linjiw/research-data/groot-wbc/m2s-support-preserving-pools-20260910-v1/seed_93203/definitions/primary_candidate_93203_1280.json,primary_candidate_93203_1280,support_broad,student,learned_neutral,pass,complete_pass,True,1192,59.84165901400047,0,prior_splice_e050_r265,4.6,True,scored,/home/linjiw/research-data/groot-wbc/m2s-support-pilot-acquisition-20260910-v1/seed93203_support_broad/round_006/student/result.json,0.005
acquisition,seed93203_support_broad/round_006/teacher/forced_prior_splice_e015_r265,seed93203_support_broad,support_broad,93203,93203,/home/linjiw/research-data/groot-wbc/m2s-support-preserving-pools-20260910-v1/seed_93203/definitions/primary_candidate_93203_1280.json,primary_candidate_93203_1280,support_broad,teacher,forced_prior_splice_e015_r265,pass,complete_pass,True,1192,59.28310749400043,0,prior_splice_e015_r265,4.58,True,scored,/home/linjiw/research-data/groot-wbc/m2s-support-pilot-acquisition-20260910-v1/seed93203_support_broad/round_006/teachers/result.json,0.005
acquisition,seed93203_support_broad/round_006/teacher/forced_short_e070_r265,seed93203_support_broad,support_broad,93203,93203,/home/linjiw/research-data/groot-wbc/m2s-support-preserving-pools-20260910-v1/seed_93203/definitions/primary_candidate_93203_1280.json,primary_candidate_93203_1280,support_broad,teacher,forced_short_e070_r265,pass,complete_pass,True,1192,59.24435101600102,0,short_e070_r265,4.66,True,scored,/home/linjiw/research-data/groot-wbc/m2s-support-pilot-acquisition-20260910-v1/seed93203_support_broad/round_006/teachers/result.json,0.005
acquisition,seed93203_support_broad/round_006/teacher/forced_sustained_e015_r255,seed93203_support_broad,support_broad,93203,93203,/home/linjiw/research-data/groot-wbc/m2s-support-preserving-pools-20260910-v1/seed_93203/definitions/primary_candidate_93203_1280.json,primary_candidate_93203_1280,support_broad,teacher,forced_sustained_e015_r255,pass,complete_pass,True,1192,59.39000499100075,0,sustained_e015_r255,4.7,True,scored,/home/linjiw/research-data/groot-wbc/m2s-support-pilot-acquisition-20260910-v1/seed93203_support_broad/round_006/teachers/result.json,0.005
acquisition,seed93203_support_broad/round_006/teacher/forced_prior_splice_e050_r265,seed93203_support_broad,support_broad,93203,93203,/home/linjiw/research-data/groot-wbc/m2s-support-preserving-pools-20260910-v1/seed_93203/definitions/primary_candidate_93203_1280.json,primary_candidate_93203_1280,support_broad,teacher,forced_prior_splice_e050_r265,pass,complete_pass,True,1192,59.287349607999204,0,prior_splice_e050_r265,4.6,True,scored,/home/linjiw/research-data/groot-wbc/m2s-support-pilot-acquisition-20260910-v1/seed93203_support_broad/round_006/teachers/result.json,0.005
acquisition,seed93203_support_broad/round_006/teacher/forced_neutral,seed93203_support_broad,support_broad,93203,93203,/home/linjiw/research-data/groot-wbc/m2s-support-preserving-pools-20260910-v1/seed_93203/definitions/primary_candidate_93203_1280.json,primary_candidate_93203_1280,support_broad,teacher,forced_neutral,failure,verified_task_failure,False,1192,59.28939130599974,0,neutral,NA,True,scored,/home/linjiw/research-data/groot-wbc/m2s-support-pilot-acquisition-20260910-v1/seed93203_support_broad/round_006/teachers/result.json,0.005
acquisition,seed93203_support_broad/round_006/teacher/forced_short_e015_r265,seed93203_support_broad,support_broad,93203,93203,/home/linjiw/research-data/groot-wbc/m2s-support-preserving-pools-20260910-v1/seed_93203/definitions/primary_candidate_93203_1280.json,primary_candidate_93203_1280,support_broad,teacher,forced_short_e015_r265,pass,complete_pass,True,1192,59.0361582550031,0,short_e015_r265,4.66,True,scored,/home/linjiw/research-data/groot-wbc/m2s-support-pilot-acquisition-20260910-v1/seed93203_support_broad/round_006/teachers/result.json,0.005
acquisition,seed93203_support_broad/round_006/teacher/forced_sustained_e070_r255,seed93203_support_broad,support_broad,93203,93203,/home/linjiw/research-data/groot-wbc/m2s-support-preserving-pools-20260910-v1/seed_93203/definitions/primary_candidate_93203_1280.json,primary_candidate_93203_1280,support_broad,teacher,forced_sustained_e070_r255,pass,complete_pass,True,1192,59.29098168799828,0,sustained_e070_r255,4.7,True,scored,/home/linjiw/research-data/groot-wbc/m2s-support-pilot-acquisition-20260910-v1/seed93203_support_broad/round_006/teachers/result.json,0.005
acquisition,seed93203_support_broad/round_007/student/learned_neutral,seed93203_support_broad,support_broad,93203,93203,/home/linjiw/research-data/groot-wbc/m2s-support-preserving-pools-20260910-v1/seed_93203/definitions/primary_candidate_93203_1281.json,primary_candidate_93203_1281,support_broad,student,learned_neutral,failure,verified_task_failure,False,1192,59.98603609199927,0,prior_splice_e015_r265,NA,True,scored,/home/linjiw/research-data/groot-wbc/m2s-support-pilot-acquisition-20260910-v1/seed93203_support_broad/round_007/student/result.json,0.005
acquisition,seed93203_support_broad/round_007/teacher/forced_short_e070_r265,seed93203_support_broad,support_broad,93203,93203,/home/linjiw/research-data/groot-wbc/m2s-support-preserving-pools-20260910-v1/seed_93203/definitions/primary_candidate_93203_1281.json,primary_candidate_93203_1281,support_broad,teacher,forced_short_e070_r265,failure,verified_task_failure,False,1192,60.145295156999055,0,short_e070_r265,NA,True,scored,/home/linjiw/research-data/groot-wbc/m2s-support-pilot-acquisition-20260910-v1/seed93203_support_broad/round_007/teachers/result.json,0.005
acquisition,seed93203_support_broad/round_007/teacher/forced_prior_splice_e050_r265,seed93203_support_broad,support_broad,93203,93203,/home/linjiw/research-data/groot-wbc/m2s-support-preserving-pools-20260910-v1/seed_93203/definitions/primary_candidate_93203_1281.json,primary_candidate_93203_1281,support_broad,teacher,forced_prior_splice_e050_r265,failure,verified_task_failure,False,1192,60.444510286997684,0,prior_splice_e050_r265,NA,True,scored,/home/linjiw/research-data/groot-wbc/m2s-support-pilot-acquisition-20260910-v1/seed93203_support_broad/round_007/teachers/result.json,0.005
acquisition,seed93203_support_broad/round_007/teacher/forced_sustained_e015_r255,seed93203_support_broad,support_broad,93203,93203,/home/linjiw/research-data/groot-wbc/m2s-support-preserving-pools-20260910-v1/seed_93203/definitions/primary_candidate_93203_1281.json,primary_candidate_93203_1281,support_broad,teacher,forced_sustained_e015_r255,pass,complete_pass,True,1192,60.44120316200133,0,sustained_e015_r255,4.18,True,scored,/home/linjiw/research-data/groot-wbc/m2s-support-pilot-acquisition-20260910-v1/seed93203_support_broad/round_007/teachers/result.json,0.005
acquisition,seed93203_support_broad/round_007/teacher/forced_short_e015_r265,seed93203_support_broad,support_broad,93203,93203,/home/linjiw/research-data/groot-wbc/m2s-support-preserving-pools-20260910-v1/seed_93203/definitions/primary_candidate_93203_1281.json,primary_candidate_93203_1281,support_broad,teacher,forced_short_e015_r265,failure,verified_task_failure,False,1192,61.148117815999285,0,short_e015_r265,NA,True,scored,/home/linjiw/research-data/groot-wbc/m2s-support-pilot-acquisition-20260910-v1/seed93203_support_broad/round_007/teachers/result.json,0.005
acquisition,seed93203_support_broad/round_007/teacher/forced_neutral,seed93203_support_broad,support_broad,93203,93203,/home/linjiw/research-data/groot-wbc/m2s-support-preserving-pools-20260910-v1/seed_93203/definitions/primary_candidate_93203_1281.json,primary_candidate_93203_1281,support_broad,teacher,forced_neutral,failure,verified_task_failure,False,1192,60.997456170996884,0,neutral,NA,True,scored,/home/linjiw/research-data/groot-wbc/m2s-support-pilot-acquisition-20260910-v1/seed93203_support_broad/round_007/teachers/result.json,0.005
acquisition,seed93203_support_broad/round_007/teacher/forced_sustained_e070_r255,seed93203_support_broad,support_broad,93203,93203,/home/linjiw/research-data/groot-wbc/m2s-support-preserving-pools-20260910-v1/seed_93203/definitions/primary_candidate_93203_1281.json,primary_candidate_93203_1281,support_broad,teacher,forced_sustained_e070_r255,pass,complete_pass,True,1192,61.75198543700026,0,sustained_e070_r255,4.18,True,scored,/home/linjiw/research-data/groot-wbc/m2s-support-pilot-acquisition-20260910-v1/seed93203_support_broad/round_007/teachers/result.json,0.005
acquisition,seed93203_support_broad/round_007/teacher/forced_prior_splice_e015_r265,seed93203_support_broad,support_broad,93203,93203,/home/linjiw/research-data/groot-wbc/m2s-support-preserving-pools-20260910-v1/seed_93203/definitions/primary_candidate_93203_1281.json,primary_candidate_93203_1281,support_broad,teacher,forced_prior_splice_e015_r265,failure,verified_task_failure,False,1192,61.79976089200136,0,prior_splice_e015_r265,NA,True,scored,/home/linjiw/research-data/groot-wbc/m2s-support-pilot-acquisition-20260910-v1/seed93203_support_broad/round_007/teachers/result.json,0.005
acquisition,seed93203_support_broad/round_008/student/learned_neutral,seed93203_support_broad,support_broad,93203,93203,/home/linjiw/research-data/groot-wbc/m2s-support-preserving-pools-20260910-v1/seed_93203/definitions/primary_candidate_93203_1287.json,primary_candidate_93203_1287,support_broad,student,learned_neutral,failure,verified_task_failure,False,1192,61.3496473990017,0,sustained_e070_r255,NA,True,scored,/home/linjiw/research-data/groot-wbc/m2s-support-pilot-acquisition-20260910-v1/seed93203_support_broad/round_008/student/result.json,0.005
acquisition,seed93203_support_broad/round_008/teacher/forced_prior_splice_e015_r265,seed93203_support_broad,support_broad,93203,93203,/home/linjiw/research-data/groot-wbc/m2s-support-preserving-pools-20260910-v1/seed_93203/definitions/primary_candidate_93203_1287.json,primary_candidate_93203_1287,support_broad,teacher,forced_prior_splice_e015_r265,failure,verified_task_failure,NA,824,43.468996483999945,1,NA,NA,False,scored,/home/linjiw/research-data/groot-wbc/m2s-support-pilot-acquisition-20260910-v1/seed93203_support_broad/round_008/teachers/result.json,0.005
acquisition,seed93203_support_broad/round_008/teacher/forced_sustained_e015_r255,seed93203_support_broad,support_broad,93203,93203,/home/linjiw/research-data/groot-wbc/m2s-support-preserving-pools-20260910-v1/seed_93203/definitions/primary_candidate_93203_1287.json,primary_candidate_93203_1287,support_broad,teacher,forced_sustained_e015_r255,failure,verified_task_failure,False,1192,60.745791055000154,0,sustained_e015_r255,NA,True,scored,/home/linjiw/research-data/groot-wbc/m2s-support-pilot-acquisition-20260910-v1/seed93203_support_broad/round_008/teachers/result.json,0.005
acquisition,seed93203_support_broad/round_008/teacher/forced_short_e070_r265,seed93203_support_broad,support_broad,93203,93203,/home/linjiw/research-data/groot-wbc/m2s-support-preserving-pools-20260910-v1/seed_93203/definitions/primary_candidate_93203_1287.json,primary_candidate_93203_1287,support_broad,teacher,forced_short_e070_r265,failure,verified_task_failure,False,1192,60.45205714199983,0,short_e070_r265,NA,True,scored,/home/linjiw/research-data/groot-wbc/m2s-support-pilot-acquisition-20260910-v1/seed93203_support_broad/round_008/teachers/result.json,0.005
acquisition,seed93203_support_broad/round_008/teacher/forced_short_e015_r265,seed93203_support_broad,support_broad,93203,93203,/home/linjiw/research-data/groot-wbc/m2s-support-preserving-pools-20260910-v1/seed_93203/definitions/primary_candidate_93203_1287.json,primary_candidate_93203_1287,support_broad,teacher,forced_short_e015_r265,failure,verified_task_failure,False,1192,60.74690418099999,0,short_e015_r265,NA,True,scored,/home/linjiw/research-data/groot-wbc/m2s-support-pilot-acquisition-20260910-v1/seed93203_support_broad/round_008/teachers/result.json,0.005
acquisition,seed93203_support_broad/round_008/teacher/forced_prior_splice_e050_r265,seed93203_support_broad,support_broad,93203,93203,/home/linjiw/research-data/groot-wbc/m2s-support-preserving-pools-20260910-v1/seed_93203/definitions/primary_candidate_93203_1287.json,primary_candidate_93203_1287,support_broad,teacher,forced_prior_splice_e050_r265,failure,verified_task_failure,NA,828,43.66586777000339,1,NA,NA,False,scored,/home/linjiw/research-data/groot-wbc/m2s-support-pilot-acquisition-20260910-v1/seed93203_support_broad/round_008/teachers/result.json,0.005
acquisition,seed93203_support_broad/round_008/teacher/forced_sustained_e070_r255,seed93203_support_broad,support_broad,93203,93203,/home/linjiw/research-data/groot-wbc/m2s-support-preserving-pools-20260910-v1/seed_93203/definitions/primary_candidate_93203_1287.json,primary_candidate_93203_1287,support_broad,teacher,forced_sustained_e070_r255,failure,verified_task_failure,False,1192,61.39619956000388,0,sustained_e070_r255,NA,True,scored,/home/linjiw/research-data/groot-wbc/m2s-support-pilot-acquisition-20260910-v1/seed93203_support_broad/round_008/teachers/result.json,0.005
acquisition,seed93203_support_broad/round_008/teacher/forced_neutral,seed93203_support_broad,support_broad,93203,93203,/home/linjiw/research-data/groot-wbc/m2s-support-preserving-pools-20260910-v1/seed_93203/definitions/primary_candidate_93203_1287.json,primary_candidate_93203_1287,support_broad,teacher,forced_neutral,failure,verified_task_failure,False,1192,60.19622116800019,0,neutral,NA,True,scored,/home/linjiw/research-data/groot-wbc/m2s-support-pilot-acquisition-20260910-v1/seed93203_support_broad/round_008/teachers/result.json,0.005
acquisition,seed93203_support_mixture/round_005/student/learned_neutral,seed93203_support_mixture,support_mixture,93203,93203,/home/linjiw/research-data/groot-wbc/m2s-support-preserving-pools-20260910-v1/seed_93203/definitions/primary_candidate_93203_2337.json,primary_candidate_93203_2337,support_strict,student,learned_neutral,pass,complete_pass,True,1192,59.54021211700092,0,prior_splice_e050_r265,3.44,True,scored,/home/linjiw/research-data/groot-wbc/m2s-support-pilot-acquisition-20260910-v1/seed93203_support_mixture/round_005/student/result.json,0.005
acquisition,seed93203_support_mixture/round_005/teacher/forced_neutral,seed93203_support_mixture,support_mixture,93203,93203,/home/linjiw/research-data/groot-wbc/m2s-support-preserving-pools-20260910-v1/seed_93203/definitions/primary_candidate_93203_2337.json,primary_candidate_93203_2337,support_strict,teacher,forced_neutral,failure,verified_task_failure,False,1192,59.54050752100011,0,neutral,NA,True,scored,/home/linjiw/research-data/groot-wbc/m2s-support-pilot-acquisition-20260910-v1/seed93203_support_mixture/round_005/teachers/result.json,0.005
acquisition,seed93203_support_mixture/round_005/teacher/forced_sustained_e015_r255,seed93203_support_mixture,support_mixture,93203,93203,/home/linjiw/research-data/groot-wbc/m2s-support-preserving-pools-20260910-v1/seed_93203/definitions/primary_candidate_93203_2337.json,primary_candidate_93203_2337,support_strict,teacher,forced_sustained_e015_r255,pass,complete_pass,True,1192,59.53979687000174,0,sustained_e015_r255,3.5,True,scored,/home/linjiw/research-data/groot-wbc/m2s-support-pilot-acquisition-20260910-v1/seed93203_support_mixture/round_005/teachers/result.json,0.005
acquisition,seed93203_support_mixture/round_005/teacher/forced_prior_splice_e050_r265,seed93203_support_mixture,support_mixture,93203,93203,/home/linjiw/research-data/groot-wbc/m2s-support-preserving-pools-20260910-v1/seed_93203/definitions/primary_candidate_93203_2337.json,primary_candidate_93203_2337,support_strict,teacher,forced_prior_splice_e050_r265,pass,complete_pass,True,1192,59.49125637999896,0,prior_splice_e050_r265,3.44,True,scored,/home/linjiw/research-data/groot-wbc/m2s-support-pilot-acquisition-20260910-v1/seed93203_support_mixture/round_005/teachers/result.json,0.005
acquisition,seed93203_support_mixture/round_005/teacher/forced_short_e070_r265,seed93203_support_mixture,support_mixture,93203,93203,/home/linjiw/research-data/groot-wbc/m2s-support-preserving-pools-20260910-v1/seed_93203/definitions/primary_candidate_93203_2337.json,primary_candidate_93203_2337,support_strict,teacher,forced_short_e070_r265,failure,verified_task_failure,False,1192,59.487465866001,0,short_e070_r265,NA,True,scored,/home/linjiw/research-data/groot-wbc/m2s-support-pilot-acquisition-20260910-v1/seed93203_support_mixture/round_005/teachers/result.json,0.005
acquisition,seed93203_support_mixture/round_005/teacher/forced_short_e015_r265,seed93203_support_mixture,support_mixture,93203,93203,/home/linjiw/research-data/groot-wbc/m2s-support-preserving-pools-20260910-v1/seed_93203/definitions/primary_candidate_93203_2337.json,primary_candidate_93203_2337,support_strict,teacher,forced_short_e015_r265,failure,verified_task_failure,False,1192,59.53786252599821,0,short_e015_r265,NA,True,scored,/home/linjiw/research-data/groot-wbc/m2s-support-pilot-acquisition-20260910-v1/seed93203_support_mixture/round_005/teachers/result.json,0.005
acquisition,seed93203_support_mixture/round_005/teacher/forced_sustained_e070_r255,seed93203_support_mixture,support_mixture,93203,93203,/home/linjiw/research-data/groot-wbc/m2s-support-preserving-pools-20260910-v1/seed_93203/definitions/primary_candidate_93203_2337.json,primary_candidate_93203_2337,support_strict,teacher,forced_sustained_e070_r255,pass,complete_pass,True,1192,59.490012648999254,0,sustained_e070_r255,3.5,True,scored,/home/linjiw/research-data/groot-wbc/m2s-support-pilot-acquisition-20260910-v1/seed93203_support_mixture/round_005/teachers/result.json,0.005
acquisition,seed93203_support_mixture/round_005/teacher/forced_prior_splice_e015_r265,seed93203_support_mixture,support_mixture,93203,93203,/home/linjiw/research-data/groot-wbc/m2s-support-preserving-pools-20260910-v1/seed_93203/definitions/primary_candidate_93203_2337.json,primary_candidate_93203_2337,support_strict,teacher,forced_prior_splice_e015_r265,pass,complete_pass,True,1192,59.73298250600055,0,prior_splice_e015_r265,3.44,True,scored,/home/linjiw/research-data/groot-wbc/m2s-support-pilot-acquisition-20260910-v1/seed93203_support_mixture/round_005/teachers/result.json,0.005
acquisition,seed93203_support_mixture/round_006/student/learned_neutral,seed93203_support_mixture,support_mixture,93203,93203,/home/linjiw/research-data/groot-wbc/m2s-support-preserving-pools-20260910-v1/seed_93203/definitions/primary_candidate_93203_1280.json,primary_candidate_93203_1280,support_broad,student,learned_neutral,pass,complete_pass,True,1192,59.23772773499877,0,prior_splice_e050_r265,4.6,True,scored,/home/linjiw/research-data/groot-wbc/m2s-support-pilot-acquisition-20260910-v1/seed93203_support_mixture/round_006/student/result.json,0.005
acquisition,seed93203_support_mixture/round_006/teacher/forced_prior_splice_e015_r265,seed93203_support_mixture,support_mixture,93203,93203,/home/linjiw/research-data/groot-wbc/m2s-support-preserving-pools-20260910-v1/seed_93203/definitions/primary_candidate_93203_1280.json,primary_candidate_93203_1280,support_broad,teacher,forced_prior_splice_e015_r265,pass,complete_pass,True,1192,58.941474538001785,0,prior_splice_e015_r265,4.58,True,scored,/home/linjiw/research-data/groot-wbc/m2s-support-pilot-acquisition-20260910-v1/seed93203_support_mixture/round_006/teachers/result.json,0.005
acquisition,seed93203_support_mixture/round_006/teacher/forced_short_e070_r265,seed93203_support_mixture,support_mixture,93203,93203,/home/linjiw/research-data/groot-wbc/m2s-support-preserving-pools-20260910-v1/seed_93203/definitions/primary_candidate_93203_1280.json,primary_candidate_93203_1280,support_broad,teacher,forced_short_e070_r265,pass,complete_pass,True,1192,59.240633186000196,0,short_e070_r265,4.66,True,scored,/home/linjiw/research-data/groot-wbc/m2s-support-pilot-acquisition-20260910-v1/seed93203_support_mixture/round_006/teachers/result.json,0.005
acquisition,seed93203_support_mixture/round_006/teacher/forced_sustained_e015_r255,seed93203_support_mixture,support_mixture,93203,93203,/home/linjiw/research-data/groot-wbc/m2s-support-preserving-pools-20260910-v1/seed_93203/definitions/primary_candidate_93203_1280.json,primary_candidate_93203_1280,support_broad,teacher,forced_sustained_e015_r255,pass,complete_pass,True,1192,59.231667300999106,0,sustained_e015_r255,4.7,True,scored,/home/linjiw/research-data/groot-wbc/m2s-support-pilot-acquisition-20260910-v1/seed93203_support_mixture/round_006/teachers/result.json,0.005
acquisition,seed93203_support_mixture/round_006/teacher/forced_prior_splice_e050_r265,seed93203_support_mixture,support_mixture,93203,93203,/home/linjiw/research-data/groot-wbc/m2s-support-preserving-pools-20260910-v1/seed_93203/definitions/primary_candidate_93203_1280.json,primary_candidate_93203_1280,support_broad,teacher,forced_prior_splice_e050_r265,pass,complete_pass,True,1192,59.190058723997936,0,prior_splice_e050_r265,4.6,True,scored,/home/linjiw/research-data/groot-wbc/m2s-support-pilot-acquisition-20260910-v1/seed93203_support_mixture/round_006/teachers/result.json,0.005
acquisition,seed93203_support_mixture/round_006/teacher/forced_neutral,seed93203_support_mixture,support_mixture,93203,93203,/home/linjiw/research-data/groot-wbc/m2s-support-preserving-pools-20260910-v1/seed_93203/definitions/primary_candidate_93203_1280.json,primary_candidate_93203_1280,support_broad,teacher,forced_neutral,failure,verified_task_failure,False,1192,59.13979949699933,0,neutral,NA,True,scored,/home/linjiw/research-data/groot-wbc/m2s-support-pilot-acquisition-20260910-v1/seed93203_support_mixture/round_006/teachers/result.json,0.005
acquisition,seed93203_support_mixture/round_006/teacher/forced_short_e015_r265,seed93203_support_mixture,support_mixture,93203,93203,/home/linjiw/research-data/groot-wbc/m2s-support-preserving-pools-20260910-v1/seed_93203/definitions/primary_candidate_93203_1280.json,primary_candidate_93203_1280,support_broad,teacher,forced_short_e015_r265,pass,complete_pass,True,1192,59.44102395200025,0,short_e015_r265,4.66,True,scored,/home/linjiw/research-data/groot-wbc/m2s-support-pilot-acquisition-20260910-v1/seed93203_support_mixture/round_006/teachers/result.json,0.005
acquisition,seed93203_support_mixture/round_006/teacher/forced_sustained_e070_r255,seed93203_support_mixture,support_mixture,93203,93203,/home/linjiw/research-data/groot-wbc/m2s-support-preserving-pools-20260910-v1/seed_93203/definitions/primary_candidate_93203_1280.json,primary_candidate_93203_1280,support_broad,teacher,forced_sustained_e070_r255,pass,complete_pass,True,1192,59.288700698001776,0,sustained_e070_r255,4.7,True,scored,/home/linjiw/research-data/groot-wbc/m2s-support-pilot-acquisition-20260910-v1/seed93203_support_mixture/round_006/teachers/result.json,0.005
acquisition,seed93203_support_mixture/round_007/student/learned_neutral,seed93203_support_mixture,support_mixture,93203,93203,/home/linjiw/research-data/groot-wbc/m2s-support-preserving-pools-20260910-v1/seed_93203/definitions/primary_candidate_93203_1386.json,primary_candidate_93203_1386,support_strict,student,learned_neutral,pass,complete_pass,True,1192,61.75567758699981,0,prior_splice_e015_r265,4.18,True,scored,/home/linjiw/research-data/groot-wbc/m2s-support-pilot-acquisition-20260910-v1/seed93203_support_mixture/round_007/student/result.json,0.005
acquisition,seed93203_support_mixture/round_007/teacher/forced_prior_splice_e015_r265,seed93203_support_mixture,support_mixture,93203,93203,/home/linjiw/research-data/groot-wbc/m2s-support-preserving-pools-20260910-v1/seed_93203/definitions/primary_candidate_93203_1386.json,primary_candidate_93203_1386,support_strict,teacher,forced_prior_splice_e015_r265,pass,complete_pass,True,1192,61.046854607997375,0,prior_splice_e015_r265,4.18,True,scored,/home/linjiw/research-data/groot-wbc/m2s-support-pilot-acquisition-20260910-v1/seed93203_support_mixture/round_007/teachers/result.json,0.005
acquisition,seed93203_support_mixture/round_007/teacher/forced_short_e070_r265,seed93203_support_mixture,support_mixture,93203,93203,/home/linjiw/research-data/groot-wbc/m2s-support-preserving-pools-20260910-v1/seed_93203/definitions/primary_candidate_93203_1386.json,primary_candidate_93203_1386,support_strict,teacher,forced_short_e070_r265,pass,complete_pass,True,1192,62.01076467299936,0,short_e070_r265,4.58,True,scored,/home/linjiw/research-data/groot-wbc/m2s-support-pilot-acquisition-20260910-v1/seed93203_support_mixture/round_007/teachers/result.json,0.005
acquisition,seed93203_support_mixture/round_007/teacher/forced_sustained_e070_r255,seed93203_support_mixture,support_mixture,93203,93203,/home/linjiw/research-data/groot-wbc/m2s-support-preserving-pools-20260910-v1/seed_93203/definitions/primary_candidate_93203_1386.json,primary_candidate_93203_1386,support_strict,teacher,forced_sustained_e070_r255,pass,complete_pass,True,1192,63.62430644399865,0,sustained_e070_r255,4.64,True,scored,/home/linjiw/research-data/groot-wbc/m2s-support-pilot-acquisition-20260910-v1/seed93203_support_mixture/round_007/teachers/result.json,0.005
acquisition,seed93203_support_mixture/round_007/teacher/forced_prior_splice_e050_r265,seed93203_support_mixture,support_mixture,93203,93203,/home/linjiw/research-data/groot-wbc/m2s-support-preserving-pools-20260910-v1/seed_93203/definitions/primary_candidate_93203_1386.json,primary_candidate_93203_1386,support_strict,teacher,forced_prior_splice_e050_r265,pass,complete_pass,True,1192,62.90822144199774,0,prior_splice_e050_r265,4.44,True,scored,/home/linjiw/research-data/groot-wbc/m2s-support-pilot-acquisition-20260910-v1/seed93203_support_mixture/round_007/teachers/result.json,0.005
acquisition,seed93203_support_mixture/round_007/teacher/forced_sustained_e015_r255,seed93203_support_mixture,support_mixture,93203,93203,/home/linjiw/research-data/groot-wbc/m2s-support-preserving-pools-20260910-v1/seed_93203/definitions/primary_candidate_93203_1386.json,primary_candidate_93203_1386,support_strict,teacher,forced_sustained_e015_r255,pass,complete_pass,True,1192,63.25958385600097,0,sustained_e015_r255,4.64,True,scored,/home/linjiw/research-data/groot-wbc/m2s-support-pilot-acquisition-20260910-v1/seed93203_support_mixture/round_007/teachers/result.json,0.005
acquisition,seed93203_support_mixture/round_007/teacher/forced_neutral,seed93203_support_mixture,support_mixture,93203,93203,/home/linjiw/research-data/groot-wbc/m2s-support-preserving-pools-20260910-v1/seed_93203/definitions/primary_candidate_93203_1386.json,primary_candidate_93203_1386,support_strict,teacher,forced_neutral,failure,verified_task_failure,False,1192,65.11273017699932,0,neutral,NA,True,scored,/home/linjiw/research-data/groot-wbc/m2s-support-pilot-acquisition-20260910-v1/seed93203_support_mixture/round_007/teachers/result.json,0.005
acquisition,seed93203_support_mixture/round_007/teacher/forced_short_e015_r265,seed93203_support_mixture,support_mixture,93203,93203,/home/linjiw/research-data/groot-wbc/m2s-support-preserving-pools-20260910-v1/seed_93203/definitions/primary_candidate_93203_1386.json,primary_candidate_93203_1386,support_strict,teacher,forced_short_e015_r265,pass,complete_pass,True,1192,62.19324098300058,0,short_e015_r265,4.58,True,scored,/home/linjiw/research-data/groot-wbc/m2s-support-pilot-acquisition-20260910-v1/seed93203_support_mixture/round_007/teachers/result.json,0.005
acquisition,seed93203_support_mixture/round_008/student/learned_neutral,seed93203_support_mixture,support_mixture,93203,93203,/home/linjiw/research-data/groot-wbc/m2s-support-preserving-pools-20260910-v1/seed_93203/definitions/primary_candidate_93203_1282.json,primary_candidate_93203_1282,support_broad,student,learned_neutral,failure,verified_task_failure,False,1192,59.89283436400001,0,prior_splice_e015_r265,NA,True,scored,/home/linjiw/research-data/groot-wbc/m2s-support-pilot-acquisition-20260910-v1/seed93203_support_mixture/round_008/student/result.json,0.005
acquisition,seed93203_support_mixture/round_008/teacher/forced_short_e015_r265,seed93203_support_mixture,support_mixture,93203,93203,/home/linjiw/research-data/groot-wbc/m2s-support-preserving-pools-20260910-v1/seed_93203/definitions/primary_candidate_93203_1282.json,primary_candidate_93203_1282,support_broad,teacher,forced_short_e015_r265,failure,verified_task_failure,False,1192,59.992171373996825,0,short_e015_r265,NA,True,scored,/home/linjiw/research-data/groot-wbc/m2s-support-pilot-acquisition-20260910-v1/seed93203_support_mixture/round_008/teachers/result.json,0.005
acquisition,seed93203_support_mixture/round_008/teacher/forced_neutral,seed93203_support_mixture,support_mixture,93203,93203,/home/linjiw/research-data/groot-wbc/m2s-support-preserving-pools-20260910-v1/seed_93203/definitions/primary_candidate_93203_1282.json,primary_candidate_93203_1282,support_broad,teacher,forced_neutral,failure,verified_task_failure,False,1192,59.59303654699761,0,neutral,NA,True,scored,/home/linjiw/research-data/groot-wbc/m2s-support-pilot-acquisition-20260910-v1/seed93203_support_mixture/round_008/teachers/result.json,0.005
acquisition,seed93203_support_mixture/round_008/teacher/forced_prior_splice_e050_r265,seed93203_support_mixture,support_mixture,93203,93203,/home/linjiw/research-data/groot-wbc/m2s-support-preserving-pools-20260910-v1/seed_93203/definitions/primary_candidate_93203_1282.json,primary_candidate_93203_1282,support_broad,teacher,forced_prior_splice_e050_r265,failure,verified_task_failure,False,1192,60.0424226239993,0,prior_splice_e050_r265,NA,True,scored,/home/linjiw/research-data/groot-wbc/m2s-support-pilot-acquisition-20260910-v1/seed93203_support_mixture/round_008/teachers/result.json,0.005
acquisition,seed93203_support_mixture/round_008/teacher/forced_sustained_e070_r255,seed93203_support_mixture,support_mixture,93203,93203,/home/linjiw/research-data/groot-wbc/m2s-support-preserving-pools-20260910-v1/seed_93203/definitions/primary_candidate_93203_1282.json,primary_candidate_93203_1282,support_broad,teacher,forced_sustained_e070_r255,failure,verified_task_failure,False,1192,59.94273541599978,0,sustained_e070_r255,NA,True,scored,/home/linjiw/research-data/groot-wbc/m2s-support-pilot-acquisition-20260910-v1/seed93203_support_mixture/round_008/teachers/result.json,0.005
acquisition,seed93203_support_mixture/round_008/teacher/forced_short_e070_r265,seed93203_support_mixture,support_mixture,93203,93203,/home/linjiw/research-data/groot-wbc/m2s-support-preserving-pools-20260910-v1/seed_93203/definitions/primary_candidate_93203_1282.json,primary_candidate_93203_1282,support_broad,teacher,forced_short_e070_r265,failure,verified_task_failure,False,1192,59.83772576499905,0,short_e070_r265,NA,True,scored,/home/linjiw/research-data/groot-wbc/m2s-support-pilot-acquisition-20260910-v1/seed93203_support_mixture/round_008/teachers/result.json,0.005
acquisition,seed93203_support_mixture/round_008/teacher/forced_sustained_e015_r255,seed93203_support_mixture,support_mixture,93203,93203,/home/linjiw/research-data/groot-wbc/m2s-support-preserving-pools-20260910-v1/seed_93203/definitions/primary_candidate_93203_1282.json,primary_candidate_93203_1282,support_broad,teacher,forced_sustained_e015_r255,failure,verified_task_failure,False,1192,59.79001091799728,0,sustained_e015_r255,NA,True,scored,/home/linjiw/research-data/groot-wbc/m2s-support-pilot-acquisition-20260910-v1/seed93203_support_mixture/round_008/teachers/result.json,0.005
acquisition,seed93203_support_mixture/round_008/teacher/forced_prior_splice_e015_r265,seed93203_support_mixture,support_mixture,93203,93203,/home/linjiw/research-data/groot-wbc/m2s-support-preserving-pools-20260910-v1/seed_93203/definitions/primary_candidate_93203_1282.json,primary_candidate_93203_1282,support_broad,teacher,forced_prior_splice_e015_r265,failure,verified_task_failure,False,1192,59.984511485999974,0,prior_splice_e015_r265,NA,True,scored,/home/linjiw/research-data/groot-wbc/m2s-support-pilot-acquisition-20260910-v1/seed93203_support_mixture/round_008/teachers/result.json,0.005
evaluation,episode_000,script,NA,NA,8732,support_validation_short_low_00,NA,NA,scripted_multi,scripted_multi_neutral,failure,verified_task_failure,False,1192,59.88317776099575,0,sustained_e070_r255,NA,True,scored,/home/linjiw/research-data/groot-wbc/m2s-support-validation-panel-20260910-v1/episodes/episode_000/result.json,0.005
evaluation,episode_001,fixed_prior_splice_e015_r265,NA,NA,8732,support_validation_short_low_00,NA,NA,forced,forced_prior_splice_e015_r265,failure,verified_task_failure,NA,840,43.320220538000285,1,NA,NA,False,scored,/home/linjiw/research-data/groot-wbc/m2s-support-validation-panel-20260910-v1/episodes/episode_001/result.json,0.005
evaluation,episode_002,fixed_prior_splice_e050_r265,NA,NA,8732,support_validation_short_low_00,NA,NA,forced,forced_prior_splice_e050_r265,failure,verified_task_failure,NA,840,43.27166496100108,1,NA,NA,False,scored,/home/linjiw/research-data/groot-wbc/m2s-support-validation-panel-20260910-v1/episodes/episode_002/result.json,0.005
evaluation,episode_003,fixed_prior_splice_e050_r265,NA,NA,8732,support_validation_short_high_00,NA,NA,forced,forced_prior_splice_e050_r265,pass,complete_pass,True,1192,59.540931503004686,0,prior_splice_e050_r265,3.34,True,scored,/home/linjiw/research-data/groot-wbc/m2s-support-validation-panel-20260910-v1/episodes/episode_003/result.json,0.005
evaluation,episode_004,m8_reused_seed93203_analytic_contrast,analytic_contrast,93203,8732,support_validation_short_low_00,NA,NA,learned,learned_neutral,failure,verified_task_failure,NA,840,43.4643399580018,1,NA,NA,False,scored,/home/linjiw/research-data/groot-wbc/m2s-support-validation-panel-20260910-v1/episodes/episode_004/result.json,0.005
evaluation,episode_005,seed93202_support_strict,support_strict,93202,8732,support_validation_sustained_low_00,NA,NA,learned,learned_neutral,failure,verified_task_failure,False,1192,59.892928121000296,0,prior_splice_e015_r265,NA,True,scored,/home/linjiw/research-data/groot-wbc/m2s-support-validation-panel-20260910-v1/episodes/episode_005/result.json,0.005
evaluation,episode_006,seed93202_support_strict,support_strict,93202,8732,support_validation_short_then_sustained_high_00,NA,NA,learned,learned_neutral,failure,verified_task_failure,False,1192,60.33417191099579,0,prior_splice_e015_r265,NA,True,scored,/home/linjiw/research-data/groot-wbc/m2s-support-validation-panel-20260910-v1/episodes/episode_006/result.json,0.005
evaluation,episode_007,fixed_sustained_e015_r255,NA,NA,8732,support_validation_sustained_low_00,NA,NA,forced,forced_sustained_e015_r255,pass,complete_pass,True,1192,60.595292521000374,0,sustained_e015_r255,4.56,True,scored,/home/linjiw/research-data/groot-wbc/m2s-support-validation-panel-20260910-v1/episodes/episode_007/result.json,0.005
evaluation,episode_008,seed93201_support_broad,support_broad,93201,8732,support_validation_sustained_high_00,NA,NA,learned,learned_neutral,pass,complete_pass,True,1192,60.033491977002996,0,prior_splice_e050_r265,4.02,True,scored,/home/linjiw/research-data/groot-wbc/m2s-support-validation-panel-20260910-v1/episodes/episode_008/result.json,0.005
evaluation,episode_009,fixed_prior_splice_e015_r265,NA,NA,8732,support_validation_early_constraint_low_00,NA,NA,forced,forced_prior_splice_e015_r265,failure,verified_task_failure,False,1192,61.093841360001534,0,prior_splice_e015_r265,NA,True,scored,/home/linjiw/research-data/groot-wbc/m2s-support-validation-panel-20260910-v1/episodes/episode_009/result.json,0.005
evaluation,episode_010,m8_reused_seed93203_analytic_contrast,analytic_contrast,93203,8732,support_validation_early_constraint_high_00,NA,NA,learned,learned_neutral,pass,complete_pass,True,1192,59.64217516499775,0,prior_splice_e050_r265,2.42,True,scored,/home/linjiw/research-data/groot-wbc/m2s-support-validation-panel-20260910-v1/episodes/episode_010/result.json,0.005
evaluation,episode_011,fixed_prior_splice_e015_r265,NA,NA,8732,support_validation_short_high_00,NA,NA,forced,forced_prior_splice_e015_r265,pass,complete_pass,True,1192,59.68698851299996,0,prior_splice_e015_r265,3.34,True,scored,/home/linjiw/research-data/groot-wbc/m2s-support-validation-panel-20260910-v1/episodes/episode_011/result.json,0.005
evaluation,episode_012,fixed_sustained_e015_r255,NA,NA,8732,support_validation_short_then_sustained_low_00,NA,NA,forced,forced_sustained_e015_r255,failure,verified_task_failure,False,1192,61.58954181600711,0,sustained_e015_r255,NA,True,scored,/home/linjiw/research-data/groot-wbc/m2s-support-validation-panel-20260910-v1/episodes/episode_012/result.json,0.005
evaluation,episode_013,seed93201_support_strict,support_strict,93201,8732,support_validation_short_high_00,NA,NA,learned,learned_neutral,pass,complete_pass,True,1192,60.04317703299603,0,prior_splice_e050_r265,3.34,True,scored,/home/linjiw/research-data/groot-wbc/m2s-support-validation-panel-20260910-v1/episodes/episode_013/result.json,0.005
evaluation,episode_014,seed93201_support_strict,support_strict,93201,8732,support_validation_early_constraint_low_00,NA,NA,learned,learned_neutral,failure,verified_task_failure,False,1192,61.23747151700081,0,prior_splice_e050_r265,NA,True,scored,/home/linjiw/research-data/groot-wbc/m2s-support-validation-panel-20260910-v1/episodes/episode_014/result.json,0.005
evaluation,episode_015,seed93203_support_broad,support_broad,93203,8732,support_validation_sustained_low_00,NA,NA,learned,learned_neutral,pass,complete_pass,True,1192,60.73389152799791,0,sustained_e070_r255,4.56,True,scored,/home/linjiw/research-data/groot-wbc/m2s-support-validation-panel-20260910-v1/episodes/episode_015/result.json,0.005
evaluation,episode_016,fixed_neutral,NA,NA,8732,support_validation_early_constraint_high_00,NA,NA,forced,forced_neutral,pass,complete_pass,True,1192,59.84436142400227,0,neutral,2.42,True,scored,/home/linjiw/research-data/groot-wbc/m2s-support-validation-panel-20260910-v1/episodes/episode_016/result.json,0.005
evaluation,episode_017,fixed_short_e015_r265,NA,NA,8732,support_validation_short_then_short_high_00,NA,NA,forced,forced_short_e015_r265,pass,complete_pass,True,1192,60.293794995995995,0,short_e015_r265,5.88,True,scored,/home/linjiw/research-data/groot-wbc/m2s-support-validation-panel-20260910-v1/episodes/episode_017/result.json,0.005
evaluation,episode_018,m8_reused_seed93203_analytic_contrast,analytic_contrast,93203,8732,support_validation_short_high_00,NA,NA,learned,learned_neutral,pass,complete_pass,True,1192,59.892891656003485,0,prior_splice_e050_r265,3.34,True,scored,/home/linjiw/research-data/groot-wbc/m2s-support-validation-panel-20260910-v1/episodes/episode_018/result.json,0.005
evaluation,episode_019,script,NA,NA,8732,support_validation_short_high_00,NA,NA,scripted_multi,scripted_multi_neutral,pass,complete_pass,True,1192,59.94260292200488,0,prior_splice_e050_r265,3.34,True,scored,/home/linjiw/research-data/groot-wbc/m2s-support-validation-panel-20260910-v1/episodes/episode_019/result.json,0.005
evaluation,episode_020,fixed_neutral,NA,NA,8732,support_validation_short_high_00,NA,NA,forced,forced_neutral,pass,complete_pass,True,1192,59.886088482999185,0,neutral,3.42,True,scored,/home/linjiw/research-data/groot-wbc/m2s-support-validation-panel-20260910-v1/episodes/episode_020/result.json,0.005
evaluation,episode_021,seed93201_support_strict,support_strict,93201,8732,support_validation_short_then_sustained_low_00,NA,NA,learned,learned_neutral,failure,verified_task_failure,NA,996,49.52115131600294,1,NA,NA,False,scored,/home/linjiw/research-data/groot-wbc/m2s-support-validation-panel-20260910-v1/episodes/episode_021/result.json,0.005
evaluation,episode_022,seed93201_support_mixture,support_mixture,93201,8732,support_validation_short_then_short_low_00,NA,NA,learned,learned_neutral,failure,verified_task_failure,False,1192,60.888803790003294,0,prior_splice_e050_r265,NA,True,scored,/home/linjiw/research-data/groot-wbc/m2s-support-validation-panel-20260910-v1/episodes/episode_022/result.json,0.005
evaluation,episode_023,seed93203_support_strict,support_strict,93203,8732,support_validation_sustained_low_00,NA,NA,learned,learned_neutral,failure,verified_task_failure,False,1192,60.33378575300594,0,prior_splice_e015_r265,NA,True,scored,/home/linjiw/research-data/groot-wbc/m2s-support-validation-panel-20260910-v1/episodes/episode_023/result.json,0.005
evaluation,episode_024,m8_reused_seed93202_analytic_contrast,analytic_contrast,93202,8732,support_validation_short_high_00,NA,NA,learned,learned_neutral,pass,complete_pass,True,1192,59.940473356997245,0,prior_splice_e015_r265,3.34,True,scored,/home/linjiw/research-data/groot-wbc/m2s-support-validation-panel-20260910-v1/episodes/episode_024/result.json,0.005
evaluation,episode_025,seed93203_support_strict,support_strict,93203,8732,support_validation_early_constraint_low_00,NA,NA,learned,learned_neutral,failure,verified_task_failure,False,1192,61.03352840300067,0,prior_splice_e015_r265,NA,True,scored,/home/linjiw/research-data/groot-wbc/m2s-support-validation-panel-20260910-v1/episodes/episode_025/result.json,0.005
evaluation,episode_026,seed93203_support_strict,support_strict,93203,8732,support_validation_sustained_high_00,NA,NA,learned,learned_neutral,pass,complete_pass,True,1192,60.04377664600179,0,prior_splice_e015_r265,4.02,True,scored,/home/linjiw/research-data/groot-wbc/m2s-support-validation-panel-20260910-v1/episodes/episode_026/result.json,0.005
evaluation,episode_027,script,NA,NA,8732,support_validation_sustained_high_00,NA,NA,scripted_multi,scripted_multi_neutral,pass,complete_pass,True,1192,60.50840662900009,0,sustained_e070_r255,4.18,True,scored,/home/linjiw/research-data/groot-wbc/m2s-support-validation-panel-20260910-v1/episodes/episode_027/result.json,0.005
evaluation,episode_028,fixed_sustained_e070_r255,NA,NA,8732,support_validation_early_constraint_high_00,NA,NA,forced,forced_sustained_e070_r255,pass,complete_pass,True,1192,59.54093111799739,0,sustained_e070_r255,2.42,True,scored,/home/linjiw/research-data/groot-wbc/m2s-support-validation-panel-20260910-v1/episodes/episode_028/result.json,0.005
evaluation,episode_029,m8_reused_seed93203_analytic_contrast,analytic_contrast,93203,8732,support_validation_short_then_short_high_00,NA,NA,learned,learned_neutral,pass,complete_pass,True,1192,59.99909592100448,0,prior_splice_e050_r265,5.36,True,scored,/home/linjiw/research-data/groot-wbc/m2s-support-validation-panel-20260910-v1/episodes/episode_029/result.json,0.005
evaluation,episode_030,fixed_prior_splice_e050_r265,NA,NA,8732,support_validation_early_constraint_high_00,NA,NA,forced,forced_prior_splice_e050_r265,pass,complete_pass,True,1192,59.7829693599997,0,prior_splice_e050_r265,2.42,True,scored,/home/linjiw/research-data/groot-wbc/m2s-support-validation-panel-20260910-v1/episodes/episode_030/result.json,0.005
evaluation,episode_031,seed93202_support_broad,support_broad,93202,8732,support_validation_sustained_low_00,NA,NA,learned,learned_neutral,failure,verified_task_failure,False,1192,60.634132765000686,0,prior_splice_e015_r265,NA,True,scored,/home/linjiw/research-data/groot-wbc/m2s-support-validation-panel-20260910-v1/episodes/episode_031/result.json,0.005
evaluation,episode_032,fixed_neutral,NA,NA,8732,support_validation_sustained_high_00,NA,NA,forced,forced_neutral,pass,complete_pass,True,1192,60.383786077996774,0,neutral,4.1,True,scored,/home/linjiw/research-data/groot-wbc/m2s-support-validation-panel-20260910-v1/episodes/episode_032/result.json,0.005
evaluation,episode_033,seed93202_support_strict,support_strict,93202,8732,support_validation_early_constraint_low_00,NA,NA,learned,learned_neutral,failure,verified_task_failure,False,1192,61.48505442700116,0,prior_splice_e015_r265,NA,True,scored,/home/linjiw/research-data/groot-wbc/m2s-support-validation-panel-20260910-v1/episodes/episode_033/result.json,0.005
evaluation,episode_034,fixed_sustained_e015_r255,NA,NA,8732,support_validation_short_high_00,NA,NA,forced,forced_sustained_e015_r255,pass,complete_pass,True,1192,59.78186842899595,0,sustained_e015_r255,3.42,True,scored,/home/linjiw/research-data/groot-wbc/m2s-support-validation-panel-20260910-v1/episodes/episode_034/result.json,0.005
evaluation,episode_035,seed93203_support_broad,support_broad,93203,8732,support_validation_early_constraint_low_00,NA,NA,learned,learned_neutral,failure,verified_task_failure,NA,504,33.002127401996404,1,NA,NA,False,scored,/home/linjiw/research-data/groot-wbc/m2s-support-validation-panel-20260910-v1/episodes/episode_035/result.json,0.005
evaluation,episode_036,seed93203_support_broad,support_broad,93203,8732,support_validation_short_then_short_low_00,NA,NA,learned,learned_neutral,failure,verified_task_failure,False,1192,61.845324823996634,0,sustained_e070_r255,NA,True,scored,/home/linjiw/research-data/groot-wbc/m2s-support-validation-panel-20260910-v1/episodes/episode_036/result.json,0.005
evaluation,episode_037,m8_reused_seed93202_analytic_contrast,analytic_contrast,93202,8732,support_validation_short_low_00,NA,NA,learned,learned_neutral,failure,verified_task_failure,NA,840,43.62228250800399,1,NA,NA,False,scored,/home/linjiw/research-data/groot-wbc/m2s-support-validation-panel-20260910-v1/episodes/episode_037/result.json,0.005
evaluation,episode_038,fixed_sustained_e070_r255,NA,NA,8732,support_validation_short_then_short_high_00,NA,NA,forced,forced_sustained_e070_r255,pass,complete_pass,True,1192,60.10905304300104,0,sustained_e070_r255,5.94,True,scored,/home/linjiw/research-data/groot-wbc/m2s-support-validation-panel-20260910-v1/episodes/episode_038/result.json,0.005
evaluation,episode_039,fixed_prior_splice_e015_r265,NA,NA,8732,support_validation_short_then_short_high_00,NA,NA,forced,forced_prior_splice_e015_r265,pass,complete_pass,True,1192,60.19026526599919,0,prior_splice_e015_r265,5.36,True,scored,/home/linjiw/research-data/groot-wbc/m2s-support-validation-panel-20260910-v1/episodes/episode_039/result.json,0.005
evaluation,episode_040,seed93202_support_mixture,support_mixture,93202,8732,support_validation_short_low_00,NA,NA,learned,learned_neutral,failure,verified_task_failure,NA,840,43.4709576460009,1,NA,NA,False,scored,/home/linjiw/research-data/groot-wbc/m2s-support-validation-panel-20260910-v1/episodes/episode_040/result.json,0.005
evaluation,episode_041,script,NA,NA,8732,support_validation_short_then_short_high_00,NA,NA,scripted_multi,scripted_multi_neutral,pass,complete_pass,True,1192,60.23473300000478,0,prior_splice_e050_r265,5.36,True,scored,/home/linjiw/research-data/groot-wbc/m2s-support-validation-panel-20260910-v1/episodes/episode_041/result.json,0.005
evaluation,episode_042,fixed_prior_splice_e050_r265,NA,NA,8732,support_validation_early_constraint_low_00,NA,NA,forced,forced_prior_splice_e050_r265,failure,verified_task_failure,False,1192,61.082751555004506,0,prior_splice_e050_r265,NA,True,scored,/home/linjiw/research-data/groot-wbc/m2s-support-validation-panel-20260910-v1/episodes/episode_042/result.json,0.005
evaluation,episode_043,m8_reused_seed93203_analytic_contrast,analytic_contrast,93203,8732,support_validation_early_constraint_low_00,NA,NA,learned,learned_neutral,failure,verified_task_failure,False,1192,61.244379898998886,0,prior_splice_e050_r265,NA,True,scored,/home/linjiw/research-data/groot-wbc/m2s-support-validation-panel-20260910-v1/episodes/episode_043/result.json,0.005
evaluation,episode_044,script,NA,NA,8732,support_validation_short_then_short_low_00,NA,NA,scripted_multi,scripted_multi_neutral,failure,verified_task_failure,False,1192,61.43961721099913,0,sustained_e070_r255,NA,True,scored,/home/linjiw/research-data/groot-wbc/m2s-support-validation-panel-20260910-v1/episodes/episode_044/result.json,0.005
evaluation,episode_045,fixed_sustained_e015_r255,NA,NA,8732,support_validation_early_constraint_low_00,NA,NA,forced,forced_sustained_e015_r255,failure,verified_task_failure,NA,504,32.90858997200121,1,NA,NA,False,scored,/home/linjiw/research-data/groot-wbc/m2s-support-validation-panel-20260910-v1/episodes/episode_045/result.json,0.005
evaluation,episode_046,seed93202_support_mixture,support_mixture,93202,8732,support_validation_sustained_high_00,NA,NA,learned,learned_neutral,pass,complete_pass,True,1192,60.1919732919996,0,prior_splice_e015_r265,4.02,True,scored,/home/linjiw/research-data/groot-wbc/m2s-support-validation-panel-20260910-v1/episodes/episode_046/result.json,0.005
evaluation,episode_047,fixed_sustained_e015_r255,NA,NA,8732,support_validation_short_then_short_low_00,NA,NA,forced,forced_sustained_e015_r255,failure,verified_task_failure,False,1192,61.29531257200142,0,sustained_e015_r255,NA,True,scored,/home/linjiw/research-data/groot-wbc/m2s-support-validation-panel-20260910-v1/episodes/episode_047/result.json,0.005
evaluation,episode_048,m8_reused_seed93202_analytic_contrast,analytic_contrast,93202,8732,support_validation_early_constraint_high_00,NA,NA,learned,learned_neutral,pass,complete_pass,True,1192,59.893805904001056,0,prior_splice_e015_r265,2.42,True,scored,/home/linjiw/research-data/groot-wbc/m2s-support-validation-panel-20260910-v1/episodes/episode_048/result.json,0.005
evaluation,episode_049,seed93201_support_strict,support_strict,93201,8732,support_validation_sustained_high_00,NA,NA,learned,learned_neutral,pass,complete_pass,True,1192,60.2921709229995,0,prior_splice_e050_r265,4.02,True,scored,/home/linjiw/research-data/groot-wbc/m2s-support-validation-panel-20260910-v1/episodes/episode_049/result.json,0.005
evaluation,episode_050,fixed_short_e015_r265,NA,NA,8732,support_validation_short_then_short_low_00,NA,NA,forced,forced_short_e015_r265,failure,verified_task_failure,False,1192,60.983993216003,0,short_e015_r265,NA,True,scored,/home/linjiw/research-data/groot-wbc/m2s-support-validation-panel-20260910-v1/episodes/episode_050/result.json,0.005
evaluation,episode_051,fixed_sustained_e070_r255,NA,NA,8732,support_validation_short_then_short_low_00,NA,NA,forced,forced_sustained_e070_r255,failure,verified_task_failure,False,1192,61.33560514399869,0,sustained_e070_r255,NA,True,scored,/home/linjiw/research-data/groot-wbc/m2s-support-validation-panel-20260910-v1/episodes/episode_051/result.json,0.005
evaluation,episode_052,seed93203_support_mixture,support_mixture,93203,8732,support_validation_early_constraint_high_00,NA,NA,learned,learned_neutral,pass,complete_pass,True,1192,59.836251459004416,0,prior_splice_e015_r265,2.42,True,scored,/home/linjiw/research-data/groot-wbc/m2s-support-validation-panel-20260910-v1/episodes/episode_052/result.json,0.005
evaluation,episode_053,m8_reused_seed93201_analytic_contrast,analytic_contrast,93201,8732,support_validation_short_then_sustained_high_00,NA,NA,learned,learned_neutral,failure,verified_task_failure,False,1192,60.74241540500225,0,prior_splice_e050_r265,NA,True,scored,/home/linjiw/research-data/groot-wbc/m2s-support-validation-panel-20260910-v1/episodes/episode_053/result.json,0.005
evaluation,episode_054,seed93203_support_mixture,support_mixture,93203,8732,support_validation_sustained_high_00,NA,NA,learned,learned_neutral,pass,complete_pass,True,1192,60.43329550699855,0,prior_splice_e015_r265,4.02,True,scored,/home/linjiw/research-data/groot-wbc/m2s-support-validation-panel-20260910-v1/episodes/episode_054/result.json,0.005
evaluation,episode_055,seed93201_support_mixture,support_mixture,93201,8732,support_validation_sustained_high_00,NA,NA,learned,learned_neutral,pass,complete_pass,True,1192,60.18908245499915,0,prior_splice_e050_r265,4.02,True,scored,/home/linjiw/research-data/groot-wbc/m2s-support-validation-panel-20260910-v1/episodes/episode_055/result.json,0.005
evaluation,episode_056,seed93202_support_broad,support_broad,93202,8732,support_validation_short_then_sustained_high_00,NA,NA,learned,learned_neutral,failure,verified_task_failure,False,1192,60.585104530000535,0,prior_splice_e015_r265,NA,True,scored,/home/linjiw/research-data/groot-wbc/m2s-support-validation-panel-20260910-v1/episodes/episode_056/result.json,0.005
evaluation,episode_057,seed93201_support_mixture,support_mixture,93201,8732,support_validation_short_low_00,NA,NA,learned,learned_neutral,failure,verified_task_failure,NA,840,43.512057437001204,1,NA,NA,False,scored,/home/linjiw/research-data/groot-wbc/m2s-support-validation-panel-20260910-v1/episodes/episode_057/result.json,0.005
evaluation,episode_058,fixed_prior_splice_e015_r265,NA,NA,8732,support_validation_short_then_sustained_high_00,NA,NA,forced,forced_prior_splice_e015_r265,failure,verified_task_failure,False,1192,60.34103473399591,0,prior_splice_e015_r265,NA,True,scored,/home/linjiw/research-data/groot-wbc/m2s-support-validation-panel-20260910-v1/episodes/episode_058/result.json,0.005
evaluation,episode_059,fixed_short_e015_r265,NA,NA,8732,support_validation_sustained_high_00,NA,NA,forced,forced_short_e015_r265,pass,complete_pass,True,1192,60.18732880799507,0,short_e015_r265,4.14,True,scored,/home/linjiw/research-data/groot-wbc/m2s-support-validation-panel-20260910-v1/episodes/episode_059/result.json,0.005
evaluation,episode_060,fixed_prior_splice_e050_r265,NA,NA,8732,support_validation_short_then_short_low_00,NA,NA,forced,forced_prior_splice_e050_r265,failure,verified_task_failure,False,1192,61.14453203599987,0,prior_splice_e050_r265,NA,True,scored,/home/linjiw/research-data/groot-wbc/m2s-support-validation-panel-20260910-v1/episodes/episode_060/result.json,0.005
evaluation,episode_061,seed93201_support_mixture,support_mixture,93201,8732,support_validation_early_constraint_high_00,NA,NA,learned,learned_neutral,pass,complete_pass,True,1192,59.73180563400092,0,prior_splice_e050_r265,2.42,True,scored,/home/linjiw/research-data/groot-wbc/m2s-support-validation-panel-20260910-v1/episodes/episode_061/result.json,0.005
evaluation,episode_062,seed93201_support_strict,support_strict,93201,8732,support_validation_short_then_short_low_00,NA,NA,learned,learned_neutral,failure,verified_task_failure,False,1192,60.939875212003244,0,prior_splice_e050_r265,NA,True,scored,/home/linjiw/research-data/groot-wbc/m2s-support-validation-panel-20260910-v1/episodes/episode_062/result.json,0.005
evaluation,episode_063,seed93201_support_mixture,support_mixture,93201,8732,support_validation_early_constraint_low_00,NA,NA,learned,learned_neutral,failure,verified_task_failure,False,1192,61.19669324500137,0,prior_splice_e050_r265,NA,True,scored,/home/linjiw/research-data/groot-wbc/m2s-support-validation-panel-20260910-v1/episodes/episode_063/result.json,0.005
evaluation,episode_064,seed93203_support_broad,support_broad,93203,8732,support_validation_short_then_short_high_00,NA,NA,learned,learned_neutral,pass,complete_pass,True,1192,60.691796890998376,0,prior_splice_e050_r265,5.36,True,scored,/home/linjiw/research-data/groot-wbc/m2s-support-validation-panel-20260910-v1/episodes/episode_064/result.json,0.005
evaluation,episode_065,fixed_sustained_e070_r255,NA,NA,8732,support_validation_short_then_sustained_low_00,NA,NA,forced,forced_sustained_e070_r255,failure,verified_task_failure,False,1192,61.995348258999,0,sustained_e070_r255,NA,True,scored,/home/linjiw/research-data/groot-wbc/m2s-support-validation-panel-20260910-v1/episodes/episode_065/result.json,0.005
evaluation,episode_066,seed93203_support_mixture,support_mixture,93203,8732,support_validation_short_then_short_high_00,NA,NA,learned,learned_neutral,pass,complete_pass,True,1192,60.34484237799916,0,prior_splice_e015_r265,5.36,True,scored,/home/linjiw/research-data/groot-wbc/m2s-support-validation-panel-20260910-v1/episodes/episode_066/result.json,0.005
evaluation,episode_067,fixed_short_e070_r265,NA,NA,8732,support_validation_early_constraint_high_00,NA,NA,forced,forced_short_e070_r265,pass,complete_pass,True,1192,59.63959272200009,0,short_e070_r265,2.42,True,scored,/home/linjiw/research-data/groot-wbc/m2s-support-validation-panel-20260910-v1/episodes/episode_067/result.json,0.005
evaluation,episode_068,fixed_short_e015_r265,NA,NA,8732,support_validation_short_high_00,NA,NA,forced,forced_short_e015_r265,pass,complete_pass,True,1192,59.84202079100214,0,short_e015_r265,3.42,True,scored,/home/linjiw/research-data/groot-wbc/m2s-support-validation-panel-20260910-v1/episodes/episode_068/result.json,0.005
evaluation,episode_069,fixed_short_e015_r265,NA,NA,8732,support_validation_short_then_sustained_low_00,NA,NA,forced,forced_short_e015_r265,failure,verified_task_failure,False,1192,62.587343308005075,0,short_e015_r265,NA,True,scored,/home/linjiw/research-data/groot-wbc/m2s-support-validation-panel-20260910-v1/episodes/episode_069/result.json,0.005
evaluation,episode_070,seed93201_support_mixture,support_mixture,93201,8732,support_validation_sustained_low_00,NA,NA,learned,learned_neutral,failure,verified_task_failure,False,1192,60.43190412300464,0,prior_splice_e050_r265,NA,True,scored,/home/linjiw/research-data/groot-wbc/m2s-support-validation-panel-20260910-v1/episodes/episode_070/result.json,0.005
evaluation,episode_071,fixed_neutral,NA,NA,8732,support_validation_early_constraint_low_00,NA,NA,forced,forced_neutral,failure,verified_task_failure,NA,508,33.20419770299486,1,NA,NA,False,scored,/home/linjiw/research-data/groot-wbc/m2s-support-validation-panel-20260910-v1/episodes/episode_071/result.json,0.005
evaluation,episode_072,seed93203_support_broad,support_broad,93203,8732,support_validation_sustained_high_00,NA,NA,learned,learned_neutral,pass,complete_pass,True,1192,60.04482677100168,0,sustained_e070_r255,4.18,True,scored,/home/linjiw/research-data/groot-wbc/m2s-support-validation-panel-20260910-v1/episodes/episode_072/result.json,0.005
evaluation,episode_073,fixed_neutral,NA,NA,8732,support_validation_short_then_short_low_00,NA,NA,forced,forced_neutral,failure,verified_task_failure,False,1192,60.38043024200306,0,neutral,NA,True,scored,/home/linjiw/research-data/groot-wbc/m2s-support-validation-panel-20260910-v1/episodes/episode_073/result.json,0.005
evaluation,episode_074,m8_reused_seed93202_analytic_contrast,analytic_contrast,93202,8732,support_validation_short_then_short_high_00,NA,NA,learned,learned_neutral,pass,complete_pass,True,1192,60.53856163399905,0,prior_splice_e015_r265,5.36,True,scored,/home/linjiw/research-data/groot-wbc/m2s-support-validation-panel-20260910-v1/episodes/episode_074/result.json,0.005
evaluation,episode_075,fixed_sustained_e070_r255,NA,NA,8732,support_validation_short_then_sustained_high_00,NA,NA,forced,forced_sustained_e070_r255,failure,verified_task_failure,False,1192,60.78548797700205,0,sustained_e070_r255,NA,True,scored,/home/linjiw/research-data/groot-wbc/m2s-support-validation-panel-20260910-v1/episodes/episode_075/result.json,0.005
evaluation,episode_076,seed93202_support_mixture,support_mixture,93202,8732,support_validation_short_then_sustained_low_00,NA,NA,learned,learned_neutral,failure,verified_task_failure,NA,996,49.623649974993896,1,NA,NA,False,scored,/home/linjiw/research-data/groot-wbc/m2s-support-validation-panel-20260910-v1/episodes/episode_076/result.json,0.005
evaluation,episode_077,seed93203_support_mixture,support_mixture,93203,8732,support_validation_short_low_00,NA,NA,learned,learned_neutral,failure,verified_task_failure,NA,840,43.36507532699761,1,NA,NA,False,scored,/home/linjiw/research-data/groot-wbc/m2s-support-validation-panel-20260910-v1/episodes/episode_077/result.json,0.005
evaluation,episode_078,seed93201_support_mixture,support_mixture,93201,8732,support_validation_short_then_short_high_00,NA,NA,learned,learned_neutral,pass,complete_pass,True,1192,60.04201834199921,0,prior_splice_e050_r265,5.36,True,scored,/home/linjiw/research-data/groot-wbc/m2s-support-validation-panel-20260910-v1/episodes/episode_078/result.json,0.005
evaluation,episode_079,fixed_short_e015_r265,NA,NA,8732,support_validation_early_constraint_high_00,NA,NA,forced,forced_short_e015_r265,pass,complete_pass,True,1192,59.58371637100208,0,short_e015_r265,2.42,True,scored,/home/linjiw/research-data/groot-wbc/m2s-support-validation-panel-20260910-v1/episodes/episode_079/result.json,0.005
evaluation,episode_080,m8_reused_seed93202_analytic_contrast,analytic_contrast,93202,8732,support_validation_sustained_high_00,NA,NA,learned,learned_neutral,pass,complete_pass,True,1192,60.54509297000186,0,prior_splice_e015_r265,4.02,True,scored,/home/linjiw/research-data/groot-wbc/m2s-support-validation-panel-20260910-v1/episodes/episode_080/result.json,0.005
evaluation,episode_081,fixed_sustained_e070_r255,NA,NA,8732,support_validation_sustained_low_00,NA,NA,forced,forced_sustained_e070_r255,pass,complete_pass,True,1192,60.84554920499795,0,sustained_e070_r255,4.56,True,scored,/home/linjiw/research-data/groot-wbc/m2s-support-validation-panel-20260910-v1/episodes/episode_081/result.json,0.005
evaluation,episode_082,fixed_sustained_e015_r255,NA,NA,8732,support_validation_early_constraint_high_00,NA,NA,forced,forced_sustained_e015_r255,pass,complete_pass,True,1192,60.03766181899846,0,sustained_e015_r255,2.42,True,scored,/home/linjiw/research-data/groot-wbc/m2s-support-validation-panel-20260910-v1/episodes/episode_082/result.json,0.005
evaluation,episode_083,script,NA,NA,8732,support_validation_short_then_sustained_high_00,NA,NA,scripted_multi,scripted_multi_neutral,failure,verified_task_failure,False,1192,60.58705439999903,0,prior_splice_e050_r265,NA,True,scored,/home/linjiw/research-data/groot-wbc/m2s-support-validation-panel-20260910-v1/episodes/episode_083/result.json,0.005
evaluation,episode_084,fixed_sustained_e070_r255,NA,NA,8732,support_validation_early_constraint_low_00,NA,NA,forced,forced_sustained_e070_r255,failure,verified_task_failure,NA,504,33.30371919600293,1,NA,NA,False,scored,/home/linjiw/research-data/groot-wbc/m2s-support-validation-panel-20260910-v1/episodes/episode_084/result.json,0.005
evaluation,episode_085,fixed_neutral,NA,NA,8732,support_validation_sustained_low_00,NA,NA,forced,forced_neutral,failure,verified_task_failure,False,1192,61.03535571500106,0,neutral,NA,True,scored,/home/linjiw/research-data/groot-wbc/m2s-support-validation-panel-20260910-v1/episodes/episode_085/result.json,0.005
evaluation,episode_086,seed93201_support_strict,support_strict,93201,8732,support_validation_short_then_short_high_00,NA,NA,learned,learned_neutral,pass,complete_pass,True,1192,61.09703959699982,0,prior_splice_e050_r265,5.36,True,scored,/home/linjiw/research-data/groot-wbc/m2s-support-validation-panel-20260910-v1/episodes/episode_086/result.json,0.005
evaluation,episode_087,m8_reused_seed93203_analytic_contrast,analytic_contrast,93203,8732,support_validation_sustained_high_00,NA,NA,learned,learned_neutral,pass,complete_pass,True,1192,60.74712550199911,0,prior_splice_e050_r265,4.02,True,scored,/home/linjiw/research-data/groot-wbc/m2s-support-validation-panel-20260910-v1/episodes/episode_087/result.json,0.005
evaluation,episode_088,seed93202_support_broad,support_broad,93202,8732,support_validation_short_high_00,NA,NA,learned,learned_neutral,pass,complete_pass,True,1192,60.02938380499836,0,prior_splice_e015_r265,3.34,True,scored,/home/linjiw/research-data/groot-wbc/m2s-support-validation-panel-20260910-v1/episodes/episode_088/result.json,0.005
evaluation,episode_089,fixed_neutral,NA,NA,8732,support_validation_short_then_short_high_00,NA,NA,forced,forced_neutral,pass,complete_pass,True,1192,60.282196931002545,0,neutral,5.38,True,scored,/home/linjiw/research-data/groot-wbc/m2s-support-validation-panel-20260910-v1/episodes/episode_089/result.json,0.005
evaluation,episode_090,seed93202_support_broad,support_broad,93202,8732,support_validation_short_then_short_high_00,NA,NA,learned,learned_neutral,pass,complete_pass,True,1192,60.23434011900099,0,prior_splice_e015_r265,5.36,True,scored,/home/linjiw/research-data/groot-wbc/m2s-support-validation-panel-20260910-v1/episodes/episode_090/result.json,0.005
evaluation,episode_091,seed93201_support_strict,support_strict,93201,8732,support_validation_short_low_00,NA,NA,learned,learned_neutral,failure,verified_task_failure,NA,840,43.41854705800506,1,NA,NA,False,scored,/home/linjiw/research-data/groot-wbc/m2s-support-validation-panel-20260910-v1/episodes/episode_091/result.json,0.005
evaluation,episode_092,seed93201_support_mixture,support_mixture,93201,8732,support_validation_short_then_sustained_high_00,NA,NA,learned,learned_neutral,failure,verified_task_failure,False,1192,60.5843696929951,0,prior_splice_e050_r265,NA,True,scored,/home/linjiw/research-data/groot-wbc/m2s-support-validation-panel-20260910-v1/episodes/episode_092/result.json,0.005
evaluation,episode_093,m8_reused_seed93201_analytic_contrast,analytic_contrast,93201,8732,support_validation_sustained_high_00,NA,NA,learned,learned_neutral,pass,complete_pass,True,1192,60.23673904899624,0,prior_splice_e050_r265,4.02,True,scored,/home/linjiw/research-data/groot-wbc/m2s-support-validation-panel-20260910-v1/episodes/episode_093/result.json,0.005
evaluation,episode_094,script,NA,NA,8732,support_validation_early_constraint_high_00,NA,NA,scripted_multi,scripted_multi_neutral,pass,complete_pass,True,1192,59.89394955000171,0,prior_splice_e015_r265,2.42,True,scored,/home/linjiw/research-data/groot-wbc/m2s-support-validation-panel-20260910-v1/episodes/episode_094/result.json,0.005
evaluation,episode_095,seed93202_support_broad,support_broad,93202,8732,support_validation_short_low_00,NA,NA,learned,learned_neutral,failure,verified_task_failure,NA,840,43.26780349500041,1,NA,NA,False,scored,/home/linjiw/research-data/groot-wbc/m2s-support-validation-panel-20260910-v1/episodes/episode_095/result.json,0.005
evaluation,episode_096,m8_reused_seed93201_analytic_contrast,analytic_contrast,93201,8732,support_validation_short_low_00,NA,NA,learned,learned_neutral,failure,verified_task_failure,NA,840,43.270823070000915,1,NA,NA,False,scored,/home/linjiw/research-data/groot-wbc/m2s-support-validation-panel-20260910-v1/episodes/episode_096/result.json,0.005
evaluation,episode_097,m8_reused_seed93202_analytic_contrast,analytic_contrast,93202,8732,support_validation_short_then_sustained_low_00,NA,NA,learned,learned_neutral,failure,verified_task_failure,NA,996,49.372636690000945,1,NA,NA,False,scored,/home/linjiw/research-data/groot-wbc/m2s-support-validation-panel-20260910-v1/episodes/episode_097/result.json,0.005
evaluation,episode_098,script,NA,NA,8732,support_validation_sustained_low_00,NA,NA,scripted_multi,scripted_multi_neutral,pass,complete_pass,True,1192,60.28231064699503,0,sustained_e070_r255,4.56,True,scored,/home/linjiw/research-data/groot-wbc/m2s-support-validation-panel-20260910-v1/episodes/episode_098/result.json,0.005
evaluation,episode_099,seed93203_support_mixture,support_mixture,93203,8732,support_validation_early_constraint_low_00,NA,NA,learned,learned_neutral,failure,verified_task_failure,False,1192,61.044219640003575,0,prior_splice_e015_r265,NA,True,scored,/home/linjiw/research-data/groot-wbc/m2s-support-validation-panel-20260910-v1/episodes/episode_099/result.json,0.005
evaluation,episode_100,seed93202_support_strict,support_strict,93202,8732,support_validation_sustained_high_00,NA,NA,learned,learned_neutral,pass,complete_pass,True,1192,60.588707915005216,0,prior_splice_e015_r265,4.02,True,scored,/home/linjiw/research-data/groot-wbc/m2s-support-validation-panel-20260910-v1/episodes/episode_100/result.json,0.005
evaluation,episode_101,seed93201_support_broad,support_broad,93201,8732,support_validation_sustained_low_00,NA,NA,learned,learned_neutral,failure,verified_task_failure,False,1192,60.33502081199549,0,prior_splice_e050_r265,NA,True,scored,/home/linjiw/research-data/groot-wbc/m2s-support-validation-panel-20260910-v1/episodes/episode_101/result.json,0.005
evaluation,episode_102,seed93203_support_mixture,support_mixture,93203,8732,support_validation_short_then_sustained_high_00,NA,NA,learned,learned_neutral,failure,verified_task_failure,False,1192,60.14645439299784,0,prior_splice_e015_r265,NA,True,scored,/home/linjiw/research-data/groot-wbc/m2s-support-validation-panel-20260910-v1/episodes/episode_102/result.json,0.005
evaluation,episode_103,fixed_sustained_e015_r255,NA,NA,8732,support_validation_sustained_high_00,NA,NA,forced,forced_sustained_e015_r255,pass,complete_pass,True,1192,60.19011269200564,0,sustained_e015_r255,4.18,True,scored,/home/linjiw/research-data/groot-wbc/m2s-support-validation-panel-20260910-v1/episodes/episode_103/result.json,0.005
evaluation,episode_104,seed93203_support_broad,support_broad,93203,8732,support_validation_short_low_00,NA,NA,learned,learned_neutral,failure,verified_task_failure,False,1192,60.44127347999893,0,sustained_e070_r255,NA,True,scored,/home/linjiw/research-data/groot-wbc/m2s-support-validation-panel-20260910-v1/episodes/episode_104/result.json,0.005
evaluation,episode_105,fixed_sustained_e070_r255,NA,NA,8732,support_validation_short_high_00,NA,NA,forced,forced_sustained_e070_r255,pass,complete_pass,True,1192,59.88808842700382,0,sustained_e070_r255,3.42,True,scored,/home/linjiw/research-data/groot-wbc/m2s-support-validation-panel-20260910-v1/episodes/episode_105/result.json,0.005
evaluation,episode_106,seed93203_support_strict,support_strict,93203,8732,support_validation_short_low_00,NA,NA,learned,learned_neutral,failure,verified_task_failure,NA,840,43.513064418002614,1,NA,NA,False,scored,/home/linjiw/research-data/groot-wbc/m2s-support-validation-panel-20260910-v1/episodes/episode_106/result.json,0.005
evaluation,episode_107,seed93202_support_mixture,support_mixture,93202,8732,support_validation_short_then_short_low_00,NA,NA,learned,learned_neutral,failure,verified_task_failure,False,1192,61.34460500899877,0,prior_splice_e015_r265,NA,True,scored,/home/linjiw/research-data/groot-wbc/m2s-support-validation-panel-20260910-v1/episodes/episode_107/result.json,0.005
evaluation,episode_108,fixed_neutral,NA,NA,8732,support_validation_short_low_00,NA,NA,forced,forced_neutral,failure,verified_task_failure,False,1192,60.24394216599467,0,neutral,NA,True,scored,/home/linjiw/research-data/groot-wbc/m2s-support-validation-panel-20260910-v1/episodes/episode_108/result.json,0.005
evaluation,episode_109,script,NA,NA,8732,support_validation_short_then_sustained_low_00,NA,NA,scripted_multi,scripted_multi_neutral,failure,verified_task_failure,NA,996,49.72996955199778,1,NA,NA,False,scored,/home/linjiw/research-data/groot-wbc/m2s-support-validation-panel-20260910-v1/episodes/episode_109/result.json,0.005
evaluation,episode_110,fixed_short_e070_r265,NA,NA,8732,support_validation_early_constraint_low_00,NA,NA,forced,forced_short_e070_r265,failure,verified_task_failure,NA,508,32.90297972000553,1,NA,NA,False,scored,/home/linjiw/research-data/groot-wbc/m2s-support-validation-panel-20260910-v1/episodes/episode_110/result.json,0.005
evaluation,episode_111,fixed_neutral,NA,NA,8732,support_validation_short_then_sustained_high_00,NA,NA,forced,forced_neutral,failure,verified_task_failure,False,1192,60.6386440829956,0,neutral,NA,True,scored,/home/linjiw/research-data/groot-wbc/m2s-support-validation-panel-20260910-v1/episodes/episode_111/result.json,0.005
evaluation,episode_112,seed93203_support_strict,support_strict,93203,8732,support_validation_short_then_sustained_low_00,NA,NA,learned,learned_neutral,failure,verified_task_failure,NA,996,49.67332030399848,1,NA,NA,False,scored,/home/linjiw/research-data/groot-wbc/m2s-support-validation-panel-20260910-v1/episodes/episode_112/result.json,0.005
evaluation,episode_113,seed93202_support_broad,support_broad,93202,8732,support_validation_short_then_short_low_00,NA,NA,learned,learned_neutral,failure,verified_task_failure,False,1192,61.444407322996994,0,prior_splice_e015_r265,NA,True,scored,/home/linjiw/research-data/groot-wbc/m2s-support-validation-panel-20260910-v1/episodes/episode_113/result.json,0.005
evaluation,episode_114,seed93202_support_mixture,support_mixture,93202,8732,support_validation_short_then_sustained_high_00,NA,NA,learned,learned_neutral,failure,verified_task_failure,False,1192,60.4440261109994,0,prior_splice_e015_r265,NA,True,scored,/home/linjiw/research-data/groot-wbc/m2s-support-validation-panel-20260910-v1/episodes/episode_114/result.json,0.005
evaluation,episode_115,seed93203_support_broad,support_broad,93203,8732,support_validation_short_high_00,NA,NA,learned,learned_neutral,pass,complete_pass,True,1192,59.791548264001904,0,sustained_e070_r255,3.42,True,scored,/home/linjiw/research-data/groot-wbc/m2s-support-validation-panel-20260910-v1/episodes/episode_115/result.json,0.005
evaluation,episode_116,seed93201_support_broad,support_broad,93201,8732,support_validation_short_then_sustained_high_00,NA,NA,learned,learned_neutral,failure,verified_task_failure,False,1192,60.441301991995715,0,prior_splice_e050_r265,NA,True,scored,/home/linjiw/research-data/groot-wbc/m2s-support-validation-panel-20260910-v1/episodes/episode_116/result.json,0.005
evaluation,episode_117,fixed_prior_splice_e050_r265,NA,NA,8732,support_validation_short_then_sustained_high_00,NA,NA,forced,forced_prior_splice_e050_r265,failure,verified_task_failure,False,1192,60.29253459400206,0,prior_splice_e050_r265,NA,True,scored,/home/linjiw/research-data/groot-wbc/m2s-support-validation-panel-20260910-v1/episodes/episode_117/result.json,0.005
evaluation,episode_118,seed93201_support_mixture,support_mixture,93201,8732,support_validation_short_high_00,NA,NA,learned,learned_neutral,pass,complete_pass,True,1192,59.788935488999414,0,prior_splice_e050_r265,3.34,True,scored,/home/linjiw/research-data/groot-wbc/m2s-support-validation-panel-20260910-v1/episodes/episode_118/result.json,0.005
evaluation,episode_119,seed93203_support_broad,support_broad,93203,8732,support_validation_short_then_sustained_low_00,NA,NA,learned,learned_neutral,failure,verified_task_failure,NA,996,49.27134168000339,1,NA,NA,False,scored,/home/linjiw/research-data/groot-wbc/m2s-support-validation-panel-20260910-v1/episodes/episode_119/result.json,0.005
evaluation,episode_120,fixed_short_e070_r265,NA,NA,8732,support_validation_short_then_sustained_high_00,NA,NA,forced,forced_short_e070_r265,failure,verified_task_failure,False,1192,60.3359257359989,0,short_e070_r265,NA,True,scored,/home/linjiw/research-data/groot-wbc/m2s-support-validation-panel-20260910-v1/episodes/episode_120/result.json,0.005
evaluation,episode_121,fixed_short_e070_r265,NA,NA,8732,support_validation_short_high_00,NA,NA,forced,forced_short_e070_r265,pass,complete_pass,True,1192,59.531716069999675,0,short_e070_r265,3.42,True,scored,/home/linjiw/research-data/groot-wbc/m2s-support-validation-panel-20260910-v1/episodes/episode_121/result.json,0.005
evaluation,episode_122,seed93202_support_strict,support_strict,93202,8732,support_validation_early_constraint_high_00,NA,NA,learned,learned_neutral,pass,complete_pass,True,1192,59.59564984499593,0,prior_splice_e015_r265,2.42,True,scored,/home/linjiw/research-data/groot-wbc/m2s-support-validation-panel-20260910-v1/episodes/episode_122/result.json,0.005
evaluation,episode_123,fixed_prior_splice_e015_r265,NA,NA,8732,support_validation_short_then_short_low_00,NA,NA,forced,forced_prior_splice_e015_r265,failure,verified_task_failure,False,1192,61.04252995299612,0,prior_splice_e015_r265,NA,True,scored,/home/linjiw/research-data/groot-wbc/m2s-support-validation-panel-20260910-v1/episodes/episode_123/result.json,0.005
evaluation,episode_124,m8_reused_seed93203_analytic_contrast,analytic_contrast,93203,8732,support_validation_short_then_sustained_low_00,NA,NA,learned,learned_neutral,failure,verified_task_failure,NA,996,49.27646155300317,1,NA,NA,False,scored,/home/linjiw/research-data/groot-wbc/m2s-support-validation-panel-20260910-v1/episodes/episode_124/result.json,0.005
evaluation,episode_125,seed93202_support_broad,support_broad,93202,8732,support_validation_early_constraint_high_00,NA,NA,learned,learned_neutral,pass,complete_pass,True,1192,59.79363751499477,0,prior_splice_e015_r265,2.42,True,scored,/home/linjiw/research-data/groot-wbc/m2s-support-validation-panel-20260910-v1/episodes/episode_125/result.json,0.005
evaluation,episode_126,seed93201_support_broad,support_broad,93201,8732,support_validation_short_then_short_high_00,NA,NA,learned,learned_neutral,pass,complete_pass,True,1192,60.08054991199606,0,prior_splice_e050_r265,5.36,True,scored,/home/linjiw/research-data/groot-wbc/m2s-support-validation-panel-20260910-v1/episodes/episode_126/result.json,0.005
evaluation,episode_127,seed93201_support_strict,support_strict,93201,8732,support_validation_sustained_low_00,NA,NA,learned,learned_neutral,failure,verified_task_failure,False,1192,60.3922672070039,0,prior_splice_e050_r265,NA,True,scored,/home/linjiw/research-data/groot-wbc/m2s-support-validation-panel-20260910-v1/episodes/episode_127/result.json,0.005
evaluation,episode_128,m8_reused_seed93203_analytic_contrast,analytic_contrast,93203,8732,support_validation_short_then_short_low_00,NA,NA,learned,learned_neutral,failure,verified_task_failure,False,1192,60.89372625899705,0,prior_splice_e050_r265,NA,True,scored,/home/linjiw/research-data/groot-wbc/m2s-support-validation-panel-20260910-v1/episodes/episode_128/result.json,0.005
evaluation,episode_129,m8_reused_seed93201_analytic_contrast,analytic_contrast,93201,8732,support_validation_early_constraint_high_00,NA,NA,learned,learned_neutral,pass,complete_pass,True,1192,59.99425351100217,0,prior_splice_e050_r265,2.42,True,scored,/home/linjiw/research-data/groot-wbc/m2s-support-validation-panel-20260910-v1/episodes/episode_129/result.json,0.005
evaluation,episode_130,seed93203_support_strict,support_strict,93203,8732,support_validation_short_high_00,NA,NA,learned,learned_neutral,pass,complete_pass,True,1192,59.88150574899919,0,prior_splice_e015_r265,3.34,True,scored,/home/linjiw/research-data/groot-wbc/m2s-support-validation-panel-20260910-v1/episodes/episode_130/result.json,0.005
evaluation,episode_131,seed93201_support_broad,support_broad,93201,8732,support_validation_short_low_00,NA,NA,learned,learned_neutral,failure,verified_task_failure,NA,840,43.37216595299833,1,NA,NA,False,scored,/home/linjiw/research-data/groot-wbc/m2s-support-validation-panel-20260910-v1/episodes/episode_131/result.json,0.005
evaluation,episode_132,seed93203_support_mixture,support_mixture,93203,8732,support_validation_short_high_00,NA,NA,learned,learned_neutral,pass,complete_pass,True,1192,59.6896329279989,0,prior_splice_e015_r265,3.34,True,scored,/home/linjiw/research-data/groot-wbc/m2s-support-validation-panel-20260910-v1/episodes/episode_132/result.json,0.005
evaluation,episode_133,fixed_short_e015_r265,NA,NA,8732,support_validation_sustained_low_00,NA,NA,forced,forced_short_e015_r265,failure,verified_task_failure,False,1192,60.732467945999815,0,short_e015_r265,NA,True,scored,/home/linjiw/research-data/groot-wbc/m2s-support-validation-panel-20260910-v1/episodes/episode_133/result.json,0.005
evaluation,episode_134,seed93202_support_mixture,support_mixture,93202,8732,support_validation_early_constraint_low_00,NA,NA,learned,learned_neutral,failure,verified_task_failure,False,1192,61.28934834500251,0,prior_splice_e015_r265,NA,True,scored,/home/linjiw/research-data/groot-wbc/m2s-support-validation-panel-20260910-v1/episodes/episode_134/result.json,0.005
evaluation,episode_135,seed93203_support_strict,support_strict,93203,8732,support_validation_short_then_short_low_00,NA,NA,learned,learned_neutral,failure,verified_task_failure,False,1192,61.44460529000207,0,prior_splice_e015_r265,NA,True,scored,/home/linjiw/research-data/groot-wbc/m2s-support-validation-panel-20260910-v1/episodes/episode_135/result.json,0.005
evaluation,episode_136,seed93201_support_mixture,support_mixture,93201,8732,support_validation_short_then_sustained_low_00,NA,NA,learned,learned_neutral,failure,verified_task_failure,NA,996,49.42793135399552,1,NA,NA,False,scored,/home/linjiw/research-data/groot-wbc/m2s-support-validation-panel-20260910-v1/episodes/episode_136/result.json,0.005
evaluation,episode_137,seed93203_support_strict,support_strict,93203,8732,support_validation_short_then_short_high_00,NA,NA,learned,learned_neutral,pass,complete_pass,True,1192,60.192038937995676,0,prior_splice_e015_r265,5.36,True,scored,/home/linjiw/research-data/groot-wbc/m2s-support-validation-panel-20260910-v1/episodes/episode_137/result.json,0.005
evaluation,episode_138,seed93202_support_strict,support_strict,93202,8732,support_validation_short_then_sustained_low_00,NA,NA,learned,learned_neutral,failure,verified_task_failure,NA,996,49.37754540899914,1,NA,NA,False,scored,/home/linjiw/research-data/groot-wbc/m2s-support-validation-panel-20260910-v1/episodes/episode_138/result.json,0.005
evaluation,episode_139,fixed_short_e070_r265,NA,NA,8732,support_validation_short_then_short_high_00,NA,NA,forced,forced_short_e070_r265,pass,complete_pass,True,1192,60.08475741699658,0,short_e070_r265,5.88,True,scored,/home/linjiw/research-data/groot-wbc/m2s-support-validation-panel-20260910-v1/episodes/episode_139/result.json,0.005
evaluation,episode_140,seed93202_support_broad,support_broad,93202,8732,support_validation_early_constraint_low_00,NA,NA,learned,learned_neutral,failure,verified_task_failure,False,1192,61.18718876099592,0,prior_splice_e015_r265,NA,True,scored,/home/linjiw/research-data/groot-wbc/m2s-support-validation-panel-20260910-v1/episodes/episode_140/result.json,0.005
evaluation,episode_141,seed93203_support_mixture,support_mixture,93203,8732,support_validation_short_then_sustained_low_00,NA,NA,learned,learned_neutral,failure,verified_task_failure,NA,996,50.42373382500227,1,NA,NA,False,scored,/home/linjiw/research-data/groot-wbc/m2s-support-validation-panel-20260910-v1/episodes/episode_141/result.json,0.005
evaluation,episode_142,seed93201_support_broad,support_broad,93201,8732,support_validation_short_high_00,NA,NA,learned,learned_neutral,pass,complete_pass,True,1192,61.28584006500023,0,prior_splice_e050_r265,3.34,True,scored,/home/linjiw/research-data/groot-wbc/m2s-support-validation-panel-20260910-v1/episodes/episode_142/result.json,0.005
evaluation,episode_143,fixed_short_e070_r265,NA,NA,8732,support_validation_short_then_short_low_00,NA,NA,forced,forced_short_e070_r265,failure,verified_task_failure,False,1192,62.19915636099904,0,short_e070_r265,NA,True,scored,/home/linjiw/research-data/groot-wbc/m2s-support-validation-panel-20260910-v1/episodes/episode_143/result.json,0.005
evaluation,episode_144,fixed_short_e070_r265,NA,NA,8732,support_validation_sustained_high_00,NA,NA,forced,forced_short_e070_r265,pass,complete_pass,True,1192,61.80084354599967,0,short_e070_r265,4.14,True,scored,/home/linjiw/research-data/groot-wbc/m2s-support-validation-panel-20260910-v1/episodes/episode_144/result.json,0.005
evaluation,episode_145,seed93202_support_mixture,support_mixture,93202,8732,support_validation_short_then_short_high_00,NA,NA,learned,learned_neutral,pass,complete_pass,True,1192,61.79899462300091,0,prior_splice_e015_r265,5.36,True,scored,/home/linjiw/research-data/groot-wbc/m2s-support-validation-panel-20260910-v1/episodes/episode_145/result.json,0.005
evaluation,episode_146,m8_reused_seed93201_analytic_contrast,analytic_contrast,93201,8732,support_validation_short_then_sustained_low_00,NA,NA,learned,learned_neutral,failure,verified_task_failure,NA,996,50.13101249499596,1,NA,NA,False,scored,/home/linjiw/research-data/groot-wbc/m2s-support-validation-panel-20260910-v1/episodes/episode_146/result.json,0.005
evaluation,episode_147,seed93201_support_broad,support_broad,93201,8732,support_validation_early_constraint_high_00,NA,NA,learned,learned_neutral,pass,complete_pass,True,1192,60.898648018999666,0,prior_splice_e050_r265,2.42,True,scored,/home/linjiw/research-data/groot-wbc/m2s-support-validation-panel-20260910-v1/episodes/episode_147/result.json,0.005
evaluation,episode_148,seed93203_support_mixture,support_mixture,93203,8732,support_validation_sustained_low_00,NA,NA,learned,learned_neutral,failure,verified_task_failure,False,1192,63.059575519000646,0,prior_splice_e015_r265,NA,True,scored,/home/linjiw/research-data/groot-wbc/m2s-support-validation-panel-20260910-v1/episodes/episode_148/result.json,0.005
evaluation,episode_149,fixed_sustained_e015_r255,NA,NA,8732,support_validation_short_low_00,NA,NA,forced,forced_sustained_e015_r255,failure,verified_task_failure,False,1192,63.30295840100007,0,sustained_e015_r255,NA,True,scored,/home/linjiw/research-data/groot-wbc/m2s-support-validation-panel-20260910-v1/episodes/episode_149/result.json,0.005
evaluation,episode_150,seed93202_support_strict,support_strict,93202,8732,support_validation_short_then_short_high_00,NA,NA,learned,learned_neutral,pass,complete_pass,True,1192,61.73772453700076,0,prior_splice_e015_r265,5.36,True,scored,/home/linjiw/research-data/groot-wbc/m2s-support-validation-panel-20260910-v1/episodes/episode_150/result.json,0.005
evaluation,episode_151,m8_reused_seed93202_analytic_contrast,analytic_contrast,93202,8732,support_validation_early_constraint_low_00,NA,NA,learned,learned_neutral,failure,verified_task_failure,False,1192,62.90047284499451,0,prior_splice_e015_r265,NA,True,scored,/home/linjiw/research-data/groot-wbc/m2s-support-validation-panel-20260910-v1/episodes/episode_151/result.json,0.005
evaluation,episode_152,seed93202_support_strict,support_strict,93202,8732,support_validation_short_low_00,NA,NA,learned,learned_neutral,failure,verified_task_failure,NA,840,45.317558809998445,1,NA,NA,False,scored,/home/linjiw/research-data/groot-wbc/m2s-support-validation-panel-20260910-v1/episodes/episode_152/result.json,0.005
evaluation,episode_153,fixed_sustained_e015_r255,NA,NA,8732,support_validation_short_then_short_high_00,NA,NA,forced,forced_sustained_e015_r255,pass,complete_pass,True,1192,63.343980899997405,0,sustained_e015_r255,5.94,True,scored,/home/linjiw/research-data/groot-wbc/m2s-support-validation-panel-20260910-v1/episodes/episode_153/result.json,0.005
evaluation,episode_154,m8_reused_seed93202_analytic_contrast,analytic_contrast,93202,8732,support_validation_short_then_short_low_00,NA,NA,learned,learned_neutral,failure,verified_task_failure,False,1192,63.94609296300041,0,prior_splice_e015_r265,NA,True,scored,/home/linjiw/research-data/groot-wbc/m2s-support-validation-panel-20260910-v1/episodes/episode_154/result.json,0.005
evaluation,episode_155,script,NA,NA,8732,support_validation_early_constraint_low_00,NA,NA,scripted_multi,scripted_multi_neutral,failure,verified_task_failure,False,1192,64.05553615399549,0,prior_splice_e050_r265,NA,True,scored,/home/linjiw/research-data/groot-wbc/m2s-support-validation-panel-20260910-v1/episodes/episode_155/result.json,0.005
evaluation,episode_156,seed93202_support_broad,support_broad,93202,8732,support_validation_sustained_high_00,NA,NA,learned,learned_neutral,pass,complete_pass,True,1192,62.80267796699627,0,prior_splice_e015_r265,4.02,True,scored,/home/linjiw/research-data/groot-wbc/m2s-support-validation-panel-20260910-v1/episodes/episode_156/result.json,0.005
evaluation,episode_157,fixed_neutral,NA,NA,8732,support_validation_short_then_sustained_low_00,NA,NA,forced,forced_neutral,failure,verified_task_failure,False,1192,63.19507027399959,0,neutral,NA,True,scored,/home/linjiw/research-data/groot-wbc/m2s-support-validation-panel-20260910-v1/episodes/episode_157/result.json,0.005
evaluation,episode_158,fixed_short_e070_r265,NA,NA,8732,support_validation_sustained_low_00,NA,NA,forced,forced_short_e070_r265,failure,verified_task_failure,False,1192,62.38731903900043,0,short_e070_r265,NA,True,scored,/home/linjiw/research-data/groot-wbc/m2s-support-validation-panel-20260910-v1/episodes/episode_158/result.json,0.005
evaluation,episode_159,fixed_short_e070_r265,NA,NA,8732,support_validation_short_then_sustained_low_00,NA,NA,forced,forced_short_e070_r265,failure,verified_task_failure,False,1192,66.09672339600365,0,short_e070_r265,NA,True,scored,/home/linjiw/research-data/groot-wbc/m2s-support-validation-panel-20260910-v1/episodes/episode_159/result.json,0.005
evaluation,episode_160,seed93201_support_strict,support_strict,93201,8732,support_validation_early_constraint_high_00,NA,NA,learned,learned_neutral,pass,complete_pass,True,1192,61.186898604995804,0,prior_splice_e050_r265,2.42,True,scored,/home/linjiw/research-data/groot-wbc/m2s-support-validation-panel-20260910-v1/episodes/episode_160/result.json,0.005
evaluation,episode_161,m8_reused_seed93201_analytic_contrast,analytic_contrast,93201,8732,support_validation_sustained_low_00,NA,NA,learned,learned_neutral,failure,verified_task_failure,False,1192,62.29028327200649,0,prior_splice_e050_r265,NA,True,scored,/home/linjiw/research-data/groot-wbc/m2s-support-validation-panel-20260910-v1/episodes/episode_161/result.json,0.005
evaluation,episode_162,seed93201_support_broad,support_broad,93201,8732,support_validation_short_then_short_low_00,NA,NA,learned,learned_neutral,failure,verified_task_failure,False,1192,71.9133615239989,0,prior_splice_e050_r265,NA,True,scored,/home/linjiw/research-data/groot-wbc/m2s-support-validation-panel-20260910-v1/episodes/episode_162/result.json,0.005
evaluation,episode_163,seed93201_support_broad,support_broad,93201,8732,support_validation_early_constraint_low_00,NA,NA,learned,learned_neutral,failure,verified_task_failure,False,1192,67.41873942300299,0,prior_splice_e050_r265,NA,True,scored,/home/linjiw/research-data/groot-wbc/m2s-support-validation-panel-20260910-v1/episodes/episode_163/result.json,0.005
evaluation,episode_164,seed93202_support_broad,support_broad,93202,8732,support_validation_short_then_sustained_low_00,NA,NA,learned,learned_neutral,failure,verified_task_failure,NA,996,52.430947531996935,1,NA,NA,False,scored,/home/linjiw/research-data/groot-wbc/m2s-support-validation-panel-20260910-v1/episodes/episode_164/result.json,0.005
evaluation,episode_165,seed93203_support_broad,support_broad,93203,8732,support_validation_early_constraint_high_00,NA,NA,learned,learned_neutral,pass,complete_pass,True,1192,64.40776628800086,0,sustained_e070_r255,2.42,True,scored,/home/linjiw/research-data/groot-wbc/m2s-support-validation-panel-20260910-v1/episodes/episode_165/result.json,0.005
evaluation,episode_166,fixed_sustained_e070_r255,NA,NA,8732,support_validation_short_low_00,NA,NA,forced,forced_sustained_e070_r255,failure,verified_task_failure,False,1192,69.60502740400261,0,sustained_e070_r255,NA,True,scored,/home/linjiw/research-data/groot-wbc/m2s-support-validation-panel-20260910-v1/episodes/episode_166/result.json,0.005
evaluation,episode_167,seed93203_support_mixture,support_mixture,93203,8732,support_validation_short_then_short_low_00,NA,NA,learned,learned_neutral,failure,verified_task_failure,False,1192,70.45898351499636,0,prior_splice_e015_r265,NA,True,scored,/home/linjiw/research-data/groot-wbc/m2s-support-validation-panel-20260910-v1/episodes/episode_167/result.json,0.005
evaluation,episode_168,fixed_short_e015_r265,NA,NA,8732,support_validation_early_constraint_low_00,NA,NA,forced,forced_short_e015_r265,failure,verified_task_failure,NA,508,41.227493471000344,1,NA,NA,False,scored,/home/linjiw/research-data/groot-wbc/m2s-support-validation-panel-20260910-v1/episodes/episode_168/result.json,0.005
evaluation,episode_169,fixed_prior_splice_e015_r265,NA,NA,8732,support_validation_sustained_low_00,NA,NA,forced,forced_prior_splice_e015_r265,failure,verified_task_failure,False,1192,67.05082077899715,0,prior_splice_e015_r265,NA,True,scored,/home/linjiw/research-data/groot-wbc/m2s-support-validation-panel-20260910-v1/episodes/episode_169/result.json,0.005
evaluation,episode_170,seed93201_support_strict,support_strict,93201,8732,support_validation_short_then_sustained_high_00,NA,NA,learned,learned_neutral,failure,verified_task_failure,False,1192,65.4074074559976,0,prior_splice_e050_r265,NA,True,scored,/home/linjiw/research-data/groot-wbc/m2s-support-validation-panel-20260910-v1/episodes/episode_170/result.json,0.005
evaluation,episode_171,seed93202_support_mixture,support_mixture,93202,8732,support_validation_early_constraint_high_00,NA,NA,learned,learned_neutral,NA,NA,NA,NA,NA,NA,NA,NA,NA,interrupted_missing_receipt,NA,NA
evaluation,episode_172,seed93202_support_strict,support_strict,93202,8732,support_validation_short_then_short_low_00,NA,NA,learned,learned_neutral,NA,NA,NA,NA,NA,NA,NA,NA,NA,unrun,NA,NA
evaluation,episode_173,seed93203_support_broad,support_broad,93203,8732,support_validation_short_then_sustained_high_00,NA,NA,learned,learned_neutral,NA,NA,NA,NA,NA,NA,NA,NA,NA,unrun,NA,NA
evaluation,episode_174,m8_reused_seed93201_analytic_contrast,analytic_contrast,93201,8732,support_validation_early_constraint_low_00,NA,NA,learned,learned_neutral,NA,NA,NA,NA,NA,NA,NA,NA,NA,unrun,NA,NA
evaluation,episode_175,fixed_prior_splice_e015_r265,NA,NA,8732,support_validation_sustained_high_00,NA,NA,forced,forced_prior_splice_e015_r265,NA,NA,NA,NA,NA,NA,NA,NA,NA,unrun,NA,NA
evaluation,episode_176,m8_reused_seed93203_analytic_contrast,analytic_contrast,93203,8732,support_validation_sustained_low_00,NA,NA,learned,learned_neutral,NA,NA,NA,NA,NA,NA,NA,NA,NA,unrun,NA,NA
evaluation,episode_177,fixed_prior_splice_e015_r265,NA,NA,8732,support_validation_short_then_sustained_low_00,NA,NA,forced,forced_prior_splice_e015_r265,NA,NA,NA,NA,NA,NA,NA,NA,NA,unrun,NA,NA
evaluation,episode_178,fixed_prior_splice_e015_r265,NA,NA,8732,support_validation_early_constraint_high_00,NA,NA,forced,forced_prior_splice_e015_r265,NA,NA,NA,NA,NA,NA,NA,NA,NA,unrun,NA,NA
evaluation,episode_179,m8_reused_seed93202_analytic_contrast,analytic_contrast,93202,8732,support_validation_sustained_low_00,NA,NA,learned,learned_neutral,NA,NA,NA,NA,NA,NA,NA,NA,NA,unrun,NA,NA
evaluation,episode_180,fixed_sustained_e070_r255,NA,NA,8732,support_validation_sustained_high_00,NA,NA,forced,forced_sustained_e070_r255,NA,NA,NA,NA,NA,NA,NA,NA,NA,unrun,NA,NA
evaluation,episode_181,m8_reused_seed93201_analytic_contrast,analytic_contrast,93201,8732,support_validation_short_then_short_high_00,NA,NA,learned,learned_neutral,NA,NA,NA,NA,NA,NA,NA,NA,NA,unrun,NA,NA
evaluation,episode_182,m8_reused_seed93203_analytic_contrast,analytic_contrast,93203,8732,support_validation_short_then_sustained_high_00,NA,NA,learned,learned_neutral,NA,NA,NA,NA,NA,NA,NA,NA,NA,unrun,NA,NA
evaluation,episode_183,fixed_prior_splice_e050_r265,NA,NA,8732,support_validation_sustained_low_00,NA,NA,forced,forced_prior_splice_e050_r265,NA,NA,NA,NA,NA,NA,NA,NA,NA,unrun,NA,NA
evaluation,episode_184,m8_reused_seed93201_analytic_contrast,analytic_contrast,93201,8732,support_validation_short_then_short_low_00,NA,NA,learned,learned_neutral,NA,NA,NA,NA,NA,NA,NA,NA,NA,unrun,NA,NA
evaluation,episode_185,fixed_prior_splice_e050_r265,NA,NA,8732,support_validation_short_then_short_high_00,NA,NA,forced,forced_prior_splice_e050_r265,NA,NA,NA,NA,NA,NA,NA,NA,NA,unrun,NA,NA
evaluation,episode_186,seed93203_support_strict,support_strict,93203,8732,support_validation_short_then_sustained_high_00,NA,NA,learned,learned_neutral,NA,NA,NA,NA,NA,NA,NA,NA,NA,unrun,NA,NA
evaluation,episode_187,fixed_short_e015_r265,NA,NA,8732,support_validation_short_then_sustained_high_00,NA,NA,forced,forced_short_e015_r265,NA,NA,NA,NA,NA,NA,NA,NA,NA,unrun,NA,NA
evaluation,episode_188,m8_reused_seed93202_analytic_contrast,analytic_contrast,93202,8732,support_validation_short_then_sustained_high_00,NA,NA,learned,learned_neutral,NA,NA,NA,NA,NA,NA,NA,NA,NA,unrun,NA,NA
evaluation,episode_189,fixed_sustained_e015_r255,NA,NA,8732,support_validation_short_then_sustained_high_00,NA,NA,forced,forced_sustained_e015_r255,NA,NA,NA,NA,NA,NA,NA,NA,NA,unrun,NA,NA
evaluation,episode_190,fixed_short_e015_r265,NA,NA,8732,support_validation_short_low_00,NA,NA,forced,forced_short_e015_r265,NA,NA,NA,NA,NA,NA,NA,NA,NA,unrun,NA,NA
evaluation,episode_191,seed93203_support_strict,support_strict,93203,8732,support_validation_early_constraint_high_00,NA,NA,learned,learned_neutral,NA,NA,NA,NA,NA,NA,NA,NA,NA,unrun,NA,NA
evaluation,episode_192,seed93202_support_mixture,support_mixture,93202,8732,support_validation_sustained_low_00,NA,NA,learned,learned_neutral,NA,NA,NA,NA,NA,NA,NA,NA,NA,unrun,NA,NA
evaluation,episode_193,fixed_prior_splice_e050_r265,NA,NA,8732,support_validation_short_then_sustained_low_00,NA,NA,forced,forced_prior_splice_e050_r265,NA,NA,NA,NA,NA,NA,NA,NA,NA,unrun,NA,NA
evaluation,episode_194,seed93201_support_broad,support_broad,93201,8732,support_validation_short_then_sustained_low_00,NA,NA,learned,learned_neutral,NA,NA,NA,NA,NA,NA,NA,NA,NA,unrun,NA,NA
evaluation,episode_195,seed93202_support_strict,support_strict,93202,8732,support_validation_short_high_00,NA,NA,learned,learned_neutral,NA,NA,NA,NA,NA,NA,NA,NA,NA,unrun,NA,NA
evaluation,episode_196,fixed_short_e070_r265,NA,NA,8732,support_validation_short_low_00,NA,NA,forced,forced_short_e070_r265,NA,NA,NA,NA,NA,NA,NA,NA,NA,unrun,NA,NA
evaluation,episode_197,fixed_prior_splice_e050_r265,NA,NA,8732,support_validation_sustained_high_00,NA,NA,forced,forced_prior_splice_e050_r265,NA,NA,NA,NA,NA,NA,NA,NA,NA,unrun,NA,NA
evaluation,episode_198,m8_reused_seed93201_analytic_contrast,analytic_contrast,93201,8732,support_validation_short_high_00,NA,NA,learned,learned_neutral,NA,NA,NA,NA,NA,NA,NA,NA,NA,unrun,NA,NA
evaluation,episode_199,seed93202_support_mixture,support_mixture,93202,8732,support_validation_short_high_00,NA,NA,learned,learned_neutral,NA,NA,NA,NA,NA,NA,NA,NA,NA,unrun,NA,NA
