seed,candidate_id,inside_positive_screen,inside_negative_screen,strict_admitted,strict_rejected,broad_admitted
93201,primary_candidate_93201_1280,True,False,False,True,True
93201,primary_candidate_93201_1281,False,True,False,True,True
93201,primary_candidate_93201_1282,True,False,False,True,True
93201,primary_candidate_93201_1283,True,False,False,True,True
93201,primary_candidate_93201_1284,False,True,False,True,True
93201,primary_candidate_93201_1285,True,False,False,True,True
93201,primary_candidate_93201_1286,False,True,False,True,True
93201,primary_candidate_93201_1287,True,True,True,False,True
93201,primary_candidate_93201_1288,False,True,False,True,True
93201,primary_candidate_93201_1289,False,True,False,True,True
93201,primary_candidate_93201_1290,True,False,False,True,True
93201,primary_candidate_93201_1291,True,True,True,False,True
93201,primary_candidate_93201_1292,False,True,False,True,True
93201,primary_candidate_93201_1293,False,True,False,True,True
93201,primary_candidate_93201_1294,False,True,False,True,True
93201,primary_candidate_93201_1295,True,False,False,True,True
93201,primary_candidate_93201_1296,True,True,True,False,True
93201,primary_candidate_93201_1297,True,False,False,True,True
93201,primary_candidate_93201_1298,False,True,False,True,True
93201,primary_candidate_93201_1299,False,True,False,True,True
93201,primary_candidate_93201_1300,True,False,False,True,True
93201,primary_candidate_93201_1301,True,True,True,False,True
93201,primary_candidate_93201_1302,False,True,False,True,True
93201,primary_candidate_93201_1303,True,False,False,True,True
93201,primary_candidate_93201_1304,False,True,False,True,True
93201,primary_candidate_93201_1305,False,True,False,True,True
93201,primary_candidate_93201_1306,True,False,False,True,True
93201,primary_candidate_93201_1307,True,False,False,True,True
93201,primary_candidate_93201_1308,False,True,False,True,True
93201,primary_candidate_93201_1309,False,True,False,True,True
93201,primary_candidate_93201_1310,True,False,False,True,True
93201,primary_candidate_93201_1311,True,False,False,True,True
93201,primary_candidate_93201_1312,True,False,False,True,True
93201,primary_candidate_93201_1313,True,True,True,False,True
93201,primary_candidate_93201_1314,False,True,False,True,True
93201,primary_candidate_93201_1315,True,False,False,True,True
93201,primary_candidate_93201_1316,True,False,False,True,True
93201,primary_candidate_93201_1317,False,True,False,True,True
93201,primary_candidate_93201_1318,False,True,False,True,True
93201,primary_candidate_93201_1319,False,True,False,True,True
93201,primary_candidate_93201_1320,False,True,False,True,True
93201,primary_candidate_93201_1321,True,False,False,True,True
93201,primary_candidate_93201_1322,True,False,False,True,True
93201,primary_candidate_93201_1323,True,False,False,True,True
93201,primary_candidate_93201_1324,True,False,False,True,True
93201,primary_candidate_93201_1325,True,False,False,True,True
93201,primary_candidate_93201_1326,True,False,False,True,True
93201,primary_candidate_93201_1327,False,True,False,True,True
93201,primary_candidate_93201_1328,False,True,False,True,True
93201,primary_candidate_93201_1329,False,True,False,True,True
93201,primary_candidate_93201_1330,True,True,True,False,True
93201,primary_candidate_93201_1331,False,True,False,True,True
93201,primary_candidate_93201_1332,False,True,False,True,True
93201,primary_candidate_93201_1333,False,True,False,True,True
93201,primary_candidate_93201_1334,False,True,False,True,True
93201,primary_candidate_93201_1335,True,False,False,True,True
93201,primary_candidate_93201_1336,False,True,False,True,True
93201,primary_candidate_93201_1337,False,True,False,True,True
93201,primary_candidate_93201_1338,False,True,False,True,True
93201,primary_candidate_93201_1339,True,False,False,True,True
93201,primary_candidate_93201_1340,True,False,False,True,True
93201,primary_candidate_93201_1341,True,False,False,True,True
93201,primary_candidate_93201_1342,False,True,False,True,True
93201,primary_candidate_93201_1343,False,True,False,True,True
93201,primary_candidate_93201_1344,False,True,False,True,True
93201,primary_candidate_93201_1345,False,True,False,True,True
93201,primary_candidate_93201_1346,True,False,False,True,True
93201,primary_candidate_93201_1347,True,False,False,True,True
93201,primary_candidate_93201_1348,False,True,False,True,True
93201,primary_candidate_93201_1349,False,True,False,True,True
93201,primary_candidate_93201_1350,True,False,False,True,True
93201,primary_candidate_93201_1351,False,True,False,True,True
93201,primary_candidate_93201_1352,True,False,False,True,True
93201,primary_candidate_93201_1353,False,True,False,True,True
93201,primary_candidate_93201_1354,True,False,False,True,True
93201,primary_candidate_93201_1355,False,True,False,True,True
93201,primary_candidate_93201_1356,True,False,False,True,True
93201,primary_candidate_93201_1357,False,True,False,True,True
93201,primary_candidate_93201_1358,False,True,False,True,True
93201,primary_candidate_93201_1359,False,True,False,True,True
93201,primary_candidate_93201_1360,True,True,True,False,True
93201,primary_candidate_93201_1361,False,True,False,True,True
93201,primary_candidate_93201_1362,False,True,False,True,True
93201,primary_candidate_93201_1363,False,True,False,True,True
93201,primary_candidate_93201_1364,False,True,False,True,True
93201,primary_candidate_93201_1365,False,True,False,True,True
93201,primary_candidate_93201_1366,True,False,False,True,True
93201,primary_candidate_93201_1367,True,False,False,True,True
93201,primary_candidate_93201_1368,False,True,False,True,True
93201,primary_candidate_93201_1369,False,True,False,True,True
93201,primary_candidate_93201_1370,False,True,False,True,True
93201,primary_candidate_93201_1371,True,False,False,True,True
93201,primary_candidate_93201_1372,False,True,False,True,True
93201,primary_candidate_93201_1373,False,True,False,True,True
93201,primary_candidate_93201_1374,False,True,False,True,True
93201,primary_candidate_93201_1375,True,False,False,True,True
93201,primary_candidate_93201_1376,True,False,False,True,True
93201,primary_candidate_93201_1377,True,False,False,True,True
93201,primary_candidate_93201_1378,False,True,False,True,True
93201,primary_candidate_93201_1379,True,False,False,True,True
93201,primary_candidate_93201_1380,True,False,False,True,True
93201,primary_candidate_93201_1381,False,True,False,True,True
93201,primary_candidate_93201_1382,False,True,False,True,True
93201,primary_candidate_93201_1383,True,True,True,False,True
93201,primary_candidate_93201_1384,False,True,False,True,True
93201,primary_candidate_93201_1385,True,False,False,True,True
93201,primary_candidate_93201_1386,False,True,False,True,True
93201,primary_candidate_93201_1387,True,False,False,True,True
93201,primary_candidate_93201_1388,False,True,False,True,True
93201,primary_candidate_93201_1389,False,True,False,True,True
93201,primary_candidate_93201_1390,True,False,False,True,True
93201,primary_candidate_93201_1391,True,False,False,True,True
93201,primary_candidate_93201_1392,True,False,False,True,True
93201,primary_candidate_93201_1393,True,False,False,True,True
93201,primary_candidate_93201_1394,False,True,False,True,True
93201,primary_candidate_93201_1395,False,True,False,True,True
93201,primary_candidate_93201_1396,False,True,False,True,True
93201,primary_candidate_93201_1397,True,False,False,True,True
93201,primary_candidate_93201_1398,True,False,False,True,True
93201,primary_candidate_93201_1399,False,True,False,True,True
93201,primary_candidate_93201_1400,True,False,False,True,True
93201,primary_candidate_93201_1401,False,True,False,True,True
93201,primary_candidate_93201_1402,True,False,False,True,True
93201,primary_candidate_93201_1403,True,False,False,True,True
93201,primary_candidate_93201_1404,True,False,False,True,True
93201,primary_candidate_93201_1405,True,False,False,True,True
93201,primary_candidate_93201_1406,True,False,False,True,True
93201,primary_candidate_93201_1407,False,True,False,True,True
93201,primary_candidate_93201_1408,False,True,False,True,True
93201,primary_candidate_93201_1409,False,True,False,True,True
93201,primary_candidate_93201_1410,False,True,False,True,True
93201,primary_candidate_93201_1411,False,True,False,True,True
93201,primary_candidate_93201_1412,True,False,False,True,True
93201,primary_candidate_93201_1413,False,True,False,True,True
93201,primary_candidate_93201_1414,False,True,False,True,True
93201,primary_candidate_93201_1415,False,True,False,True,True
93201,primary_candidate_93201_1416,True,False,False,True,True
93201,primary_candidate_93201_1417,False,True,False,True,True
93201,primary_candidate_93201_1418,False,False,False,True,True
93201,primary_candidate_93201_1419,False,True,False,True,True
93201,primary_candidate_93201_1420,True,False,False,True,True
93201,primary_candidate_93201_1421,False,True,False,True,True
93201,primary_candidate_93201_1422,False,True,False,True,True
93201,primary_candidate_93201_1423,True,False,False,True,True
93201,primary_candidate_93201_1424,False,True,False,True,True
93201,primary_candidate_93201_1425,False,True,False,True,True
93201,primary_candidate_93201_1426,True,False,False,True,True
93201,primary_candidate_93201_1427,True,True,True,False,True
93201,primary_candidate_93201_1428,False,True,False,True,True
93201,primary_candidate_93201_1429,False,True,False,True,True
93201,primary_candidate_93201_1430,True,True,True,False,True
93201,primary_candidate_93201_1431,False,True,False,True,True
93201,primary_candidate_93201_1432,True,False,False,True,True
93201,primary_candidate_93201_1433,False,True,False,True,True
93201,primary_candidate_93201_1434,False,True,False,True,True
93201,primary_candidate_93201_1435,False,True,False,True,True
93201,primary_candidate_93201_1436,False,True,False,True,True
93201,primary_candidate_93201_1437,False,True,False,True,True
93201,primary_candidate_93201_1438,False,True,False,True,True
93201,primary_candidate_93201_1439,False,True,False,True,True
93201,primary_candidate_93201_1440,True,False,False,True,True
93201,primary_candidate_93201_1441,True,False,False,True,True
93201,primary_candidate_93201_1442,True,False,False,True,True
93201,primary_candidate_93201_1443,False,True,False,True,True
93201,primary_candidate_93201_1444,True,False,False,True,True
93201,primary_candidate_93201_1445,True,False,False,True,True
93201,primary_candidate_93201_1446,True,True,True,False,True
93201,primary_candidate_93201_1447,True,False,False,True,True
93201,primary_candidate_93201_1448,False,True,False,True,True
93201,primary_candidate_93201_1449,False,True,False,True,True
93201,primary_candidate_93201_1450,True,False,False,True,True
93201,primary_candidate_93201_1451,False,True,False,True,True
93201,primary_candidate_93201_1452,True,False,False,True,True
93201,primary_candidate_93201_1453,False,True,False,True,True
93201,primary_candidate_93201_1454,False,True,False,True,True
93201,primary_candidate_93201_1455,False,True,False,True,True
93201,primary_candidate_93201_1456,False,True,False,True,True
93201,primary_candidate_93201_1457,True,False,False,True,True
93201,primary_candidate_93201_1458,False,True,False,True,True
93201,primary_candidate_93201_1459,False,True,False,True,True
93201,primary_candidate_93201_1460,True,False,False,True,True
93201,primary_candidate_93201_1461,False,True,False,True,True
93201,primary_candidate_93201_1462,True,False,False,True,True
93201,primary_candidate_93201_1463,False,True,False,True,True
93201,primary_candidate_93201_1464,False,True,False,True,True
93201,primary_candidate_93201_1465,False,True,False,True,True
93201,primary_candidate_93201_1466,False,True,False,True,True
93201,primary_candidate_93201_1467,True,False,False,True,True
93201,primary_candidate_93201_1468,False,True,False,True,True
93201,primary_candidate_93201_1469,True,False,False,True,True
93201,primary_candidate_93201_1470,True,False,False,True,True
93201,primary_candidate_93201_1471,False,True,False,True,True
93201,primary_candidate_93201_1472,False,True,False,True,True
93201,primary_candidate_93201_1473,False,True,False,True,True
93201,primary_candidate_93201_1474,False,True,False,True,True
93201,primary_candidate_93201_1475,False,True,False,True,True
93201,primary_candidate_93201_1476,True,False,False,True,True
93201,primary_candidate_93201_1477,False,True,False,True,True
93201,primary_candidate_93201_1478,False,True,False,True,True
93201,primary_candidate_93201_1479,False,True,False,True,True
93201,primary_candidate_93201_1480,True,True,True,False,True
93201,primary_candidate_93201_1481,True,True,True,False,True
93201,primary_candidate_93201_1482,False,True,False,True,True
93201,primary_candidate_93201_1483,False,True,False,True,True
93201,primary_candidate_93201_1484,False,True,False,True,True
93201,primary_candidate_93201_1485,False,True,False,True,True
93201,primary_candidate_93201_1486,False,True,False,True,True
93201,primary_candidate_93201_1487,False,True,False,True,True
93201,primary_candidate_93201_1488,False,True,False,True,True
93201,primary_candidate_93201_1489,False,True,False,True,True
93201,primary_candidate_93201_1490,True,True,True,False,True
93201,primary_candidate_93201_1491,False,True,False,True,True
93201,primary_candidate_93201_1492,False,True,False,True,True
93201,primary_candidate_93201_1493,False,True,False,True,True
93201,primary_candidate_93201_1494,False,True,False,True,True
93201,primary_candidate_93201_1495,True,False,False,True,True
93201,primary_candidate_93201_1496,True,False,False,True,True
93201,primary_candidate_93201_1497,False,True,False,True,True
93201,primary_candidate_93201_1498,False,True,False,True,True
93201,primary_candidate_93201_1499,False,False,False,True,True
93201,primary_candidate_93201_1500,True,False,False,True,True
93201,primary_candidate_93201_1501,False,True,False,True,True
93201,primary_candidate_93201_1502,True,False,False,True,True
93201,primary_candidate_93201_1503,False,True,False,True,True
93201,primary_candidate_93201_1504,False,True,False,True,True
93201,primary_candidate_93201_1505,True,False,False,True,True
93201,primary_candidate_93201_1506,True,False,False,True,True
93201,primary_candidate_93201_1507,True,False,False,True,True
93201,primary_candidate_93201_1508,False,True,False,True,True
93201,primary_candidate_93201_1509,False,True,False,True,True
93201,primary_candidate_93201_1510,True,False,False,True,True
93201,primary_candidate_93201_1511,True,True,True,False,True
93201,primary_candidate_93201_1512,True,False,False,True,True
93201,primary_candidate_93201_1513,False,False,False,True,True
93201,primary_candidate_93201_1514,False,True,False,True,True
93201,primary_candidate_93201_1515,False,True,False,True,True
93201,primary_candidate_93201_1516,False,True,False,True,True
93201,primary_candidate_93201_1517,True,False,False,True,True
93201,primary_candidate_93201_1518,False,True,False,True,True
93201,primary_candidate_93201_1519,False,True,False,True,True
93201,primary_candidate_93201_1520,True,False,False,True,True
93201,primary_candidate_93201_1521,False,True,False,True,True
93201,primary_candidate_93201_1522,False,True,False,True,True
93201,primary_candidate_93201_1523,False,True,False,True,True
93201,primary_candidate_93201_1524,True,False,False,True,True
93201,primary_candidate_93201_1525,True,False,False,True,True
93201,primary_candidate_93201_1526,False,True,False,True,True
93201,primary_candidate_93201_1527,True,False,False,True,True
93201,primary_candidate_93201_1528,True,False,False,True,True
93201,primary_candidate_93201_1529,False,True,False,True,True
93201,primary_candidate_93201_1530,True,False,False,True,True
93201,primary_candidate_93201_1531,True,False,False,True,True
93201,primary_candidate_93201_1532,False,True,False,True,True
93201,primary_candidate_93201_1533,False,True,False,True,True
93201,primary_candidate_93201_1534,False,True,False,True,True
93201,primary_candidate_93201_1535,True,False,False,True,True
93201,primary_candidate_93201_1536,True,False,False,True,True
93201,primary_candidate_93201_1537,True,False,False,True,True
93201,primary_candidate_93201_1538,True,False,False,True,True
93201,primary_candidate_93201_1539,False,True,False,True,True
93201,primary_candidate_93201_1540,False,True,False,True,True
93201,primary_candidate_93201_1541,True,True,True,False,True
93201,primary_candidate_93201_1542,True,False,False,True,True
93201,primary_candidate_93201_1543,False,True,False,True,True
93201,primary_candidate_93201_1544,True,True,True,False,True
93201,primary_candidate_93201_1545,True,False,False,True,True
93201,primary_candidate_93201_1546,False,True,False,True,True
93201,primary_candidate_93201_1547,False,True,False,True,True
93201,primary_candidate_93201_1548,False,True,False,True,True
93201,primary_candidate_93201_1549,False,True,False,True,True
93201,primary_candidate_93201_1550,False,True,False,True,True
93201,primary_candidate_93201_1551,False,True,False,True,True
93201,primary_candidate_93201_1552,True,False,False,True,True
93201,primary_candidate_93201_1553,False,True,False,True,True
93201,primary_candidate_93201_1554,False,True,False,True,True
93201,primary_candidate_93201_1555,True,False,False,True,True
93201,primary_candidate_93201_1556,True,False,False,True,True
93201,primary_candidate_93201_1557,True,False,False,True,True
93201,primary_candidate_93201_1558,False,True,False,True,True
93201,primary_candidate_93201_1559,False,True,False,True,True
93201,primary_candidate_93201_1560,True,False,False,True,True
93201,primary_candidate_93201_1561,True,False,False,True,True
93201,primary_candidate_93201_1562,True,False,False,True,True
93201,primary_candidate_93201_1563,False,True,False,True,True
93201,primary_candidate_93201_1564,False,True,False,True,True
93201,primary_candidate_93201_1565,False,True,False,True,True
93201,primary_candidate_93201_1566,True,False,False,True,True
93201,primary_candidate_93201_1567,True,False,False,True,True
93201,primary_candidate_93201_1568,False,True,False,True,True
93201,primary_candidate_93201_1569,False,True,False,True,True
93201,primary_candidate_93201_1570,False,True,False,True,True
93201,primary_candidate_93201_1571,True,False,False,True,True
93201,primary_candidate_93201_1572,False,True,False,True,True
93201,primary_candidate_93201_1573,False,True,False,True,True
93201,primary_candidate_93201_1574,False,True,False,True,True
93201,primary_candidate_93201_1575,True,False,False,True,True
93201,primary_candidate_93201_1576,True,False,False,True,True
93201,primary_candidate_93201_1577,False,True,False,True,True
93201,primary_candidate_93201_1578,True,True,True,False,True
93201,primary_candidate_93201_1579,True,False,False,True,True
93201,primary_candidate_93201_1580,True,False,False,True,True
93201,primary_candidate_93201_1581,False,True,False,True,True
93201,primary_candidate_93201_1582,False,True,False,True,True
93201,primary_candidate_93201_1583,True,True,True,False,True
93201,primary_candidate_93201_1584,False,True,False,True,True
93201,primary_candidate_93201_1585,False,True,False,True,True
93201,primary_candidate_93201_1586,True,False,False,True,True
93201,primary_candidate_93201_1587,True,False,False,True,True
93201,primary_candidate_93201_1588,False,True,False,True,True
93201,primary_candidate_93201_1589,False,True,False,True,True
93201,primary_candidate_93201_1590,False,True,False,True,True
93201,primary_candidate_93201_1591,False,True,False,True,True
93201,primary_candidate_93201_1592,True,False,False,True,True
93201,primary_candidate_93201_1593,True,False,False,True,True
93201,primary_candidate_93201_1594,False,True,False,True,True
93201,primary_candidate_93201_1595,False,True,False,True,True
93201,primary_candidate_93201_1596,True,True,True,False,True
93201,primary_candidate_93201_1597,True,False,False,True,True
93201,primary_candidate_93201_1598,False,True,False,True,True
93201,primary_candidate_93201_1599,False,True,False,True,True
93201,primary_candidate_93201_1600,True,False,False,True,True
93201,primary_candidate_93201_1601,False,True,False,True,True
93201,primary_candidate_93201_1602,True,False,False,True,True
93201,primary_candidate_93201_1603,False,True,False,True,True
93201,primary_candidate_93201_1604,False,True,False,True,True
93201,primary_candidate_93201_1605,False,True,False,True,True
93201,primary_candidate_93201_1606,True,False,False,True,True
93201,primary_candidate_93201_1607,True,False,False,True,True
93201,primary_candidate_93201_1608,False,True,False,True,True
93201,primary_candidate_93201_1609,False,True,False,True,True
93201,primary_candidate_93201_1610,True,True,True,False,True
93201,primary_candidate_93201_1611,True,False,False,True,True
93201,primary_candidate_93201_1612,False,True,False,True,True
93201,primary_candidate_93201_1613,True,False,False,True,True
93201,primary_candidate_93201_1614,False,True,False,True,True
93201,primary_candidate_93201_1615,True,False,False,True,True
93201,primary_candidate_93201_1616,False,True,False,True,True
93201,primary_candidate_93201_1617,False,True,False,True,True
93201,primary_candidate_93201_1618,True,False,False,True,True
93201,primary_candidate_93201_1619,False,True,False,True,True
93201,primary_candidate_93201_1620,False,True,False,True,True
93201,primary_candidate_93201_1621,True,False,False,True,True
93201,primary_candidate_93201_1622,False,True,False,True,True
93201,primary_candidate_93201_1623,False,True,False,True,True
93201,primary_candidate_93201_1624,False,True,False,True,True
93201,primary_candidate_93201_1625,True,False,False,True,True
93201,primary_candidate_93201_1626,True,False,False,True,True
93201,primary_candidate_93201_1627,True,False,False,True,True
93201,primary_candidate_93201_1628,True,False,False,True,True
93201,primary_candidate_93201_1629,False,True,False,True,True
93201,primary_candidate_93201_1630,True,False,False,True,True
93201,primary_candidate_93201_1631,True,True,True,False,True
93201,primary_candidate_93201_1632,True,True,True,False,True
93201,primary_candidate_93201_1633,False,True,False,True,True
93201,primary_candidate_93201_1634,True,False,False,True,True
93201,primary_candidate_93201_1635,True,True,True,False,True
93201,primary_candidate_93201_1636,False,True,False,True,True
93201,primary_candidate_93201_1637,False,True,False,True,True
93201,primary_candidate_93201_1638,False,True,False,True,True
93201,primary_candidate_93201_1639,False,True,False,True,True
93201,primary_candidate_93201_1640,False,True,False,True,True
93201,primary_candidate_93201_1641,True,False,False,True,True
93201,primary_candidate_93201_1642,True,False,False,True,True
93201,primary_candidate_93201_1643,True,True,True,False,True
93201,primary_candidate_93201_1644,False,True,False,True,True
93201,primary_candidate_93201_1645,False,True,False,True,True
93201,primary_candidate_93201_1646,True,False,False,True,True
93201,primary_candidate_93201_1647,True,False,False,True,True
93201,primary_candidate_93201_1648,True,False,False,True,True
93201,primary_candidate_93201_1649,False,True,False,True,True
93201,primary_candidate_93201_1650,True,False,False,True,True
93201,primary_candidate_93201_1651,True,False,False,True,True
93201,primary_candidate_93201_1652,True,True,True,False,True
93201,primary_candidate_93201_1653,False,True,False,True,True
93201,primary_candidate_93201_1654,False,True,False,True,True
93201,primary_candidate_93201_1655,True,True,True,False,True
93201,primary_candidate_93201_1656,False,True,False,True,True
93201,primary_candidate_93201_1657,False,True,False,True,True
93201,primary_candidate_93201_1658,True,False,False,True,True
93201,primary_candidate_93201_1659,False,True,False,True,True
93201,primary_candidate_93201_1660,True,False,False,True,True
93201,primary_candidate_93201_1661,True,False,False,True,True
93201,primary_candidate_93201_1662,True,False,False,True,True
93201,primary_candidate_93201_1663,False,True,False,True,True
93201,primary_candidate_93201_1664,False,True,False,True,True
93201,primary_candidate_93201_1665,True,False,False,True,True
93201,primary_candidate_93201_1666,False,True,False,True,True
93201,primary_candidate_93201_1667,True,False,False,True,True
93201,primary_candidate_93201_1668,True,False,False,True,True
93201,primary_candidate_93201_1669,False,True,False,True,True
93201,primary_candidate_93201_1670,True,False,False,True,True
93201,primary_candidate_93201_1671,True,False,False,True,True
93201,primary_candidate_93201_1672,False,True,False,True,True
93201,primary_candidate_93201_1673,False,True,False,True,True
93201,primary_candidate_93201_1674,False,True,False,True,True
93201,primary_candidate_93201_1675,False,True,False,True,True
93201,primary_candidate_93201_1676,False,True,False,True,True
93201,primary_candidate_93201_1677,True,False,False,True,True
93201,primary_candidate_93201_1678,False,True,False,True,True
93201,primary_candidate_93201_1679,False,True,False,True,True
93201,primary_candidate_93201_1680,True,True,True,False,True
93201,primary_candidate_93201_1681,True,False,False,True,True
93201,primary_candidate_93201_1682,False,True,False,True,True
93201,primary_candidate_93201_1683,True,False,False,True,True
93201,primary_candidate_93201_1684,False,True,False,True,True
93201,primary_candidate_93201_1685,True,False,False,True,True
93201,primary_candidate_93201_1686,True,False,False,True,True
93201,primary_candidate_93201_1687,True,False,False,True,True
93201,primary_candidate_93201_1688,False,True,False,True,True
93201,primary_candidate_93201_1689,True,False,False,True,True
93201,primary_candidate_93201_1690,False,True,False,True,True
93201,primary_candidate_93201_1691,True,False,False,True,True
93201,primary_candidate_93201_1692,False,True,False,True,True
93201,primary_candidate_93201_1693,True,True,True,False,True
93201,primary_candidate_93201_1694,False,True,False,True,True
93201,primary_candidate_93201_1695,True,False,False,True,True
93201,primary_candidate_93201_1696,False,True,False,True,True
93201,primary_candidate_93201_1697,False,True,False,True,True
93201,primary_candidate_93201_1698,True,False,False,True,True
93201,primary_candidate_93201_1699,False,True,False,True,True
93201,primary_candidate_93201_1700,False,True,False,True,True
93201,primary_candidate_93201_1701,False,True,False,True,True
93201,primary_candidate_93201_1702,False,True,False,True,True
93201,primary_candidate_93201_1703,False,True,False,True,True
93201,primary_candidate_93201_1704,False,True,False,True,True
93201,primary_candidate_93201_1705,False,True,False,True,True
93201,primary_candidate_93201_1706,True,False,False,True,True
93201,primary_candidate_93201_1707,True,False,False,True,True
93201,primary_candidate_93201_1708,False,True,False,True,True
93201,primary_candidate_93201_1709,False,True,False,True,True
93201,primary_candidate_93201_1710,True,False,False,True,True
93201,primary_candidate_93201_1711,True,True,True,False,True
93201,primary_candidate_93201_1712,True,False,False,True,True
93201,primary_candidate_93201_1713,False,True,False,True,True
93201,primary_candidate_93201_1714,False,True,False,True,True
93201,primary_candidate_93201_1715,False,True,False,True,True
93201,primary_candidate_93201_1716,True,False,False,True,True
93201,primary_candidate_93201_1717,False,True,False,True,True
93201,primary_candidate_93201_1718,False,True,False,True,True
93201,primary_candidate_93201_1719,False,True,False,True,True
93201,primary_candidate_93201_1720,False,True,False,True,True
93201,primary_candidate_93201_1721,True,False,False,True,True
93201,primary_candidate_93201_1722,True,False,False,True,True
93201,primary_candidate_93201_1723,True,True,True,False,True
93201,primary_candidate_93201_1724,False,True,False,True,True
93201,primary_candidate_93201_1725,True,False,False,True,True
93201,primary_candidate_93201_1726,True,False,False,True,True
93201,primary_candidate_93201_1727,True,False,False,True,True
93201,primary_candidate_93201_1728,False,True,False,True,True
93201,primary_candidate_93201_1729,False,False,False,True,True
93201,primary_candidate_93201_1730,False,True,False,True,True
93201,primary_candidate_93201_1731,False,True,False,True,True
93201,primary_candidate_93201_1732,True,False,False,True,True
93201,primary_candidate_93201_1733,True,False,False,True,True
93201,primary_candidate_93201_1734,True,False,False,True,True
93201,primary_candidate_93201_1735,True,False,False,True,True
93201,primary_candidate_93201_1736,False,True,False,True,True
93201,primary_candidate_93201_1737,True,False,False,True,True
93201,primary_candidate_93201_1738,False,True,False,True,True
93201,primary_candidate_93201_1739,False,True,False,True,True
93201,primary_candidate_93201_1740,False,True,False,True,True
93201,primary_candidate_93201_1741,True,False,False,True,True
93201,primary_candidate_93201_1742,False,True,False,True,True
93201,primary_candidate_93201_1743,False,True,False,True,True
93201,primary_candidate_93201_1744,True,False,False,True,True
93201,primary_candidate_93201_1745,False,True,False,True,True
93201,primary_candidate_93201_1746,False,True,False,True,True
93201,primary_candidate_93201_1747,False,False,False,True,True
93201,primary_candidate_93201_1748,False,True,False,True,True
93201,primary_candidate_93201_1749,False,True,False,True,True
93201,primary_candidate_93201_1750,False,True,False,True,True
93201,primary_candidate_93201_1751,False,True,False,True,True
93201,primary_candidate_93201_1752,False,True,False,True,True
93201,primary_candidate_93201_1753,True,False,False,True,True
93201,primary_candidate_93201_1754,True,False,False,True,True
93201,primary_candidate_93201_1755,True,False,False,True,True
93201,primary_candidate_93201_1756,False,True,False,True,True
93201,primary_candidate_93201_1757,False,True,False,True,True
93201,primary_candidate_93201_1758,False,True,False,True,True
93201,primary_candidate_93201_1759,False,True,False,True,True
93201,primary_candidate_93201_1760,True,False,False,True,True
93201,primary_candidate_93201_1761,True,True,True,False,True
93201,primary_candidate_93201_1762,False,True,False,True,True
93201,primary_candidate_93201_1763,False,True,False,True,True
93201,primary_candidate_93201_1764,False,True,False,True,True
93201,primary_candidate_93201_1765,True,False,False,True,True
93201,primary_candidate_93201_1766,True,False,False,True,True
93201,primary_candidate_93201_1767,True,False,False,True,True
93201,primary_candidate_93201_1768,False,True,False,True,True
93201,primary_candidate_93201_1769,True,False,False,True,True
93201,primary_candidate_93201_1770,False,True,False,True,True
93201,primary_candidate_93201_1771,False,True,False,True,True
93201,primary_candidate_93201_1772,True,False,False,True,True
93201,primary_candidate_93201_1773,True,False,False,True,True
93201,primary_candidate_93201_1774,False,True,False,True,True
93201,primary_candidate_93201_1775,True,True,True,False,True
93201,primary_candidate_93201_1776,True,False,False,True,True
93201,primary_candidate_93201_1777,False,True,False,True,True
93201,primary_candidate_93201_1778,True,False,False,True,True
93201,primary_candidate_93201_1779,False,True,False,True,True
93201,primary_candidate_93201_1780,True,False,False,True,True
93201,primary_candidate_93201_1781,True,False,False,True,True
93201,primary_candidate_93201_1782,True,False,False,True,True
93201,primary_candidate_93201_1783,False,True,False,True,True
93201,primary_candidate_93201_1784,False,True,False,True,True
93201,primary_candidate_93201_1785,False,True,False,True,True
93201,primary_candidate_93201_1786,True,False,False,True,True
93201,primary_candidate_93201_1787,False,False,False,True,True
93201,primary_candidate_93201_1788,False,True,False,True,True
93201,primary_candidate_93201_1789,True,False,False,True,True
93201,primary_candidate_93201_1790,True,False,False,True,True
93201,primary_candidate_93201_1791,False,True,False,True,True
93201,primary_candidate_93201_1792,True,False,False,True,True
93201,primary_candidate_93201_1793,False,True,False,True,True
93201,primary_candidate_93201_1794,False,True,False,True,True
93201,primary_candidate_93201_1795,True,True,True,False,True
93201,primary_candidate_93201_1796,True,False,False,True,True
93201,primary_candidate_93201_1797,False,True,False,True,True
93201,primary_candidate_93201_1798,True,False,False,True,True
93201,primary_candidate_93201_1799,False,True,False,True,True
93201,primary_candidate_93201_1800,True,False,False,True,True
93201,primary_candidate_93201_1801,False,True,False,True,True
93201,primary_candidate_93201_1802,False,True,False,True,True
93201,primary_candidate_93201_1803,True,False,False,True,True
93201,primary_candidate_93201_1804,False,True,False,True,True
93201,primary_candidate_93201_1805,False,True,False,True,True
93201,primary_candidate_93201_1806,True,False,False,True,True
93201,primary_candidate_93201_1807,False,True,False,True,True
93201,primary_candidate_93201_1808,False,True,False,True,True
93201,primary_candidate_93201_1809,True,False,False,True,True
93201,primary_candidate_93201_1810,False,True,False,True,True
93201,primary_candidate_93201_1811,False,True,False,True,True
93201,primary_candidate_93201_1812,False,True,False,True,True
93201,primary_candidate_93201_1813,False,True,False,True,True
93201,primary_candidate_93201_1814,True,False,False,True,True
93201,primary_candidate_93201_1815,False,True,False,True,True
93201,primary_candidate_93201_1816,False,True,False,True,True
93201,primary_candidate_93201_1817,False,True,False,True,True
93201,primary_candidate_93201_1818,False,True,False,True,True
93201,primary_candidate_93201_1819,True,False,False,True,True
93201,primary_candidate_93201_1820,False,True,False,True,True
93201,primary_candidate_93201_1821,True,False,False,True,True
93201,primary_candidate_93201_1822,False,True,False,True,True
93201,primary_candidate_93201_1823,False,True,False,True,True
93201,primary_candidate_93201_1824,False,True,False,True,True
93201,primary_candidate_93201_1825,False,True,False,True,True
93201,primary_candidate_93201_1826,True,False,False,True,True
93201,primary_candidate_93201_1827,True,False,False,True,True
93201,primary_candidate_93201_1828,False,True,False,True,True
93201,primary_candidate_93201_1829,False,True,False,True,True
93201,primary_candidate_93201_1830,True,True,True,False,True
93201,primary_candidate_93201_1831,True,False,False,True,True
93201,primary_candidate_93201_1832,False,True,False,True,True
93201,primary_candidate_93201_1833,False,True,False,True,True
93201,primary_candidate_93201_1834,False,True,False,True,True
93201,primary_candidate_93201_1835,False,True,False,True,True
93201,primary_candidate_93201_1836,True,False,False,True,True
93201,primary_candidate_93201_1837,False,True,False,True,True
93201,primary_candidate_93201_1838,False,True,False,True,True
93201,primary_candidate_93201_1839,False,True,False,True,True
93201,primary_candidate_93201_1840,False,True,False,True,True
93201,primary_candidate_93201_1841,True,False,False,True,True
93201,primary_candidate_93201_1842,False,True,False,True,True
93201,primary_candidate_93201_1843,False,True,False,True,True
93201,primary_candidate_93201_1844,False,True,False,True,True
93201,primary_candidate_93201_1845,False,True,False,True,True
93201,primary_candidate_93201_1846,True,False,False,True,True
93201,primary_candidate_93201_1847,False,False,False,True,True
93201,primary_candidate_93201_1848,True,False,False,True,True
93201,primary_candidate_93201_1849,False,True,False,True,True
93201,primary_candidate_93201_1850,True,False,False,True,True
93201,primary_candidate_93201_1851,True,False,False,True,True
93201,primary_candidate_93201_1852,True,False,False,True,True
93201,primary_candidate_93201_1853,True,True,True,False,True
93201,primary_candidate_93201_1854,True,False,False,True,True
93201,primary_candidate_93201_1855,True,False,False,True,True
93201,primary_candidate_93201_1856,False,True,False,True,True
93201,primary_candidate_93201_1857,True,False,False,True,True
93201,primary_candidate_93201_1858,False,True,False,True,True
93201,primary_candidate_93201_1859,True,False,False,True,True
93201,primary_candidate_93201_1860,False,True,False,True,True
93201,primary_candidate_93201_1861,True,False,False,True,True
93201,primary_candidate_93201_1862,True,False,False,True,True
93201,primary_candidate_93201_1863,False,True,False,True,True
93201,primary_candidate_93201_1864,False,True,False,True,True
93201,primary_candidate_93201_1865,False,True,False,True,True
93201,primary_candidate_93201_1866,True,True,True,False,True
93201,primary_candidate_93201_1867,True,False,False,True,True
93201,primary_candidate_93201_1868,False,True,False,True,True
93201,primary_candidate_93201_1869,False,True,False,True,True
93201,primary_candidate_93201_1870,False,True,False,True,True
93201,primary_candidate_93201_1871,True,True,True,False,True
93201,primary_candidate_93201_1872,False,True,False,True,True
93201,primary_candidate_93201_1873,False,True,False,True,True
93201,primary_candidate_93201_1874,False,True,False,True,True
93201,primary_candidate_93201_1875,True,False,False,True,True
93201,primary_candidate_93201_1876,True,False,False,True,True
93201,primary_candidate_93201_1877,False,True,False,True,True
93201,primary_candidate_93201_1878,False,True,False,True,True
93201,primary_candidate_93201_1879,False,True,False,True,True
93201,primary_candidate_93201_1880,True,True,True,False,True
93201,primary_candidate_93201_1881,True,False,False,True,True
93201,primary_candidate_93201_1882,True,False,False,True,True
93201,primary_candidate_93201_1883,True,False,False,True,True
93201,primary_candidate_93201_1884,False,False,False,True,True
93201,primary_candidate_93201_1885,True,True,True,False,True
93201,primary_candidate_93201_1886,False,True,False,True,True
93201,primary_candidate_93201_1887,True,False,False,True,True
93201,primary_candidate_93201_1888,False,True,False,True,True
93201,primary_candidate_93201_1889,False,True,False,True,True
93201,primary_candidate_93201_1890,True,True,True,False,True
93201,primary_candidate_93201_1891,True,True,True,False,True
93201,primary_candidate_93201_1892,False,True,False,True,True
93201,primary_candidate_93201_1893,False,True,False,True,True
93201,primary_candidate_93201_1894,False,True,False,True,True
93201,primary_candidate_93201_1895,True,True,True,False,True
93201,primary_candidate_93201_1896,False,True,False,True,True
93201,primary_candidate_93201_1897,True,False,False,True,True
93201,primary_candidate_93201_1898,False,True,False,True,True
93201,primary_candidate_93201_1899,False,True,False,True,True
93201,primary_candidate_93201_1900,False,True,False,True,True
93201,primary_candidate_93201_1901,True,False,False,True,True
93201,primary_candidate_93201_1902,False,True,False,True,True
93201,primary_candidate_93201_1903,False,True,False,True,True
93201,primary_candidate_93201_1904,True,False,False,True,True
93201,primary_candidate_93201_1905,True,False,False,True,True
93201,primary_candidate_93201_1906,True,False,False,True,True
93201,primary_candidate_93201_1907,False,True,False,True,True
93201,primary_candidate_93201_1908,False,True,False,True,True
93201,primary_candidate_93201_1909,True,False,False,True,True
93201,primary_candidate_93201_1910,False,True,False,True,True
93201,primary_candidate_93201_1911,True,False,False,True,True
93201,primary_candidate_93201_1912,False,False,False,True,True
93201,primary_candidate_93201_1913,False,True,False,True,True
93201,primary_candidate_93201_1914,True,False,False,True,True
93201,primary_candidate_93201_1915,True,False,False,True,True
93201,primary_candidate_93201_1916,True,False,False,True,True
93201,primary_candidate_93201_1917,True,False,False,True,True
93201,primary_candidate_93201_1918,False,False,False,True,True
93201,primary_candidate_93201_1919,False,True,False,True,True
93201,primary_candidate_93201_1920,True,False,False,True,True
93201,primary_candidate_93201_1921,True,False,False,True,True
93201,primary_candidate_93201_1922,True,False,False,True,True
93201,primary_candidate_93201_1923,False,True,False,True,True
93201,primary_candidate_93201_1924,False,True,False,True,True
93201,primary_candidate_93201_1925,True,False,False,True,True
93201,primary_candidate_93201_1926,False,True,False,True,True
93201,primary_candidate_93201_1927,False,True,False,True,True
93201,primary_candidate_93201_1928,False,True,False,True,True
93201,primary_candidate_93201_1929,False,True,False,True,True
93201,primary_candidate_93201_1930,False,True,False,True,True
93201,primary_candidate_93201_1931,False,True,False,True,True
93201,primary_candidate_93201_1932,True,False,False,True,True
93201,primary_candidate_93201_1933,False,True,False,True,True
93201,primary_candidate_93201_1934,False,True,False,True,True
93201,primary_candidate_93201_1935,True,False,False,True,True
93201,primary_candidate_93201_1936,False,True,False,True,True
93201,primary_candidate_93201_1937,True,True,True,False,True
93201,primary_candidate_93201_1938,False,True,False,True,True
93201,primary_candidate_93201_1939,True,False,False,True,True
93201,primary_candidate_93201_1940,True,False,False,True,True
93201,primary_candidate_93201_1941,False,True,False,True,True
93201,primary_candidate_93201_1942,True,False,False,True,True
93201,primary_candidate_93201_1943,True,True,True,False,True
93201,primary_candidate_93201_1944,False,True,False,True,True
93201,primary_candidate_93201_1945,False,True,False,True,True
93201,primary_candidate_93201_1946,False,True,False,True,True
93201,primary_candidate_93201_1947,False,True,False,True,True
93201,primary_candidate_93201_1948,False,True,False,True,True
93201,primary_candidate_93201_1949,False,True,False,True,True
93201,primary_candidate_93201_1950,True,False,False,True,True
93201,primary_candidate_93201_1951,False,True,False,True,True
93201,primary_candidate_93201_1952,True,False,False,True,True
93201,primary_candidate_93201_1953,False,True,False,True,True
93201,primary_candidate_93201_1954,True,False,False,True,True
93201,primary_candidate_93201_1955,True,True,True,False,True
93201,primary_candidate_93201_1956,False,True,False,True,True
93201,primary_candidate_93201_1957,False,True,False,True,True
93201,primary_candidate_93201_1958,False,True,False,True,True
93201,primary_candidate_93201_1959,False,True,False,True,True
93201,primary_candidate_93201_1960,True,False,False,True,True
93201,primary_candidate_93201_1961,False,True,False,True,True
93201,primary_candidate_93201_1962,False,True,False,True,True
93201,primary_candidate_93201_1963,True,False,False,True,True
93201,primary_candidate_93201_1964,False,True,False,True,True
93201,primary_candidate_93201_1965,True,True,True,False,True
93201,primary_candidate_93201_1966,False,True,False,True,True
93201,primary_candidate_93201_1967,False,True,False,True,True
93201,primary_candidate_93201_1968,False,True,False,True,True
93201,primary_candidate_93201_1969,False,True,False,True,True
93201,primary_candidate_93201_1970,False,True,False,True,True
93201,primary_candidate_93201_1971,True,False,False,True,True
93201,primary_candidate_93201_1972,False,True,False,True,True
93201,primary_candidate_93201_1973,True,False,False,True,True
93201,primary_candidate_93201_1974,False,True,False,True,True
93201,primary_candidate_93201_1975,True,False,False,True,True
93201,primary_candidate_93201_1976,True,False,False,True,True
93201,primary_candidate_93201_1977,False,False,False,True,True
93201,primary_candidate_93201_1978,False,True,False,True,True
93201,primary_candidate_93201_1979,False,True,False,True,True
93201,primary_candidate_93201_1980,False,True,False,True,True
93201,primary_candidate_93201_1981,True,False,False,True,True
93201,primary_candidate_93201_1982,True,False,False,True,True
93201,primary_candidate_93201_1983,True,False,False,True,True
93201,primary_candidate_93201_1984,False,True,False,True,True
93201,primary_candidate_93201_1985,False,True,False,True,True
93201,primary_candidate_93201_1986,False,True,False,True,True
93201,primary_candidate_93201_1987,True,False,False,True,True
93201,primary_candidate_93201_1988,False,True,False,True,True
93201,primary_candidate_93201_1989,False,True,False,True,True
93201,primary_candidate_93201_1990,True,False,False,True,True
93201,primary_candidate_93201_1991,True,False,False,True,True
93201,primary_candidate_93201_1992,False,True,False,True,True
93201,primary_candidate_93201_1993,False,True,False,True,True
93201,primary_candidate_93201_1994,True,False,False,True,True
93201,primary_candidate_93201_1995,False,True,False,True,True
93201,primary_candidate_93201_1996,True,False,False,True,True
93201,primary_candidate_93201_1997,False,True,False,True,True
93201,primary_candidate_93201_1998,False,True,False,True,True
93201,primary_candidate_93201_1999,False,True,False,True,True
93201,primary_candidate_93201_2000,True,False,False,True,True
93201,primary_candidate_93201_2001,False,True,False,True,True
93201,primary_candidate_93201_2002,False,True,False,True,True
93201,primary_candidate_93201_2003,False,True,False,True,True
93201,primary_candidate_93201_2004,False,True,False,True,True
93201,primary_candidate_93201_2005,True,False,False,True,True
93201,primary_candidate_93201_2006,True,False,False,True,True
93201,primary_candidate_93201_2007,False,True,False,True,True
93201,primary_candidate_93201_2008,False,True,False,True,True
93201,primary_candidate_93201_2009,False,True,False,True,True
93201,primary_candidate_93201_2010,False,True,False,True,True
93201,primary_candidate_93201_2011,False,True,False,True,True
93201,primary_candidate_93201_2012,False,True,False,True,True
93201,primary_candidate_93201_2013,False,True,False,True,True
93201,primary_candidate_93201_2014,True,False,False,True,True
93201,primary_candidate_93201_2015,False,True,False,True,True
93201,primary_candidate_93201_2016,True,False,False,True,True
93201,primary_candidate_93201_2017,False,True,False,True,True
93201,primary_candidate_93201_2018,False,True,False,True,True
93201,primary_candidate_93201_2019,False,True,False,True,True
93201,primary_candidate_93201_2020,True,False,False,True,True
93201,primary_candidate_93201_2021,True,True,True,False,True
93201,primary_candidate_93201_2022,True,False,False,True,True
93201,primary_candidate_93201_2023,False,True,False,True,True
93201,primary_candidate_93201_2024,False,True,False,True,True
93201,primary_candidate_93201_2025,True,False,False,True,True
93201,primary_candidate_93201_2026,True,False,False,True,True
93201,primary_candidate_93201_2027,True,False,False,True,True
93201,primary_candidate_93201_2028,False,True,False,True,True
93201,primary_candidate_93201_2029,False,True,False,True,True
93201,primary_candidate_93201_2030,True,False,False,True,True
93201,primary_candidate_93201_2031,False,True,False,True,True
93201,primary_candidate_93201_2032,True,False,False,True,True
93201,primary_candidate_93201_2033,False,True,False,True,True
93201,primary_candidate_93201_2034,False,True,False,True,True
93201,primary_candidate_93201_2035,True,False,False,True,True
93201,primary_candidate_93201_2036,False,True,False,True,True
93201,primary_candidate_93201_2037,True,False,False,True,True
93201,primary_candidate_93201_2038,True,False,False,True,True
93201,primary_candidate_93201_2039,False,True,False,True,True
93201,primary_candidate_93201_2040,False,True,False,True,True
93201,primary_candidate_93201_2041,True,False,False,True,True
93201,primary_candidate_93201_2042,True,False,False,True,True
93201,primary_candidate_93201_2043,False,True,False,True,True
93201,primary_candidate_93201_2044,False,True,False,True,True
93201,primary_candidate_93201_2045,True,False,False,True,True
93201,primary_candidate_93201_2046,False,True,False,True,True
93201,primary_candidate_93201_2047,False,True,False,True,True
93201,primary_candidate_93201_2048,False,True,False,True,True
93201,primary_candidate_93201_2049,True,False,False,True,True
93201,primary_candidate_93201_2050,True,False,False,True,True
93201,primary_candidate_93201_2051,True,False,False,True,True
93201,primary_candidate_93201_2052,True,False,False,True,True
93201,primary_candidate_93201_2053,False,True,False,True,True
93201,primary_candidate_93201_2054,True,False,False,True,True
93201,primary_candidate_93201_2055,False,True,False,True,True
93201,primary_candidate_93201_2056,False,True,False,True,True
93201,primary_candidate_93201_2057,True,False,False,True,True
93201,primary_candidate_93201_2058,False,True,False,True,True
93201,primary_candidate_93201_2059,True,False,False,True,True
93201,primary_candidate_93201_2060,False,True,False,True,True
93201,primary_candidate_93201_2061,True,False,False,True,True
93201,primary_candidate_93201_2062,True,False,False,True,True
93201,primary_candidate_93201_2063,False,True,False,True,True
93201,primary_candidate_93201_2064,False,True,False,True,True
93201,primary_candidate_93201_2065,True,False,False,True,True
93201,primary_candidate_93201_2066,True,False,False,True,True
93201,primary_candidate_93201_2067,True,False,False,True,True
93201,primary_candidate_93201_2068,True,False,False,True,True
93201,primary_candidate_93201_2069,False,True,False,True,True
93201,primary_candidate_93201_2070,False,True,False,True,True
93201,primary_candidate_93201_2071,False,True,False,True,True
93201,primary_candidate_93201_2072,False,True,False,True,True
93201,primary_candidate_93201_2073,False,True,False,True,True
93201,primary_candidate_93201_2074,False,True,False,True,True
93201,primary_candidate_93201_2075,False,True,False,True,True
93201,primary_candidate_93201_2076,True,False,False,True,True
93201,primary_candidate_93201_2077,True,False,False,True,True
93201,primary_candidate_93201_2078,False,True,False,True,True
93201,primary_candidate_93201_2079,True,True,True,False,True
93201,primary_candidate_93201_2080,False,True,False,True,True
93201,primary_candidate_93201_2081,False,True,False,True,True
93201,primary_candidate_93201_2082,False,True,False,True,True
93201,primary_candidate_93201_2083,False,True,False,True,True
93201,primary_candidate_93201_2084,True,False,False,True,True
93201,primary_candidate_93201_2085,True,False,False,True,True
93201,primary_candidate_93201_2086,False,True,False,True,True
93201,primary_candidate_93201_2087,False,True,False,True,True
93201,primary_candidate_93201_2088,False,True,False,True,True
93201,primary_candidate_93201_2089,False,True,False,True,True
93201,primary_candidate_93201_2090,True,False,False,True,True
93201,primary_candidate_93201_2091,False,True,False,True,True
93201,primary_candidate_93201_2092,False,True,False,True,True
93201,primary_candidate_93201_2093,True,False,False,True,True
93201,primary_candidate_93201_2094,False,True,False,True,True
93201,primary_candidate_93201_2095,False,True,False,True,True
93201,primary_candidate_93201_2096,False,True,False,True,True
93201,primary_candidate_93201_2097,False,True,False,True,True
93201,primary_candidate_93201_2098,False,True,False,True,True
93201,primary_candidate_93201_2099,False,True,False,True,True
93201,primary_candidate_93201_2100,False,True,False,True,True
93201,primary_candidate_93201_2101,True,True,True,False,True
93201,primary_candidate_93201_2102,True,False,False,True,True
93201,primary_candidate_93201_2103,False,True,False,True,True
93201,primary_candidate_93201_2104,False,True,False,True,True
93201,primary_candidate_93201_2105,False,True,False,True,True
93201,primary_candidate_93201_2106,True,False,False,True,True
93201,primary_candidate_93201_2107,False,True,False,True,True
93201,primary_candidate_93201_2108,True,False,False,True,True
93201,primary_candidate_93201_2109,False,True,False,True,True
93201,primary_candidate_93201_2110,True,False,False,True,True
93201,primary_candidate_93201_2111,False,True,False,True,True
93201,primary_candidate_93201_2112,True,True,True,False,True
93201,primary_candidate_93201_2113,True,False,False,True,True
93201,primary_candidate_93201_2114,True,True,True,False,True
93201,primary_candidate_93201_2115,False,True,False,True,True
93201,primary_candidate_93201_2116,False,True,False,True,True
93201,primary_candidate_93201_2117,True,False,False,True,True
93201,primary_candidate_93201_2118,True,True,True,False,True
93201,primary_candidate_93201_2119,False,True,False,True,True
93201,primary_candidate_93201_2120,True,True,True,False,True
93201,primary_candidate_93201_2121,False,False,False,True,True
93201,primary_candidate_93201_2122,True,False,False,True,True
93201,primary_candidate_93201_2123,True,False,False,True,True
93201,primary_candidate_93201_2124,False,True,False,True,True
93201,primary_candidate_93201_2125,False,True,False,True,True
93201,primary_candidate_93201_2126,True,False,False,True,True
93201,primary_candidate_93201_2127,False,True,False,True,True
93201,primary_candidate_93201_2128,True,False,False,True,True
93201,primary_candidate_93201_2129,False,True,False,True,True
93201,primary_candidate_93201_2130,True,False,False,True,True
93201,primary_candidate_93201_2131,False,True,False,True,True
93201,primary_candidate_93201_2132,True,False,False,True,True
93201,primary_candidate_93201_2133,True,False,False,True,True
93201,primary_candidate_93201_2134,False,True,False,True,True
93201,primary_candidate_93201_2135,True,True,True,False,True
93201,primary_candidate_93201_2136,False,True,False,True,True
93201,primary_candidate_93201_2137,True,False,False,True,True
93201,primary_candidate_93201_2138,False,True,False,True,True
93201,primary_candidate_93201_2139,False,True,False,True,True
93201,primary_candidate_93201_2140,False,True,False,True,True
93201,primary_candidate_93201_2141,False,True,False,True,True
93201,primary_candidate_93201_2142,True,False,False,True,True
93201,primary_candidate_93201_2143,False,True,False,True,True
93201,primary_candidate_93201_2144,False,True,False,True,True
93201,primary_candidate_93201_2145,True,False,False,True,True
93201,primary_candidate_93201_2146,True,False,False,True,True
93201,primary_candidate_93201_2147,True,False,False,True,True
93201,primary_candidate_93201_2148,False,True,False,True,True
93201,primary_candidate_93201_2149,False,True,False,True,True
93201,primary_candidate_93201_2150,False,True,False,True,True
93201,primary_candidate_93201_2151,False,True,False,True,True
93201,primary_candidate_93201_2152,True,False,False,True,True
93201,primary_candidate_93201_2153,False,True,False,True,True
93201,primary_candidate_93201_2154,False,True,False,True,True
93201,primary_candidate_93201_2155,True,False,False,True,True
93201,primary_candidate_93201_2156,False,True,False,True,True
93201,primary_candidate_93201_2157,True,False,False,True,True
93201,primary_candidate_93201_2158,False,True,False,True,True
93201,primary_candidate_93201_2159,False,True,False,True,True
93201,primary_candidate_93201_2160,False,True,False,True,True
93201,primary_candidate_93201_2161,True,True,True,False,True
93201,primary_candidate_93201_2162,False,True,False,True,True
93201,primary_candidate_93201_2163,True,False,False,True,True
93201,primary_candidate_93201_2164,False,True,False,True,True
93201,primary_candidate_93201_2165,True,False,False,True,True
93201,primary_candidate_93201_2166,True,False,False,True,True
93201,primary_candidate_93201_2167,False,False,False,True,True
93201,primary_candidate_93201_2168,True,False,False,True,True
93201,primary_candidate_93201_2169,True,False,False,True,True
93201,primary_candidate_93201_2170,False,True,False,True,True
93201,primary_candidate_93201_2171,True,False,False,True,True
93201,primary_candidate_93201_2172,True,False,False,True,True
93201,primary_candidate_93201_2173,False,True,False,True,True
93201,primary_candidate_93201_2174,False,True,False,True,True
93201,primary_candidate_93201_2175,True,False,False,True,True
93201,primary_candidate_93201_2176,False,True,False,True,True
93201,primary_candidate_93201_2177,False,False,False,True,True
93201,primary_candidate_93201_2178,True,False,False,True,True
93201,primary_candidate_93201_2179,False,True,False,True,True
93201,primary_candidate_93201_2180,False,True,False,True,True
93201,primary_candidate_93201_2181,False,True,False,True,True
93201,primary_candidate_93201_2182,True,False,False,True,True
93201,primary_candidate_93201_2183,False,True,False,True,True
93201,primary_candidate_93201_2184,False,True,False,True,True
93201,primary_candidate_93201_2185,False,True,False,True,True
93201,primary_candidate_93201_2186,False,True,False,True,True
93201,primary_candidate_93201_2187,False,True,False,True,True
93201,primary_candidate_93201_2188,False,True,False,True,True
93201,primary_candidate_93201_2189,False,True,False,True,True
93201,primary_candidate_93201_2190,False,True,False,True,True
93201,primary_candidate_93201_2191,True,True,True,False,True
93201,primary_candidate_93201_2192,True,False,False,True,True
93201,primary_candidate_93201_2193,False,False,False,True,True
93201,primary_candidate_93201_2194,False,True,False,True,True
93201,primary_candidate_93201_2195,False,True,False,True,True
93201,primary_candidate_93201_2196,False,True,False,True,True
93201,primary_candidate_93201_2197,False,True,False,True,True
93201,primary_candidate_93201_2198,False,True,False,True,True
93201,primary_candidate_93201_2199,False,True,False,True,True
93201,primary_candidate_93201_2200,True,False,False,True,True
93201,primary_candidate_93201_2201,True,False,False,True,True
93201,primary_candidate_93201_2202,False,True,False,True,True
93201,primary_candidate_93201_2203,False,True,False,True,True
93201,primary_candidate_93201_2204,False,True,False,True,True
93201,primary_candidate_93201_2205,True,False,False,True,True
93201,primary_candidate_93201_2206,False,True,False,True,True
93201,primary_candidate_93201_2207,False,True,False,True,True
93201,primary_candidate_93201_2208,False,False,False,True,True
93201,primary_candidate_93201_2209,False,True,False,True,True
93201,primary_candidate_93201_2210,True,True,True,False,True
93201,primary_candidate_93201_2211,False,True,False,True,True
93201,primary_candidate_93201_2212,False,True,False,True,True
93201,primary_candidate_93201_2213,False,True,False,True,True
93201,primary_candidate_93201_2214,False,True,False,True,True
93201,primary_candidate_93201_2215,True,False,False,True,True
93201,primary_candidate_93201_2216,False,True,False,True,True
93201,primary_candidate_93201_2217,False,True,False,True,True
93201,primary_candidate_93201_2218,False,True,False,True,True
93201,primary_candidate_93201_2219,False,True,False,True,True
93201,primary_candidate_93201_2220,False,True,False,True,True
93201,primary_candidate_93201_2221,False,True,False,True,True
93201,primary_candidate_93201_2222,True,False,False,True,True
93201,primary_candidate_93201_2223,False,True,False,True,True
93201,primary_candidate_93201_2224,False,True,False,True,True
93201,primary_candidate_93201_2225,False,True,False,True,True
93201,primary_candidate_93201_2226,True,True,True,False,True
93201,primary_candidate_93201_2227,True,False,False,True,True
93201,primary_candidate_93201_2228,True,False,False,True,True
93201,primary_candidate_93201_2229,True,False,False,True,True
93201,primary_candidate_93201_2230,True,False,False,True,True
93201,primary_candidate_93201_2231,True,False,False,True,True
93201,primary_candidate_93201_2232,False,True,False,True,True
93201,primary_candidate_93201_2233,False,True,False,True,True
93201,primary_candidate_93201_2234,False,True,False,True,True
93201,primary_candidate_93201_2235,True,False,False,True,True
93201,primary_candidate_93201_2236,True,False,False,True,True
93201,primary_candidate_93201_2237,False,True,False,True,True
93201,primary_candidate_93201_2238,False,True,False,True,True
93201,primary_candidate_93201_2239,False,True,False,True,True
93201,primary_candidate_93201_2240,False,True,False,True,True
93201,primary_candidate_93201_2241,False,True,False,True,True
93201,primary_candidate_93201_2242,True,False,False,True,True
93201,primary_candidate_93201_2243,False,True,False,True,True
93201,primary_candidate_93201_2244,False,True,False,True,True
93201,primary_candidate_93201_2245,False,True,False,True,True
93201,primary_candidate_93201_2246,False,True,False,True,True
93201,primary_candidate_93201_2247,True,False,False,True,True
93201,primary_candidate_93201_2248,False,True,False,True,True
93201,primary_candidate_93201_2249,False,True,False,True,True
93201,primary_candidate_93201_2250,True,True,True,False,True
93201,primary_candidate_93201_2251,True,False,False,True,True
93201,primary_candidate_93201_2252,True,False,False,True,True
93201,primary_candidate_93201_2253,True,True,True,False,True
93201,primary_candidate_93201_2254,False,True,False,True,True
93201,primary_candidate_93201_2255,False,True,False,True,True
93201,primary_candidate_93201_2256,True,False,False,True,True
93201,primary_candidate_93201_2257,True,False,False,True,True
93201,primary_candidate_93201_2258,False,True,False,True,True
93201,primary_candidate_93201_2259,False,True,False,True,True
93201,primary_candidate_93201_2260,True,True,True,False,True
93201,primary_candidate_93201_2261,True,False,False,True,True
93201,primary_candidate_93201_2262,False,True,False,True,True
93201,primary_candidate_93201_2263,True,False,False,True,True
93201,primary_candidate_93201_2264,True,False,False,True,True
93201,primary_candidate_93201_2265,False,True,False,True,True
93201,primary_candidate_93201_2266,True,True,True,False,True
93201,primary_candidate_93201_2267,False,True,False,True,True
93201,primary_candidate_93201_2268,False,True,False,True,True
93201,primary_candidate_93201_2269,False,True,False,True,True
93201,primary_candidate_93201_2270,False,False,False,True,True
93201,primary_candidate_93201_2271,True,True,True,False,True
93201,primary_candidate_93201_2272,True,False,False,True,True
93201,primary_candidate_93201_2273,False,True,False,True,True
93201,primary_candidate_93201_2274,False,True,False,True,True
93201,primary_candidate_93201_2275,True,False,False,True,True
93201,primary_candidate_93201_2276,True,False,False,True,True
93201,primary_candidate_93201_2277,False,True,False,True,True
93201,primary_candidate_93201_2278,True,False,False,True,True
93201,primary_candidate_93201_2279,True,False,False,True,True
93201,primary_candidate_93201_2280,False,True,False,True,True
93201,primary_candidate_93201_2281,True,False,False,True,True
93201,primary_candidate_93201_2282,True,False,False,True,True
93201,primary_candidate_93201_2283,False,True,False,True,True
93201,primary_candidate_93201_2284,False,True,False,True,True
93201,primary_candidate_93201_2285,True,False,False,True,True
93201,primary_candidate_93201_2286,True,False,False,True,True
93201,primary_candidate_93201_2287,False,True,False,True,True
93201,primary_candidate_93201_2288,False,True,False,True,True
93201,primary_candidate_93201_2289,False,True,False,True,True
93201,primary_candidate_93201_2290,True,False,False,True,True
93201,primary_candidate_93201_2291,True,False,False,True,True
93201,primary_candidate_93201_2292,False,True,False,True,True
93201,primary_candidate_93201_2293,False,True,False,True,True
93201,primary_candidate_93201_2294,False,True,False,True,True
93201,primary_candidate_93201_2295,False,True,False,True,True
93201,primary_candidate_93201_2296,True,False,False,True,True
93201,primary_candidate_93201_2297,True,False,False,True,True
93201,primary_candidate_93201_2298,False,True,False,True,True
93201,primary_candidate_93201_2299,False,True,False,True,True
93201,primary_candidate_93201_2300,True,True,True,False,True
93201,primary_candidate_93201_2301,True,False,False,True,True
93201,primary_candidate_93201_2302,False,True,False,True,True
93201,primary_candidate_93201_2303,False,True,False,True,True
93201,primary_candidate_93201_2304,False,True,False,True,True
93201,primary_candidate_93201_2305,False,True,False,True,True
93201,primary_candidate_93201_2306,False,True,False,True,True
93201,primary_candidate_93201_2307,True,False,False,True,True
93201,primary_candidate_93201_2308,False,True,False,True,True
93201,primary_candidate_93201_2309,False,True,False,True,True
93201,primary_candidate_93201_2310,True,False,False,True,True
93201,primary_candidate_93201_2311,False,True,False,True,True
93201,primary_candidate_93201_2312,False,True,False,True,True
93201,primary_candidate_93201_2313,False,True,False,True,True
93201,primary_candidate_93201_2314,False,True,False,True,True
93201,primary_candidate_93201_2315,True,False,False,True,True
93201,primary_candidate_93201_2316,False,True,False,True,True
93201,primary_candidate_93201_2317,False,True,False,True,True
93201,primary_candidate_93201_2318,False,True,False,True,True
93201,primary_candidate_93201_2319,False,True,False,True,True
93201,primary_candidate_93201_2320,True,False,False,True,True
93201,primary_candidate_93201_2321,False,True,False,True,True
93201,primary_candidate_93201_2322,True,False,False,True,True
93201,primary_candidate_93201_2323,False,True,False,True,True
93201,primary_candidate_93201_2324,True,False,False,True,True
93201,primary_candidate_93201_2325,True,True,True,False,True
93201,primary_candidate_93201_2326,False,True,False,True,True
93201,primary_candidate_93201_2327,True,False,False,True,True
93201,primary_candidate_93201_2328,False,True,False,True,True
93201,primary_candidate_93201_2329,False,True,False,True,True
93201,primary_candidate_93201_2330,True,False,False,True,True
93201,primary_candidate_93201_2331,True,False,False,True,True
93201,primary_candidate_93201_2332,False,True,False,True,True
93201,primary_candidate_93201_2333,False,True,False,True,True
93201,primary_candidate_93201_2334,True,False,False,True,True
93201,primary_candidate_93201_2335,False,True,False,True,True
93201,primary_candidate_93201_2336,False,True,False,True,True
93201,primary_candidate_93201_2337,False,True,False,True,True
93201,primary_candidate_93201_2338,False,True,False,True,True
93201,primary_candidate_93201_2339,False,True,False,True,True
93201,primary_candidate_93201_2340,True,False,False,True,True
93201,primary_candidate_93201_2341,False,True,False,True,True
93201,primary_candidate_93201_2342,False,True,False,True,True
93201,primary_candidate_93201_2343,False,True,False,True,True
93201,primary_candidate_93201_2344,False,True,False,True,True
93201,primary_candidate_93201_2345,True,False,False,True,True
93201,primary_candidate_93201_2346,True,False,False,True,True
93201,primary_candidate_93201_2347,True,False,False,True,True
93201,primary_candidate_93201_2348,False,True,False,True,True
93201,primary_candidate_93201_2349,False,True,False,True,True
93201,primary_candidate_93201_2350,False,True,False,True,True
93201,primary_candidate_93201_2351,True,False,False,True,True
93201,primary_candidate_93201_2352,False,True,False,True,True
93201,primary_candidate_93201_2353,True,True,True,False,True
93201,primary_candidate_93201_2354,False,True,False,True,True
93201,primary_candidate_93201_2355,True,True,True,False,True
93201,primary_candidate_93201_2356,True,False,False,True,True
93201,primary_candidate_93201_2357,False,True,False,True,True
93201,primary_candidate_93201_2358,False,True,False,True,True
93201,primary_candidate_93201_2359,False,True,False,True,True
93201,primary_candidate_93201_2360,True,False,False,True,True
93201,primary_candidate_93201_2361,True,True,True,False,True
93201,primary_candidate_93201_2362,False,True,False,True,True
93201,primary_candidate_93201_2363,False,True,False,True,True
93201,primary_candidate_93201_2364,False,True,False,True,True
93201,primary_candidate_93201_2365,False,True,False,True,True
93201,primary_candidate_93201_2366,False,True,False,True,True
93201,primary_candidate_93201_2367,False,True,False,True,True
93201,primary_candidate_93201_2368,True,False,False,True,True
93201,primary_candidate_93201_2369,False,True,False,True,True
93201,primary_candidate_93201_2370,False,True,False,True,True
93201,primary_candidate_93201_2371,False,True,False,True,True
93201,primary_candidate_93201_2372,True,False,False,True,True
93201,primary_candidate_93201_2373,False,True,False,True,True
93201,primary_candidate_93201_2374,False,True,False,True,True
93201,primary_candidate_93201_2375,True,False,False,True,True
93201,primary_candidate_93201_2376,False,True,False,True,True
93201,primary_candidate_93201_2377,True,False,False,True,True
93201,primary_candidate_93201_2378,False,True,False,True,True
93201,primary_candidate_93201_2379,False,True,False,True,True
93201,primary_candidate_93201_2380,True,False,False,True,True
93201,primary_candidate_93201_2381,True,True,True,False,True
93201,primary_candidate_93201_2382,False,True,False,True,True
93201,primary_candidate_93201_2383,False,True,False,True,True
93201,primary_candidate_93201_2384,False,True,False,True,True
93201,primary_candidate_93201_2385,True,False,False,True,True
93201,primary_candidate_93201_2386,False,True,False,True,True
93201,primary_candidate_93201_2387,False,True,False,True,True
93201,primary_candidate_93201_2388,False,True,False,True,True
93201,primary_candidate_93201_2389,False,True,False,True,True
93201,primary_candidate_93201_2390,True,False,False,True,True
93201,primary_candidate_93201_2391,True,True,True,False,True
93201,primary_candidate_93201_2392,True,False,False,True,True
93201,primary_candidate_93201_2393,True,False,False,True,True
93201,primary_candidate_93201_2394,True,False,False,True,True
93201,primary_candidate_93201_2395,False,True,False,True,True
93201,primary_candidate_93201_2396,False,True,False,True,True
93201,primary_candidate_93201_2397,False,True,False,True,True
93201,primary_candidate_93201_2398,False,True,False,True,True
93201,primary_candidate_93201_2399,False,True,False,True,True
93201,primary_candidate_93201_2400,True,False,False,True,True
93201,primary_candidate_93201_2401,True,False,False,True,True
93201,primary_candidate_93201_2402,False,True,False,True,True
93201,primary_candidate_93201_2403,True,True,True,False,True
93201,primary_candidate_93201_2404,False,True,False,True,True
93201,primary_candidate_93201_2405,False,True,False,True,True
93201,primary_candidate_93201_2406,False,True,False,True,True
93201,primary_candidate_93201_2407,True,False,False,True,True
93201,primary_candidate_93201_2408,True,False,False,True,True
93201,primary_candidate_93201_2409,False,True,False,True,True
93201,primary_candidate_93201_2410,False,True,False,True,True
93201,primary_candidate_93201_2411,True,False,False,True,True
93201,primary_candidate_93201_2412,False,True,False,True,True
93201,primary_candidate_93201_2413,False,True,False,True,True
93201,primary_candidate_93201_2414,False,True,False,True,True
93201,primary_candidate_93201_2415,False,True,False,True,True
93201,primary_candidate_93201_2416,True,False,False,True,True
93201,primary_candidate_93201_2417,True,False,False,True,True
93201,primary_candidate_93201_2418,False,True,False,True,True
93201,primary_candidate_93201_2419,False,True,False,True,True
93201,primary_candidate_93201_2420,True,False,False,True,True
93201,primary_candidate_93201_2421,True,False,False,True,True
93201,primary_candidate_93201_2422,False,True,False,True,True
93201,primary_candidate_93201_2423,True,True,True,False,True
93201,primary_candidate_93201_2424,False,True,False,True,True
93201,primary_candidate_93201_2425,False,True,False,True,True
93201,primary_candidate_93201_2426,True,True,True,False,True
93201,primary_candidate_93201_2427,True,False,False,True,True
93201,primary_candidate_93201_2428,True,True,True,False,True
93201,primary_candidate_93201_2429,False,True,False,True,True
93201,primary_candidate_93201_2430,False,True,False,True,True
93201,primary_candidate_93201_2431,True,False,False,True,True
93201,primary_candidate_93201_2432,True,False,False,True,True
93201,primary_candidate_93201_2433,False,True,False,True,True
93201,primary_candidate_93201_2434,False,True,False,True,True
93201,primary_candidate_93201_2435,True,False,False,True,True
93201,primary_candidate_93201_2436,False,True,False,True,True
93201,primary_candidate_93201_2437,False,True,False,True,True
93201,primary_candidate_93201_2438,False,True,False,True,True
93201,primary_candidate_93201_2439,False,True,False,True,True
93201,primary_candidate_93201_2440,True,False,False,True,True
93201,primary_candidate_93201_2441,True,False,False,True,True
93201,primary_candidate_93201_2442,False,True,False,True,True
93201,primary_candidate_93201_2443,False,True,False,True,True
93201,primary_candidate_93201_2444,False,True,False,True,True
93201,primary_candidate_93201_2445,True,False,False,True,True
93201,primary_candidate_93201_2446,False,True,False,True,True
93201,primary_candidate_93201_2447,False,True,False,True,True
93201,primary_candidate_93201_2448,False,True,False,True,True
93201,primary_candidate_93201_2449,False,True,False,True,True
93201,primary_candidate_93201_2450,True,True,True,False,True
93201,primary_candidate_93201_2451,False,True,False,True,True
93201,primary_candidate_93201_2452,False,True,False,True,True
93201,primary_candidate_93201_2453,False,True,False,True,True
93201,primary_candidate_93201_2454,False,True,False,True,True
93201,primary_candidate_93201_2455,True,True,True,False,True
93201,primary_candidate_93201_2456,False,True,False,True,True
93201,primary_candidate_93201_2457,False,True,False,True,True
93201,primary_candidate_93201_2458,False,True,False,True,True
93201,primary_candidate_93201_2459,False,True,False,True,True
93201,primary_candidate_93201_2460,False,True,False,True,True
93201,primary_candidate_93201_2461,True,True,True,False,True
93201,primary_candidate_93201_2462,True,False,False,True,True
93201,primary_candidate_93201_2463,False,True,False,True,True
93201,primary_candidate_93201_2464,False,True,False,True,True
93201,primary_candidate_93201_2465,True,True,True,False,True
93201,primary_candidate_93201_2466,False,True,False,True,True
93201,primary_candidate_93201_2467,True,False,False,True,True
93201,primary_candidate_93201_2468,False,True,False,True,True
93201,primary_candidate_93201_2469,False,True,False,True,True
93201,primary_candidate_93201_2470,True,False,False,True,True
93201,primary_candidate_93201_2471,True,False,False,True,True
93201,primary_candidate_93201_2472,True,False,False,True,True
93201,primary_candidate_93201_2473,True,False,False,True,True
93201,primary_candidate_93201_2474,False,True,False,True,True
93201,primary_candidate_93201_2475,True,False,False,True,True
93201,primary_candidate_93201_2476,False,True,False,True,True
93201,primary_candidate_93201_2477,True,False,False,True,True
93201,primary_candidate_93201_2478,False,True,False,True,True
93201,primary_candidate_93201_2479,False,True,False,True,True
93201,primary_candidate_93201_2480,True,False,False,True,True
93201,primary_candidate_93201_2481,True,False,False,True,True
93201,primary_candidate_93201_2482,False,True,False,True,True
93201,primary_candidate_93201_2483,False,True,False,True,True
93201,primary_candidate_93201_2484,False,True,False,True,True
93201,primary_candidate_93201_2485,True,False,False,True,True
93201,primary_candidate_93201_2486,False,True,False,True,True
93201,primary_candidate_93201_2487,True,False,False,True,True
93201,primary_candidate_93201_2488,True,False,False,True,True
93201,primary_candidate_93201_2489,False,True,False,True,True
93201,primary_candidate_93201_2490,True,False,False,True,True
93201,primary_candidate_93201_2491,False,True,False,True,True
93201,primary_candidate_93201_2492,True,False,False,True,True
93201,primary_candidate_93201_2493,False,True,False,True,True
93201,primary_candidate_93201_2494,False,True,False,True,True
93201,primary_candidate_93201_2495,False,True,False,True,True
93201,primary_candidate_93201_2496,False,True,False,True,True
93201,primary_candidate_93201_2497,False,True,False,True,True
93201,primary_candidate_93201_2498,False,True,False,True,True
93201,primary_candidate_93201_2499,True,False,False,True,True
93201,primary_candidate_93201_2500,True,False,False,True,True
93201,primary_candidate_93201_2501,False,True,False,True,True
93201,primary_candidate_93201_2502,True,False,False,True,True
93201,primary_candidate_93201_2503,False,True,False,True,True
93201,primary_candidate_93201_2504,False,True,False,True,True
93201,primary_candidate_93201_2505,True,True,True,False,True
93201,primary_candidate_93201_2506,True,False,False,True,True
93201,primary_candidate_93201_2507,False,True,False,True,True
93201,primary_candidate_93201_2508,False,True,False,True,True
93201,primary_candidate_93201_2509,False,True,False,True,True
93201,primary_candidate_93201_2510,False,True,False,True,True
93201,primary_candidate_93201_2511,True,False,False,True,True
93201,primary_candidate_93201_2512,False,True,False,True,True
93201,primary_candidate_93201_2513,False,True,False,True,True
93201,primary_candidate_93201_2514,True,False,False,True,True
93201,primary_candidate_93201_2515,True,False,False,True,True
93201,primary_candidate_93201_2516,True,False,False,True,True
93201,primary_candidate_93201_2517,True,False,False,True,True
93201,primary_candidate_93201_2518,False,True,False,True,True
93201,primary_candidate_93201_2519,False,True,False,True,True
93201,primary_candidate_93201_2520,False,True,False,True,True
93201,primary_candidate_93201_2521,False,True,False,True,True
93201,primary_candidate_93201_2522,False,True,False,True,True
93201,primary_candidate_93201_2523,True,False,False,True,True
93201,primary_candidate_93201_2524,False,True,False,True,True
93201,primary_candidate_93201_2525,True,False,False,True,True
93201,primary_candidate_93201_2526,False,True,False,True,True
93201,primary_candidate_93201_2527,True,False,False,True,True
93201,primary_candidate_93201_2528,True,False,False,True,True
93201,primary_candidate_93201_2529,True,False,False,True,True
93201,primary_candidate_93201_2530,True,False,False,True,True
93201,primary_candidate_93201_2531,False,True,False,True,True
93201,primary_candidate_93201_2532,False,True,False,True,True
93201,primary_candidate_93201_2533,False,True,False,True,True
93201,primary_candidate_93201_2534,False,True,False,True,True
93201,primary_candidate_93201_2535,True,False,False,True,True
93201,primary_candidate_93201_2536,False,True,False,True,True
93201,primary_candidate_93201_2537,False,True,False,True,True
93201,primary_candidate_93201_2538,False,True,False,True,True
93201,primary_candidate_93201_2539,False,True,False,True,True
93201,primary_candidate_93201_2540,True,True,True,False,True
93201,primary_candidate_93201_2541,True,False,False,True,True
93201,primary_candidate_93201_2542,False,True,False,True,True
93201,primary_candidate_93201_2543,False,True,False,True,True
93201,primary_candidate_93201_2544,False,True,False,True,True
93201,primary_candidate_93201_2545,True,True,True,False,True
93201,primary_candidate_93201_2546,False,True,False,True,True
93201,primary_candidate_93201_2547,False,True,False,True,True
93201,primary_candidate_93201_2548,False,True,False,True,True
93201,primary_candidate_93201_2549,False,True,False,True,True
93201,primary_candidate_93201_2550,True,False,False,True,True
93201,primary_candidate_93201_2551,False,True,False,True,True
93201,primary_candidate_93201_2552,False,True,False,True,True
93201,primary_candidate_93201_2553,True,False,False,True,True
93201,primary_candidate_93201_2554,True,False,False,True,True
93201,primary_candidate_93201_2555,False,True,False,True,True
93201,primary_candidate_93201_2556,True,False,False,True,True
93201,primary_candidate_93201_2557,True,False,False,True,True
93201,primary_candidate_93201_2558,False,True,False,True,True
93201,primary_candidate_93201_2559,False,True,False,True,True
93202,primary_candidate_93202_1280,False,True,False,True,True
93202,primary_candidate_93202_1281,False,True,False,True,True
93202,primary_candidate_93202_1282,False,True,False,True,True
93202,primary_candidate_93202_1283,False,True,False,True,True
93202,primary_candidate_93202_1284,True,False,False,True,True
93202,primary_candidate_93202_1285,True,True,True,False,True
93202,primary_candidate_93202_1286,True,True,True,False,True
93202,primary_candidate_93202_1287,False,False,False,True,True
93202,primary_candidate_93202_1288,False,True,False,True,True
93202,primary_candidate_93202_1289,True,True,True,False,True
93202,primary_candidate_93202_1290,False,True,False,True,True
93202,primary_candidate_93202_1291,False,True,False,True,True
93202,primary_candidate_93202_1292,True,False,False,True,True
93202,primary_candidate_93202_1293,True,False,False,True,True
93202,primary_candidate_93202_1294,False,True,False,True,True
93202,primary_candidate_93202_1295,False,True,False,True,True
93202,primary_candidate_93202_1296,True,True,True,False,True
93202,primary_candidate_93202_1297,False,True,False,True,True
93202,primary_candidate_93202_1298,True,False,False,True,True
93202,primary_candidate_93202_1299,False,True,False,True,True
93202,primary_candidate_93202_1300,True,False,False,True,True
93202,primary_candidate_93202_1301,False,True,False,True,True
93202,primary_candidate_93202_1302,True,False,False,True,True
93202,primary_candidate_93202_1303,False,True,False,True,True
93202,primary_candidate_93202_1304,True,False,False,True,True
93202,primary_candidate_93202_1305,True,False,False,True,True
93202,primary_candidate_93202_1306,True,False,False,True,True
93202,primary_candidate_93202_1307,True,False,False,True,True
93202,primary_candidate_93202_1308,False,True,False,True,True
93202,primary_candidate_93202_1309,False,True,False,True,True
93202,primary_candidate_93202_1310,True,False,False,True,True
93202,primary_candidate_93202_1311,True,True,True,False,True
93202,primary_candidate_93202_1312,True,False,False,True,True
93202,primary_candidate_93202_1313,False,True,False,True,True
93202,primary_candidate_93202_1314,True,False,False,True,True
93202,primary_candidate_93202_1315,True,False,False,True,True
93202,primary_candidate_93202_1316,True,False,False,True,True
93202,primary_candidate_93202_1317,False,True,False,True,True
93202,primary_candidate_93202_1318,False,True,False,True,True
93202,primary_candidate_93202_1319,False,True,False,True,True
93202,primary_candidate_93202_1320,True,True,True,False,True
93202,primary_candidate_93202_1321,False,True,False,True,True
93202,primary_candidate_93202_1322,True,False,False,True,True
93202,primary_candidate_93202_1323,False,True,False,True,True
93202,primary_candidate_93202_1324,False,True,False,True,True
93202,primary_candidate_93202_1325,True,False,False,True,True
93202,primary_candidate_93202_1326,False,True,False,True,True
93202,primary_candidate_93202_1327,True,False,False,True,True
93202,primary_candidate_93202_1328,False,True,False,True,True
93202,primary_candidate_93202_1329,False,True,False,True,True
93202,primary_candidate_93202_1330,True,False,False,True,True
93202,primary_candidate_93202_1331,False,True,False,True,True
93202,primary_candidate_93202_1332,True,False,False,True,True
93202,primary_candidate_93202_1333,False,True,False,True,True
93202,primary_candidate_93202_1334,False,True,False,True,True
93202,primary_candidate_93202_1335,False,True,False,True,True
93202,primary_candidate_93202_1336,True,False,False,True,True
93202,primary_candidate_93202_1337,True,False,False,True,True
93202,primary_candidate_93202_1338,False,True,False,True,True
93202,primary_candidate_93202_1339,False,True,False,True,True
93202,primary_candidate_93202_1340,True,False,False,True,True
93202,primary_candidate_93202_1341,True,False,False,True,True
93202,primary_candidate_93202_1342,False,True,False,True,True
93202,primary_candidate_93202_1343,False,True,False,True,True
93202,primary_candidate_93202_1344,True,False,False,True,True
93202,primary_candidate_93202_1345,True,False,False,True,True
93202,primary_candidate_93202_1346,False,True,False,True,True
93202,primary_candidate_93202_1347,False,True,False,True,True
93202,primary_candidate_93202_1348,True,False,False,True,True
93202,primary_candidate_93202_1349,True,False,False,True,True
93202,primary_candidate_93202_1350,True,False,False,True,True
93202,primary_candidate_93202_1351,False,True,False,True,True
93202,primary_candidate_93202_1352,True,False,False,True,True
93202,primary_candidate_93202_1353,False,True,False,True,True
93202,primary_candidate_93202_1354,False,True,False,True,True
93202,primary_candidate_93202_1355,False,True,False,True,True
93202,primary_candidate_93202_1356,True,False,False,True,True
93202,primary_candidate_93202_1357,False,True,False,True,True
93202,primary_candidate_93202_1358,False,True,False,True,True
93202,primary_candidate_93202_1359,True,False,False,True,True
93202,primary_candidate_93202_1360,False,True,False,True,True
93202,primary_candidate_93202_1361,True,True,True,False,True
93202,primary_candidate_93202_1362,False,True,False,True,True
93202,primary_candidate_93202_1363,True,False,False,True,True
93202,primary_candidate_93202_1364,False,True,False,True,True
93202,primary_candidate_93202_1365,True,False,False,True,True
93202,primary_candidate_93202_1366,False,True,False,True,True
93202,primary_candidate_93202_1367,False,True,False,True,True
93202,primary_candidate_93202_1368,False,True,False,True,True
93202,primary_candidate_93202_1369,False,False,False,True,True
93202,primary_candidate_93202_1370,False,True,False,True,True
93202,primary_candidate_93202_1371,True,False,False,True,True
93202,primary_candidate_93202_1372,True,False,False,True,True
93202,primary_candidate_93202_1373,False,True,False,True,True
93202,primary_candidate_93202_1374,False,True,False,True,True
93202,primary_candidate_93202_1375,False,True,False,True,True
93202,primary_candidate_93202_1376,False,True,False,True,True
93202,primary_candidate_93202_1377,False,True,False,True,True
93202,primary_candidate_93202_1378,True,True,True,False,True
93202,primary_candidate_93202_1379,False,True,False,True,True
93202,primary_candidate_93202_1380,True,True,True,False,True
93202,primary_candidate_93202_1381,False,True,False,True,True
93202,primary_candidate_93202_1382,False,True,False,True,True
93202,primary_candidate_93202_1383,False,True,False,True,True
93202,primary_candidate_93202_1384,False,True,False,True,True
93202,primary_candidate_93202_1385,True,False,False,True,True
93202,primary_candidate_93202_1386,True,False,False,True,True
93202,primary_candidate_93202_1387,True,False,False,True,True
93202,primary_candidate_93202_1388,True,False,False,True,True
93202,primary_candidate_93202_1389,False,True,False,True,True
93202,primary_candidate_93202_1390,True,False,False,True,True
93202,primary_candidate_93202_1391,False,True,False,True,True
93202,primary_candidate_93202_1392,False,True,False,True,True
93202,primary_candidate_93202_1393,False,True,False,True,True
93202,primary_candidate_93202_1394,False,True,False,True,True
93202,primary_candidate_93202_1395,False,True,False,True,True
93202,primary_candidate_93202_1396,True,False,False,True,True
93202,primary_candidate_93202_1397,False,True,False,True,True
93202,primary_candidate_93202_1398,False,True,False,True,True
93202,primary_candidate_93202_1399,False,True,False,True,True
93202,primary_candidate_93202_1400,True,False,False,True,True
93202,primary_candidate_93202_1401,False,True,False,True,True
93202,primary_candidate_93202_1402,False,True,False,True,True
93202,primary_candidate_93202_1403,True,True,True,False,True
93202,primary_candidate_93202_1404,False,True,False,True,True
93202,primary_candidate_93202_1405,False,True,False,True,True
93202,primary_candidate_93202_1406,False,True,False,True,True
93202,primary_candidate_93202_1407,False,True,False,True,True
93202,primary_candidate_93202_1408,False,True,False,True,True
93202,primary_candidate_93202_1409,False,False,False,True,True
93202,primary_candidate_93202_1410,True,False,False,True,True
93202,primary_candidate_93202_1411,False,True,False,True,True
93202,primary_candidate_93202_1412,True,False,False,True,True
93202,primary_candidate_93202_1413,False,True,False,True,True
93202,primary_candidate_93202_1414,False,True,False,True,True
93202,primary_candidate_93202_1415,True,False,False,True,True
93202,primary_candidate_93202_1416,True,False,False,True,True
93202,primary_candidate_93202_1417,False,True,False,True,True
93202,primary_candidate_93202_1418,False,True,False,True,True
93202,primary_candidate_93202_1419,True,False,False,True,True
93202,primary_candidate_93202_1420,False,True,False,True,True
93202,primary_candidate_93202_1421,False,True,False,True,True
93202,primary_candidate_93202_1422,False,True,False,True,True
93202,primary_candidate_93202_1423,False,True,False,True,True
93202,primary_candidate_93202_1424,False,True,False,True,True
93202,primary_candidate_93202_1425,True,True,True,False,True
93202,primary_candidate_93202_1426,False,True,False,True,True
93202,primary_candidate_93202_1427,True,False,False,True,True
93202,primary_candidate_93202_1428,False,True,False,True,True
93202,primary_candidate_93202_1429,True,False,False,True,True
93202,primary_candidate_93202_1430,False,True,False,True,True
93202,primary_candidate_93202_1431,True,True,True,False,True
93202,primary_candidate_93202_1432,False,True,False,True,True
93202,primary_candidate_93202_1433,False,True,False,True,True
93202,primary_candidate_93202_1434,False,True,False,True,True
93202,primary_candidate_93202_1435,False,True,False,True,True
93202,primary_candidate_93202_1436,True,False,False,True,True
93202,primary_candidate_93202_1437,True,False,False,True,True
93202,primary_candidate_93202_1438,False,True,False,True,True
93202,primary_candidate_93202_1439,False,True,False,True,True
93202,primary_candidate_93202_1440,False,True,False,True,True
93202,primary_candidate_93202_1441,False,True,False,True,True
93202,primary_candidate_93202_1442,False,True,False,True,True
93202,primary_candidate_93202_1443,False,True,False,True,True
93202,primary_candidate_93202_1444,False,True,False,True,True
93202,primary_candidate_93202_1445,True,False,False,True,True
93202,primary_candidate_93202_1446,False,True,False,True,True
93202,primary_candidate_93202_1447,True,False,False,True,True
93202,primary_candidate_93202_1448,False,True,False,True,True
93202,primary_candidate_93202_1449,False,True,False,True,True
93202,primary_candidate_93202_1450,True,False,False,True,True
93202,primary_candidate_93202_1451,False,True,False,True,True
93202,primary_candidate_93202_1452,True,False,False,True,True
93202,primary_candidate_93202_1453,False,True,False,True,True
93202,primary_candidate_93202_1454,False,True,False,True,True
93202,primary_candidate_93202_1455,True,False,False,True,True
93202,primary_candidate_93202_1456,True,False,False,True,True
93202,primary_candidate_93202_1457,False,True,False,True,True
93202,primary_candidate_93202_1458,False,True,False,True,True
93202,primary_candidate_93202_1459,False,True,False,True,True
93202,primary_candidate_93202_1460,True,False,False,True,True
93202,primary_candidate_93202_1461,True,False,False,True,True
93202,primary_candidate_93202_1462,True,False,False,True,True
93202,primary_candidate_93202_1463,False,True,False,True,True
93202,primary_candidate_93202_1464,True,False,False,True,True
93202,primary_candidate_93202_1465,True,False,False,True,True
93202,primary_candidate_93202_1466,True,False,False,True,True
93202,primary_candidate_93202_1467,True,False,False,True,True
93202,primary_candidate_93202_1468,True,True,True,False,True
93202,primary_candidate_93202_1469,False,True,False,True,True
93202,primary_candidate_93202_1470,True,False,False,True,True
93202,primary_candidate_93202_1471,True,False,False,True,True
93202,primary_candidate_93202_1472,False,True,False,True,True
93202,primary_candidate_93202_1473,False,True,False,True,True
93202,primary_candidate_93202_1474,True,False,False,True,True
93202,primary_candidate_93202_1475,True,False,False,True,True
93202,primary_candidate_93202_1476,True,True,True,False,True
93202,primary_candidate_93202_1477,False,True,False,True,True
93202,primary_candidate_93202_1478,True,False,False,True,True
93202,primary_candidate_93202_1479,False,True,False,True,True
93202,primary_candidate_93202_1480,True,True,True,False,True
93202,primary_candidate_93202_1481,True,False,False,True,True
93202,primary_candidate_93202_1482,True,False,False,True,True
93202,primary_candidate_93202_1483,False,True,False,True,True
93202,primary_candidate_93202_1484,True,False,False,True,True
93202,primary_candidate_93202_1485,False,True,False,True,True
93202,primary_candidate_93202_1486,True,False,False,True,True
93202,primary_candidate_93202_1487,False,True,False,True,True
93202,primary_candidate_93202_1488,False,True,False,True,True
93202,primary_candidate_93202_1489,False,True,False,True,True
93202,primary_candidate_93202_1490,False,True,False,True,True
93202,primary_candidate_93202_1491,True,True,True,False,True
93202,primary_candidate_93202_1492,True,False,False,True,True
93202,primary_candidate_93202_1493,False,True,False,True,True
93202,primary_candidate_93202_1494,False,True,False,True,True
93202,primary_candidate_93202_1495,False,True,False,True,True
93202,primary_candidate_93202_1496,False,True,False,True,True
93202,primary_candidate_93202_1497,False,True,False,True,True
93202,primary_candidate_93202_1498,False,True,False,True,True
93202,primary_candidate_93202_1499,True,False,False,True,True
93202,primary_candidate_93202_1500,True,True,True,False,True
93202,primary_candidate_93202_1501,True,False,False,True,True
93202,primary_candidate_93202_1502,False,True,False,True,True
93202,primary_candidate_93202_1503,True,False,False,True,True
93202,primary_candidate_93202_1504,True,False,False,True,True
93202,primary_candidate_93202_1505,True,False,False,True,True
93202,primary_candidate_93202_1506,False,True,False,True,True
93202,primary_candidate_93202_1507,True,False,False,True,True
93202,primary_candidate_93202_1508,False,True,False,True,True
93202,primary_candidate_93202_1509,True,False,False,True,True
93202,primary_candidate_93202_1510,True,False,False,True,True
93202,primary_candidate_93202_1511,True,False,False,True,True
93202,primary_candidate_93202_1512,False,True,False,True,True
93202,primary_candidate_93202_1513,True,False,False,True,True
93202,primary_candidate_93202_1514,True,False,False,True,True
93202,primary_candidate_93202_1515,True,False,False,True,True
93202,primary_candidate_93202_1516,True,True,True,False,True
93202,primary_candidate_93202_1517,False,True,False,True,True
93202,primary_candidate_93202_1518,False,True,False,True,True
93202,primary_candidate_93202_1519,False,True,False,True,True
93202,primary_candidate_93202_1520,False,True,False,True,True
93202,primary_candidate_93202_1521,True,False,False,True,True
93202,primary_candidate_93202_1522,True,False,False,True,True
93202,primary_candidate_93202_1523,True,False,False,True,True
93202,primary_candidate_93202_1524,False,True,False,True,True
93202,primary_candidate_93202_1525,False,True,False,True,True
93202,primary_candidate_93202_1526,False,True,False,True,True
93202,primary_candidate_93202_1527,False,True,False,True,True
93202,primary_candidate_93202_1528,False,True,False,True,True
93202,primary_candidate_93202_1529,False,True,False,True,True
93202,primary_candidate_93202_1530,True,False,False,True,True
93202,primary_candidate_93202_1531,False,True,False,True,True
93202,primary_candidate_93202_1532,True,False,False,True,True
93202,primary_candidate_93202_1533,True,False,False,True,True
93202,primary_candidate_93202_1534,True,False,False,True,True
93202,primary_candidate_93202_1535,True,False,False,True,True
93202,primary_candidate_93202_1536,False,True,False,True,True
93202,primary_candidate_93202_1537,False,True,False,True,True
93202,primary_candidate_93202_1538,True,False,False,True,True
93202,primary_candidate_93202_1539,False,True,False,True,True
93202,primary_candidate_93202_1540,True,False,False,True,True
93202,primary_candidate_93202_1541,False,True,False,True,True
93202,primary_candidate_93202_1542,False,True,False,True,True
93202,primary_candidate_93202_1543,True,False,False,True,True
93202,primary_candidate_93202_1544,False,True,False,True,True
93202,primary_candidate_93202_1545,True,False,False,True,True
93202,primary_candidate_93202_1546,False,True,False,True,True
93202,primary_candidate_93202_1547,False,True,False,True,True
93202,primary_candidate_93202_1548,True,False,False,True,True
93202,primary_candidate_93202_1549,True,False,False,True,True
93202,primary_candidate_93202_1550,False,True,False,True,True
93202,primary_candidate_93202_1551,False,True,False,True,True
93202,primary_candidate_93202_1552,True,False,False,True,True
93202,primary_candidate_93202_1553,False,True,False,True,True
93202,primary_candidate_93202_1554,False,True,False,True,True
93202,primary_candidate_93202_1555,True,False,False,True,True
93202,primary_candidate_93202_1556,False,True,False,True,True
93202,primary_candidate_93202_1557,False,True,False,True,True
93202,primary_candidate_93202_1558,False,True,False,True,True
93202,primary_candidate_93202_1559,True,False,False,True,True
93202,primary_candidate_93202_1560,True,False,False,True,True
93202,primary_candidate_93202_1561,True,False,False,True,True
93202,primary_candidate_93202_1562,False,True,False,True,True
93202,primary_candidate_93202_1563,False,True,False,True,True
93202,primary_candidate_93202_1564,False,True,False,True,True
93202,primary_candidate_93202_1565,True,False,False,True,True
93202,primary_candidate_93202_1566,True,True,True,False,True
93202,primary_candidate_93202_1567,True,False,False,True,True
93202,primary_candidate_93202_1568,False,True,False,True,True
93202,primary_candidate_93202_1569,False,True,False,True,True
93202,primary_candidate_93202_1570,True,True,True,False,True
93202,primary_candidate_93202_1571,False,True,False,True,True
93202,primary_candidate_93202_1572,True,False,False,True,True
93202,primary_candidate_93202_1573,False,True,False,True,True
93202,primary_candidate_93202_1574,False,True,False,True,True
93202,primary_candidate_93202_1575,True,False,False,True,True
93202,primary_candidate_93202_1576,False,True,False,True,True
93202,primary_candidate_93202_1577,False,True,False,True,True
93202,primary_candidate_93202_1578,False,True,False,True,True
93202,primary_candidate_93202_1579,False,True,False,True,True
93202,primary_candidate_93202_1580,True,False,False,True,True
93202,primary_candidate_93202_1581,False,True,False,True,True
93202,primary_candidate_93202_1582,True,True,True,False,True
93202,primary_candidate_93202_1583,True,False,False,True,True
93202,primary_candidate_93202_1584,False,True,False,True,True
93202,primary_candidate_93202_1585,True,False,False,True,True
93202,primary_candidate_93202_1586,False,True,False,True,True
93202,primary_candidate_93202_1587,False,True,False,True,True
93202,primary_candidate_93202_1588,False,True,False,True,True
93202,primary_candidate_93202_1589,False,True,False,True,True
93202,primary_candidate_93202_1590,False,False,False,True,True
93202,primary_candidate_93202_1591,True,False,False,True,True
93202,primary_candidate_93202_1592,False,True,False,True,True
93202,primary_candidate_93202_1593,False,True,False,True,True
93202,primary_candidate_93202_1594,False,True,False,True,True
93202,primary_candidate_93202_1595,True,False,False,True,True
93202,primary_candidate_93202_1596,False,True,False,True,True
93202,primary_candidate_93202_1597,False,False,False,True,True
93202,primary_candidate_93202_1598,False,True,False,True,True
93202,primary_candidate_93202_1599,False,True,False,True,True
93202,primary_candidate_93202_1600,True,False,False,True,True
93202,primary_candidate_93202_1601,True,False,False,True,True
93202,primary_candidate_93202_1602,True,False,False,True,True
93202,primary_candidate_93202_1603,False,True,False,True,True
93202,primary_candidate_93202_1604,False,True,False,True,True
93202,primary_candidate_93202_1605,False,True,False,True,True
93202,primary_candidate_93202_1606,False,True,False,True,True
93202,primary_candidate_93202_1607,False,True,False,True,True
93202,primary_candidate_93202_1608,False,True,False,True,True
93202,primary_candidate_93202_1609,True,False,False,True,True
93202,primary_candidate_93202_1610,True,False,False,True,True
93202,primary_candidate_93202_1611,False,True,False,True,True
93202,primary_candidate_93202_1612,False,True,False,True,True
93202,primary_candidate_93202_1613,False,True,False,True,True
93202,primary_candidate_93202_1614,False,True,False,True,True
93202,primary_candidate_93202_1615,True,True,True,False,True
93202,primary_candidate_93202_1616,False,True,False,True,True
93202,primary_candidate_93202_1617,False,True,False,True,True
93202,primary_candidate_93202_1618,False,True,False,True,True
93202,primary_candidate_93202_1619,False,True,False,True,True
93202,primary_candidate_93202_1620,True,False,False,True,True
93202,primary_candidate_93202_1621,False,True,False,True,True
93202,primary_candidate_93202_1622,False,True,False,True,True
93202,primary_candidate_93202_1623,False,True,False,True,True
93202,primary_candidate_93202_1624,False,True,False,True,True
93202,primary_candidate_93202_1625,False,True,False,True,True
93202,primary_candidate_93202_1626,True,False,False,True,True
93202,primary_candidate_93202_1627,True,False,False,True,True
93202,primary_candidate_93202_1628,True,False,False,True,True
93202,primary_candidate_93202_1629,False,True,False,True,True
93202,primary_candidate_93202_1630,True,True,True,False,True
93202,primary_candidate_93202_1631,True,True,True,False,True
93202,primary_candidate_93202_1632,False,True,False,True,True
93202,primary_candidate_93202_1633,False,True,False,True,True
93202,primary_candidate_93202_1634,False,False,False,True,True
93202,primary_candidate_93202_1635,False,True,False,True,True
93202,primary_candidate_93202_1636,True,False,False,True,True
93202,primary_candidate_93202_1637,False,True,False,True,True
93202,primary_candidate_93202_1638,False,True,False,True,True
93202,primary_candidate_93202_1639,False,True,False,True,True
93202,primary_candidate_93202_1640,True,False,False,True,True
93202,primary_candidate_93202_1641,True,False,False,True,True
93202,primary_candidate_93202_1642,False,True,False,True,True
93202,primary_candidate_93202_1643,False,True,False,True,True
93202,primary_candidate_93202_1644,False,True,False,True,True
93202,primary_candidate_93202_1645,False,True,False,True,True
93202,primary_candidate_93202_1646,True,True,True,False,True
93202,primary_candidate_93202_1647,False,False,False,True,True
93202,primary_candidate_93202_1648,True,False,False,True,True
93202,primary_candidate_93202_1649,False,True,False,True,True
93202,primary_candidate_93202_1650,False,True,False,True,True
93202,primary_candidate_93202_1651,True,False,False,True,True
93202,primary_candidate_93202_1652,False,True,False,True,True
93202,primary_candidate_93202_1653,False,True,False,True,True
93202,primary_candidate_93202_1654,False,True,False,True,True
93202,primary_candidate_93202_1655,True,False,False,True,True
93202,primary_candidate_93202_1656,True,False,False,True,True
93202,primary_candidate_93202_1657,False,True,False,True,True
93202,primary_candidate_93202_1658,False,True,False,True,True
93202,primary_candidate_93202_1659,False,True,False,True,True
93202,primary_candidate_93202_1660,True,False,False,True,True
93202,primary_candidate_93202_1661,False,True,False,True,True
93202,primary_candidate_93202_1662,True,False,False,True,True
93202,primary_candidate_93202_1663,False,True,False,True,True
93202,primary_candidate_93202_1664,False,True,False,True,True
93202,primary_candidate_93202_1665,True,False,False,True,True
93202,primary_candidate_93202_1666,False,True,False,True,True
93202,primary_candidate_93202_1667,False,True,False,True,True
93202,primary_candidate_93202_1668,False,True,False,True,True
93202,primary_candidate_93202_1669,False,True,False,True,True
93202,primary_candidate_93202_1670,False,True,False,True,True
93202,primary_candidate_93202_1671,True,True,True,False,True
93202,primary_candidate_93202_1672,False,True,False,True,True
93202,primary_candidate_93202_1673,True,False,False,True,True
93202,primary_candidate_93202_1674,False,True,False,True,True
93202,primary_candidate_93202_1675,False,True,False,True,True
93202,primary_candidate_93202_1676,False,True,False,True,True
93202,primary_candidate_93202_1677,False,True,False,True,True
93202,primary_candidate_93202_1678,True,False,False,True,True
93202,primary_candidate_93202_1679,False,True,False,True,True
93202,primary_candidate_93202_1680,False,True,False,True,True
93202,primary_candidate_93202_1681,True,False,False,True,True
93202,primary_candidate_93202_1682,False,True,False,True,True
93202,primary_candidate_93202_1683,True,True,True,False,True
93202,primary_candidate_93202_1684,True,False,False,True,True
93202,primary_candidate_93202_1685,False,True,False,True,True
93202,primary_candidate_93202_1686,True,True,True,False,True
93202,primary_candidate_93202_1687,True,False,False,True,True
93202,primary_candidate_93202_1688,False,True,False,True,True
93202,primary_candidate_93202_1689,False,True,False,True,True
93202,primary_candidate_93202_1690,True,True,True,False,True
93202,primary_candidate_93202_1691,True,False,False,True,True
93202,primary_candidate_93202_1692,False,True,False,True,True
93202,primary_candidate_93202_1693,True,False,False,True,True
93202,primary_candidate_93202_1694,False,True,False,True,True
93202,primary_candidate_93202_1695,True,False,False,True,True
93202,primary_candidate_93202_1696,True,False,False,True,True
93202,primary_candidate_93202_1697,True,False,False,True,True
93202,primary_candidate_93202_1698,True,False,False,True,True
93202,primary_candidate_93202_1699,False,True,False,True,True
93202,primary_candidate_93202_1700,True,False,False,True,True
93202,primary_candidate_93202_1701,False,True,False,True,True
93202,primary_candidate_93202_1702,True,False,False,True,True
93202,primary_candidate_93202_1703,False,True,False,True,True
93202,primary_candidate_93202_1704,False,True,False,True,True
93202,primary_candidate_93202_1705,True,False,False,True,True
93202,primary_candidate_93202_1706,False,True,False,True,True
93202,primary_candidate_93202_1707,True,False,False,True,True
93202,primary_candidate_93202_1708,False,True,False,True,True
93202,primary_candidate_93202_1709,False,True,False,True,True
93202,primary_candidate_93202_1710,False,True,False,True,True
93202,primary_candidate_93202_1711,False,True,False,True,True
93202,primary_candidate_93202_1712,False,True,False,True,True
93202,primary_candidate_93202_1713,False,True,False,True,True
93202,primary_candidate_93202_1714,False,True,False,True,True
93202,primary_candidate_93202_1715,False,True,False,True,True
93202,primary_candidate_93202_1716,True,False,False,True,True
93202,primary_candidate_93202_1717,True,False,False,True,True
93202,primary_candidate_93202_1718,False,True,False,True,True
93202,primary_candidate_93202_1719,False,True,False,True,True
93202,primary_candidate_93202_1720,False,True,False,True,True
93202,primary_candidate_93202_1721,False,True,False,True,True
93202,primary_candidate_93202_1722,False,True,False,True,True
93202,primary_candidate_93202_1723,False,True,False,True,True
93202,primary_candidate_93202_1724,False,True,False,True,True
93202,primary_candidate_93202_1725,False,True,False,True,True
93202,primary_candidate_93202_1726,True,False,False,True,True
93202,primary_candidate_93202_1727,True,False,False,True,True
93202,primary_candidate_93202_1728,False,True,False,True,True
93202,primary_candidate_93202_1729,False,True,False,True,True
93202,primary_candidate_93202_1730,False,True,False,True,True
93202,primary_candidate_93202_1731,False,True,False,True,True
93202,primary_candidate_93202_1732,True,False,False,True,True
93202,primary_candidate_93202_1733,False,True,False,True,True
93202,primary_candidate_93202_1734,False,True,False,True,True
93202,primary_candidate_93202_1735,True,True,True,False,True
93202,primary_candidate_93202_1736,False,False,False,True,True
93202,primary_candidate_93202_1737,False,True,False,True,True
93202,primary_candidate_93202_1738,False,True,False,True,True
93202,primary_candidate_93202_1739,False,True,False,True,True
93202,primary_candidate_93202_1740,True,False,False,True,True
93202,primary_candidate_93202_1741,True,False,False,True,True
93202,primary_candidate_93202_1742,True,False,False,True,True
93202,primary_candidate_93202_1743,True,False,False,True,True
93202,primary_candidate_93202_1744,True,False,False,True,True
93202,primary_candidate_93202_1745,True,False,False,True,True
93202,primary_candidate_93202_1746,False,True,False,True,True
93202,primary_candidate_93202_1747,True,True,True,False,True
93202,primary_candidate_93202_1748,False,True,False,True,True
93202,primary_candidate_93202_1749,False,True,False,True,True
93202,primary_candidate_93202_1750,True,False,False,True,True
93202,primary_candidate_93202_1751,False,True,False,True,True
93202,primary_candidate_93202_1752,True,False,False,True,True
93202,primary_candidate_93202_1753,False,True,False,True,True
93202,primary_candidate_93202_1754,False,True,False,True,True
93202,primary_candidate_93202_1755,True,False,False,True,True
93202,primary_candidate_93202_1756,True,False,False,True,True
93202,primary_candidate_93202_1757,False,True,False,True,True
93202,primary_candidate_93202_1758,False,True,False,True,True
93202,primary_candidate_93202_1759,False,True,False,True,True
93202,primary_candidate_93202_1760,True,False,False,True,True
93202,primary_candidate_93202_1761,True,False,False,True,True
93202,primary_candidate_93202_1762,False,True,False,True,True
93202,primary_candidate_93202_1763,True,False,False,True,True
93202,primary_candidate_93202_1764,False,True,False,True,True
93202,primary_candidate_93202_1765,True,False,False,True,True
93202,primary_candidate_93202_1766,False,True,False,True,True
93202,primary_candidate_93202_1767,False,False,False,True,True
93202,primary_candidate_93202_1768,False,True,False,True,True
93202,primary_candidate_93202_1769,False,True,False,True,True
93202,primary_candidate_93202_1770,False,True,False,True,True
93202,primary_candidate_93202_1771,True,False,False,True,True
93202,primary_candidate_93202_1772,False,True,False,True,True
93202,primary_candidate_93202_1773,False,True,False,True,True
93202,primary_candidate_93202_1774,False,True,False,True,True
93202,primary_candidate_93202_1775,False,True,False,True,True
93202,primary_candidate_93202_1776,False,True,False,True,True
93202,primary_candidate_93202_1777,True,False,False,True,True
93202,primary_candidate_93202_1778,False,True,False,True,True
93202,primary_candidate_93202_1779,False,True,False,True,True
93202,primary_candidate_93202_1780,True,False,False,True,True
93202,primary_candidate_93202_1781,True,False,False,True,True
93202,primary_candidate_93202_1782,True,False,False,True,True
93202,primary_candidate_93202_1783,True,False,False,True,True
93202,primary_candidate_93202_1784,False,True,False,True,True
93202,primary_candidate_93202_1785,False,True,False,True,True
93202,primary_candidate_93202_1786,True,False,False,True,True
93202,primary_candidate_93202_1787,False,True,False,True,True
93202,primary_candidate_93202_1788,False,False,False,True,True
93202,primary_candidate_93202_1789,False,True,False,True,True
93202,primary_candidate_93202_1790,True,False,False,True,True
93202,primary_candidate_93202_1791,False,True,False,True,True
93202,primary_candidate_93202_1792,False,True,False,True,True
93202,primary_candidate_93202_1793,False,True,False,True,True
93202,primary_candidate_93202_1794,False,True,False,True,True
93202,primary_candidate_93202_1795,True,False,False,True,True
93202,primary_candidate_93202_1796,False,True,False,True,True
93202,primary_candidate_93202_1797,False,True,False,True,True
93202,primary_candidate_93202_1798,False,True,False,True,True
93202,primary_candidate_93202_1799,False,True,False,True,True
93202,primary_candidate_93202_1800,True,False,False,True,True
93202,primary_candidate_93202_1801,False,True,False,True,True
93202,primary_candidate_93202_1802,False,True,False,True,True
93202,primary_candidate_93202_1803,False,True,False,True,True
93202,primary_candidate_93202_1804,True,False,False,True,True
93202,primary_candidate_93202_1805,False,True,False,True,True
93202,primary_candidate_93202_1806,True,True,True,False,True
93202,primary_candidate_93202_1807,False,True,False,True,True
93202,primary_candidate_93202_1808,False,True,False,True,True
93202,primary_candidate_93202_1809,False,True,False,True,True
93202,primary_candidate_93202_1810,True,True,True,False,True
93202,primary_candidate_93202_1811,False,True,False,True,True
93202,primary_candidate_93202_1812,True,False,False,True,True
93202,primary_candidate_93202_1813,False,True,False,True,True
93202,primary_candidate_93202_1814,True,True,True,False,True
93202,primary_candidate_93202_1815,False,True,False,True,True
93202,primary_candidate_93202_1816,True,True,True,False,True
93202,primary_candidate_93202_1817,True,False,False,True,True
93202,primary_candidate_93202_1818,False,True,False,True,True
93202,primary_candidate_93202_1819,True,False,False,True,True
93202,primary_candidate_93202_1820,False,True,False,True,True
93202,primary_candidate_93202_1821,True,True,True,False,True
93202,primary_candidate_93202_1822,False,True,False,True,True
93202,primary_candidate_93202_1823,False,True,False,True,True
93202,primary_candidate_93202_1824,False,True,False,True,True
93202,primary_candidate_93202_1825,True,True,True,False,True
93202,primary_candidate_93202_1826,False,True,False,True,True
93202,primary_candidate_93202_1827,True,False,False,True,True
93202,primary_candidate_93202_1828,False,True,False,True,True
93202,primary_candidate_93202_1829,True,False,False,True,True
93202,primary_candidate_93202_1830,True,False,False,True,True
93202,primary_candidate_93202_1831,True,False,False,True,True
93202,primary_candidate_93202_1832,True,False,False,True,True
93202,primary_candidate_93202_1833,False,True,False,True,True
93202,primary_candidate_93202_1834,False,True,False,True,True
93202,primary_candidate_93202_1835,True,False,False,True,True
93202,primary_candidate_93202_1836,True,False,False,True,True
93202,primary_candidate_93202_1837,True,False,False,True,True
93202,primary_candidate_93202_1838,False,True,False,True,True
93202,primary_candidate_93202_1839,False,True,False,True,True
93202,primary_candidate_93202_1840,False,True,False,True,True
93202,primary_candidate_93202_1841,False,True,False,True,True
93202,primary_candidate_93202_1842,True,False,False,True,True
93202,primary_candidate_93202_1843,True,False,False,True,True
93202,primary_candidate_93202_1844,False,True,False,True,True
93202,primary_candidate_93202_1845,False,True,False,True,True
93202,primary_candidate_93202_1846,True,False,False,True,True
93202,primary_candidate_93202_1847,False,True,False,True,True
93202,primary_candidate_93202_1848,False,True,False,True,True
93202,primary_candidate_93202_1849,False,True,False,True,True
93202,primary_candidate_93202_1850,False,True,False,True,True
93202,primary_candidate_93202_1851,True,False,False,True,True
93202,primary_candidate_93202_1852,False,False,False,True,True
93202,primary_candidate_93202_1853,False,True,False,True,True
93202,primary_candidate_93202_1854,False,True,False,True,True
93202,primary_candidate_93202_1855,True,False,False,True,True
93202,primary_candidate_93202_1856,True,False,False,True,True
93202,primary_candidate_93202_1857,True,False,False,True,True
93202,primary_candidate_93202_1858,True,False,False,True,True
93202,primary_candidate_93202_1859,True,False,False,True,True
93202,primary_candidate_93202_1860,True,False,False,True,True
93202,primary_candidate_93202_1861,False,True,False,True,True
93202,primary_candidate_93202_1862,True,False,False,True,True
93202,primary_candidate_93202_1863,False,True,False,True,True
93202,primary_candidate_93202_1864,True,False,False,True,True
93202,primary_candidate_93202_1865,True,False,False,True,True
93202,primary_candidate_93202_1866,True,True,True,False,True
93202,primary_candidate_93202_1867,False,True,False,True,True
93202,primary_candidate_93202_1868,False,True,False,True,True
93202,primary_candidate_93202_1869,False,True,False,True,True
93202,primary_candidate_93202_1870,False,True,False,True,True
93202,primary_candidate_93202_1871,True,False,False,True,True
93202,primary_candidate_93202_1872,False,True,False,True,True
93202,primary_candidate_93202_1873,False,True,False,True,True
93202,primary_candidate_93202_1874,False,True,False,True,True
93202,primary_candidate_93202_1875,True,False,False,True,True
93202,primary_candidate_93202_1876,True,False,False,True,True
93202,primary_candidate_93202_1877,False,True,False,True,True
93202,primary_candidate_93202_1878,False,True,False,True,True
93202,primary_candidate_93202_1879,False,True,False,True,True
93202,primary_candidate_93202_1880,False,True,False,True,True
93202,primary_candidate_93202_1881,False,True,False,True,True
93202,primary_candidate_93202_1882,True,False,False,True,True
93202,primary_candidate_93202_1883,False,True,False,True,True
93202,primary_candidate_93202_1884,True,False,False,True,True
93202,primary_candidate_93202_1885,True,False,False,True,True
93202,primary_candidate_93202_1886,True,False,False,True,True
93202,primary_candidate_93202_1887,True,False,False,True,True
93202,primary_candidate_93202_1888,True,False,False,True,True
93202,primary_candidate_93202_1889,False,True,False,True,True
93202,primary_candidate_93202_1890,False,True,False,True,True
93202,primary_candidate_93202_1891,False,True,False,True,True
93202,primary_candidate_93202_1892,True,False,False,True,True
93202,primary_candidate_93202_1893,False,True,False,True,True
93202,primary_candidate_93202_1894,True,False,False,True,True
93202,primary_candidate_93202_1895,False,True,False,True,True
93202,primary_candidate_93202_1896,True,True,True,False,True
93202,primary_candidate_93202_1897,True,False,False,True,True
93202,primary_candidate_93202_1898,False,True,False,True,True
93202,primary_candidate_93202_1899,False,False,False,True,True
93202,primary_candidate_93202_1900,False,True,False,True,True
93202,primary_candidate_93202_1901,True,False,False,True,True
93202,primary_candidate_93202_1902,False,True,False,True,True
93202,primary_candidate_93202_1903,True,False,False,True,True
93202,primary_candidate_93202_1904,False,True,False,True,True
93202,primary_candidate_93202_1905,False,True,False,True,True
93202,primary_candidate_93202_1906,True,False,False,True,True
93202,primary_candidate_93202_1907,True,False,False,True,True
93202,primary_candidate_93202_1908,True,False,False,True,True
93202,primary_candidate_93202_1909,False,True,False,True,True
93202,primary_candidate_93202_1910,True,False,False,True,True
93202,primary_candidate_93202_1911,True,False,False,True,True
93202,primary_candidate_93202_1912,False,True,False,True,True
93202,primary_candidate_93202_1913,False,True,False,True,True
93202,primary_candidate_93202_1914,True,False,False,True,True
93202,primary_candidate_93202_1915,False,True,False,True,True
93202,primary_candidate_93202_1916,False,True,False,True,True
93202,primary_candidate_93202_1917,True,False,False,True,True
93202,primary_candidate_93202_1918,False,True,False,True,True
93202,primary_candidate_93202_1919,True,False,False,True,True
93202,primary_candidate_93202_1920,True,False,False,True,True
93202,primary_candidate_93202_1921,False,True,False,True,True
93202,primary_candidate_93202_1922,True,False,False,True,True
93202,primary_candidate_93202_1923,False,True,False,True,True
93202,primary_candidate_93202_1924,False,True,False,True,True
93202,primary_candidate_93202_1925,True,False,False,True,True
93202,primary_candidate_93202_1926,False,True,False,True,True
93202,primary_candidate_93202_1927,False,True,False,True,True
93202,primary_candidate_93202_1928,False,True,False,True,True
93202,primary_candidate_93202_1929,True,True,True,False,True
93202,primary_candidate_93202_1930,False,True,False,True,True
93202,primary_candidate_93202_1931,True,True,True,False,True
93202,primary_candidate_93202_1932,True,False,False,True,True
93202,primary_candidate_93202_1933,False,True,False,True,True
93202,primary_candidate_93202_1934,False,True,False,True,True
93202,primary_candidate_93202_1935,True,False,False,True,True
93202,primary_candidate_93202_1936,False,True,False,True,True
93202,primary_candidate_93202_1937,False,True,False,True,True
93202,primary_candidate_93202_1938,False,True,False,True,True
93202,primary_candidate_93202_1939,False,True,False,True,True
93202,primary_candidate_93202_1940,False,True,False,True,True
93202,primary_candidate_93202_1941,True,False,False,True,True
93202,primary_candidate_93202_1942,True,False,False,True,True
93202,primary_candidate_93202_1943,False,True,False,True,True
93202,primary_candidate_93202_1944,True,True,True,False,True
93202,primary_candidate_93202_1945,True,True,True,False,True
93202,primary_candidate_93202_1946,True,False,False,True,True
93202,primary_candidate_93202_1947,False,True,False,True,True
93202,primary_candidate_93202_1948,False,False,False,True,True
93202,primary_candidate_93202_1949,True,False,False,True,True
93202,primary_candidate_93202_1950,True,False,False,True,True
93202,primary_candidate_93202_1951,True,False,False,True,True
93202,primary_candidate_93202_1952,True,False,False,True,True
93202,primary_candidate_93202_1953,False,True,False,True,True
93202,primary_candidate_93202_1954,False,True,False,True,True
93202,primary_candidate_93202_1955,True,False,False,True,True
93202,primary_candidate_93202_1956,False,True,False,True,True
93202,primary_candidate_93202_1957,True,False,False,True,True
93202,primary_candidate_93202_1958,False,True,False,True,True
93202,primary_candidate_93202_1959,True,False,False,True,True
93202,primary_candidate_93202_1960,False,True,False,True,True
93202,primary_candidate_93202_1961,True,False,False,True,True
93202,primary_candidate_93202_1962,True,False,False,True,True
93202,primary_candidate_93202_1963,False,True,False,True,True
93202,primary_candidate_93202_1964,False,True,False,True,True
93202,primary_candidate_93202_1965,False,True,False,True,True
93202,primary_candidate_93202_1966,True,False,False,True,True
93202,primary_candidate_93202_1967,True,False,False,True,True
93202,primary_candidate_93202_1968,False,True,False,True,True
93202,primary_candidate_93202_1969,False,True,False,True,True
93202,primary_candidate_93202_1970,True,True,True,False,True
93202,primary_candidate_93202_1971,False,True,False,True,True
93202,primary_candidate_93202_1972,True,False,False,True,True
93202,primary_candidate_93202_1973,False,True,False,True,True
93202,primary_candidate_93202_1974,False,True,False,True,True
93202,primary_candidate_93202_1975,True,False,False,True,True
93202,primary_candidate_93202_1976,False,True,False,True,True
93202,primary_candidate_93202_1977,False,True,False,True,True
93202,primary_candidate_93202_1978,False,True,False,True,True
93202,primary_candidate_93202_1979,False,True,False,True,True
93202,primary_candidate_93202_1980,True,False,False,True,True
93202,primary_candidate_93202_1981,True,False,False,True,True
93202,primary_candidate_93202_1982,True,False,False,True,True
93202,primary_candidate_93202_1983,False,True,False,True,True
93202,primary_candidate_93202_1984,True,False,False,True,True
93202,primary_candidate_93202_1985,False,True,False,True,True
93202,primary_candidate_93202_1986,True,False,False,True,True
93202,primary_candidate_93202_1987,True,False,False,True,True
93202,primary_candidate_93202_1988,False,True,False,True,True
93202,primary_candidate_93202_1989,True,False,False,True,True
93202,primary_candidate_93202_1990,False,True,False,True,True
93202,primary_candidate_93202_1991,False,True,False,True,True
93202,primary_candidate_93202_1992,True,False,False,True,True
93202,primary_candidate_93202_1993,False,True,False,True,True
93202,primary_candidate_93202_1994,False,True,False,True,True
93202,primary_candidate_93202_1995,True,False,False,True,True
93202,primary_candidate_93202_1996,True,False,False,True,True
93202,primary_candidate_93202_1997,False,True,False,True,True
93202,primary_candidate_93202_1998,False,True,False,True,True
93202,primary_candidate_93202_1999,False,True,False,True,True
93202,primary_candidate_93202_2000,True,False,False,True,True
93202,primary_candidate_93202_2001,False,True,False,True,True
93202,primary_candidate_93202_2002,False,True,False,True,True
93202,primary_candidate_93202_2003,False,True,False,True,True
93202,primary_candidate_93202_2004,False,True,False,True,True
93202,primary_candidate_93202_2005,False,True,False,True,True
93202,primary_candidate_93202_2006,True,False,False,True,True
93202,primary_candidate_93202_2007,False,True,False,True,True
93202,primary_candidate_93202_2008,True,False,False,True,True
93202,primary_candidate_93202_2009,False,True,False,True,True
93202,primary_candidate_93202_2010,False,True,False,True,True
93202,primary_candidate_93202_2011,True,True,True,False,True
93202,primary_candidate_93202_2012,False,True,False,True,True
93202,primary_candidate_93202_2013,False,True,False,True,True
93202,primary_candidate_93202_2014,False,True,False,True,True
93202,primary_candidate_93202_2015,False,True,False,True,True
93202,primary_candidate_93202_2016,False,True,False,True,True
93202,primary_candidate_93202_2017,True,False,False,True,True
93202,primary_candidate_93202_2018,False,True,False,True,True
93202,primary_candidate_93202_2019,True,False,False,True,True
93202,primary_candidate_93202_2020,False,True,False,True,True
93202,primary_candidate_93202_2021,False,True,False,True,True
93202,primary_candidate_93202_2022,False,True,False,True,True
93202,primary_candidate_93202_2023,False,True,False,True,True
93202,primary_candidate_93202_2024,False,True,False,True,True
93202,primary_candidate_93202_2025,True,False,False,True,True
93202,primary_candidate_93202_2026,True,False,False,True,True
93202,primary_candidate_93202_2027,False,True,False,True,True
93202,primary_candidate_93202_2028,False,True,False,True,True
93202,primary_candidate_93202_2029,True,False,False,True,True
93202,primary_candidate_93202_2030,True,False,False,True,True
93202,primary_candidate_93202_2031,False,True,False,True,True
93202,primary_candidate_93202_2032,True,False,False,True,True
93202,primary_candidate_93202_2033,True,False,False,True,True
93202,primary_candidate_93202_2034,False,True,False,True,True
93202,primary_candidate_93202_2035,False,True,False,True,True
93202,primary_candidate_93202_2036,True,True,True,False,True
93202,primary_candidate_93202_2037,True,True,True,False,True
93202,primary_candidate_93202_2038,False,True,False,True,True
93202,primary_candidate_93202_2039,False,True,False,True,True
93202,primary_candidate_93202_2040,False,True,False,True,True
93202,primary_candidate_93202_2041,True,True,True,False,True
93202,primary_candidate_93202_2042,False,True,False,True,True
93202,primary_candidate_93202_2043,False,True,False,True,True
93202,primary_candidate_93202_2044,False,True,False,True,True
93202,primary_candidate_93202_2045,True,False,False,True,True
93202,primary_candidate_93202_2046,True,False,False,True,True
93202,primary_candidate_93202_2047,False,True,False,True,True
93202,primary_candidate_93202_2048,True,False,False,True,True
93202,primary_candidate_93202_2049,False,True,False,True,True
93202,primary_candidate_93202_2050,False,True,False,True,True
93202,primary_candidate_93202_2051,False,True,False,True,True
93202,primary_candidate_93202_2052,True,False,False,True,True
93202,primary_candidate_93202_2053,False,True,False,True,True
93202,primary_candidate_93202_2054,False,True,False,True,True
93202,primary_candidate_93202_2055,True,False,False,True,True
93202,primary_candidate_93202_2056,False,True,False,True,True
93202,primary_candidate_93202_2057,False,True,False,True,True
93202,primary_candidate_93202_2058,False,True,False,True,True
93202,primary_candidate_93202_2059,False,True,False,True,True
93202,primary_candidate_93202_2060,True,True,True,False,True
93202,primary_candidate_93202_2061,False,True,False,True,True
93202,primary_candidate_93202_2062,False,True,False,True,True
93202,primary_candidate_93202_2063,False,True,False,True,True
93202,primary_candidate_93202_2064,False,True,False,True,True
93202,primary_candidate_93202_2065,True,False,False,True,True
93202,primary_candidate_93202_2066,True,False,False,True,True
93202,primary_candidate_93202_2067,False,True,False,True,True
93202,primary_candidate_93202_2068,False,True,False,True,True
93202,primary_candidate_93202_2069,False,True,False,True,True
93202,primary_candidate_93202_2070,True,False,False,True,True
93202,primary_candidate_93202_2071,True,False,False,True,True
93202,primary_candidate_93202_2072,True,False,False,True,True
93202,primary_candidate_93202_2073,True,False,False,True,True
93202,primary_candidate_93202_2074,True,False,False,True,True
93202,primary_candidate_93202_2075,False,True,False,True,True
93202,primary_candidate_93202_2076,True,True,True,False,True
93202,primary_candidate_93202_2077,True,False,False,True,True
93202,primary_candidate_93202_2078,True,True,True,False,True
93202,primary_candidate_93202_2079,True,False,False,True,True
93202,primary_candidate_93202_2080,False,True,False,True,True
93202,primary_candidate_93202_2081,True,False,False,True,True
93202,primary_candidate_93202_2082,False,True,False,True,True
93202,primary_candidate_93202_2083,False,True,False,True,True
93202,primary_candidate_93202_2084,True,False,False,True,True
93202,primary_candidate_93202_2085,False,True,False,True,True
93202,primary_candidate_93202_2086,True,False,False,True,True
93202,primary_candidate_93202_2087,True,False,False,True,True
93202,primary_candidate_93202_2088,False,True,False,True,True
93202,primary_candidate_93202_2089,False,True,False,True,True
93202,primary_candidate_93202_2090,False,True,False,True,True
93202,primary_candidate_93202_2091,False,True,False,True,True
93202,primary_candidate_93202_2092,True,False,False,True,True
93202,primary_candidate_93202_2093,False,True,False,True,True
93202,primary_candidate_93202_2094,True,False,False,True,True
93202,primary_candidate_93202_2095,True,True,True,False,True
93202,primary_candidate_93202_2096,False,True,False,True,True
93202,primary_candidate_93202_2097,True,False,False,True,True
93202,primary_candidate_93202_2098,False,True,False,True,True
93202,primary_candidate_93202_2099,False,True,False,True,True
93202,primary_candidate_93202_2100,False,True,False,True,True
93202,primary_candidate_93202_2101,True,True,True,False,True
93202,primary_candidate_93202_2102,True,False,False,True,True
93202,primary_candidate_93202_2103,False,True,False,True,True
93202,primary_candidate_93202_2104,False,False,False,True,True
93202,primary_candidate_93202_2105,False,True,False,True,True
93202,primary_candidate_93202_2106,False,True,False,True,True
93202,primary_candidate_93202_2107,True,False,False,True,True
93202,primary_candidate_93202_2108,False,True,False,True,True
93202,primary_candidate_93202_2109,False,True,False,True,True
93202,primary_candidate_93202_2110,True,False,False,True,True
93202,primary_candidate_93202_2111,False,True,False,True,True
93202,primary_candidate_93202_2112,False,True,False,True,True
93202,primary_candidate_93202_2113,False,True,False,True,True
93202,primary_candidate_93202_2114,False,True,False,True,True
93202,primary_candidate_93202_2115,False,True,False,True,True
93202,primary_candidate_93202_2116,True,False,False,True,True
93202,primary_candidate_93202_2117,False,False,False,True,True
93202,primary_candidate_93202_2118,False,True,False,True,True
93202,primary_candidate_93202_2119,False,True,False,True,True
93202,primary_candidate_93202_2120,True,False,False,True,True
93202,primary_candidate_93202_2121,False,True,False,True,True
93202,primary_candidate_93202_2122,True,False,False,True,True
93202,primary_candidate_93202_2123,False,True,False,True,True
93202,primary_candidate_93202_2124,False,False,False,True,True
93202,primary_candidate_93202_2125,True,False,False,True,True
93202,primary_candidate_93202_2126,False,True,False,True,True
93202,primary_candidate_93202_2127,True,False,False,True,True
93202,primary_candidate_93202_2128,True,False,False,True,True
93202,primary_candidate_93202_2129,False,True,False,True,True
93202,primary_candidate_93202_2130,True,True,True,False,True
93202,primary_candidate_93202_2131,True,True,True,False,True
93202,primary_candidate_93202_2132,False,False,False,True,True
93202,primary_candidate_93202_2133,False,True,False,True,True
93202,primary_candidate_93202_2134,False,True,False,True,True
93202,primary_candidate_93202_2135,True,False,False,True,True
93202,primary_candidate_93202_2136,True,False,False,True,True
93202,primary_candidate_93202_2137,False,True,False,True,True
93202,primary_candidate_93202_2138,False,True,False,True,True
93202,primary_candidate_93202_2139,False,True,False,True,True
93202,primary_candidate_93202_2140,True,False,False,True,True
93202,primary_candidate_93202_2141,True,True,True,False,True
93202,primary_candidate_93202_2142,True,False,False,True,True
93202,primary_candidate_93202_2143,False,True,False,True,True
93202,primary_candidate_93202_2144,False,True,False,True,True
93202,primary_candidate_93202_2145,True,False,False,True,True
93202,primary_candidate_93202_2146,True,False,False,True,True
93202,primary_candidate_93202_2147,False,True,False,True,True
93202,primary_candidate_93202_2148,False,True,False,True,True
93202,primary_candidate_93202_2149,False,True,False,True,True
93202,primary_candidate_93202_2150,True,False,False,True,True
93202,primary_candidate_93202_2151,True,False,False,True,True
93202,primary_candidate_93202_2152,False,True,False,True,True
93202,primary_candidate_93202_2153,True,False,False,True,True
93202,primary_candidate_93202_2154,True,False,False,True,True
93202,primary_candidate_93202_2155,True,False,False,True,True
93202,primary_candidate_93202_2156,True,False,False,True,True
93202,primary_candidate_93202_2157,False,True,False,True,True
93202,primary_candidate_93202_2158,True,False,False,True,True
93202,primary_candidate_93202_2159,False,True,False,True,True
93202,primary_candidate_93202_2160,False,True,False,True,True
93202,primary_candidate_93202_2161,True,False,False,True,True
93202,primary_candidate_93202_2162,False,True,False,True,True
93202,primary_candidate_93202_2163,False,True,False,True,True
93202,primary_candidate_93202_2164,False,True,False,True,True
93202,primary_candidate_93202_2165,False,True,False,True,True
93202,primary_candidate_93202_2166,True,False,False,True,True
93202,primary_candidate_93202_2167,True,False,False,True,True
93202,primary_candidate_93202_2168,False,True,False,True,True
93202,primary_candidate_93202_2169,False,True,False,True,True
93202,primary_candidate_93202_2170,True,False,False,True,True
93202,primary_candidate_93202_2171,True,False,False,True,True
93202,primary_candidate_93202_2172,False,True,False,True,True
93202,primary_candidate_93202_2173,False,True,False,True,True
93202,primary_candidate_93202_2174,False,True,False,True,True
93202,primary_candidate_93202_2175,True,False,False,True,True
93202,primary_candidate_93202_2176,False,True,False,True,True
93202,primary_candidate_93202_2177,False,True,False,True,True
93202,primary_candidate_93202_2178,False,True,False,True,True
93202,primary_candidate_93202_2179,False,True,False,True,True
93202,primary_candidate_93202_2180,True,True,True,False,True
93202,primary_candidate_93202_2181,False,True,False,True,True
93202,primary_candidate_93202_2182,True,False,False,True,True
93202,primary_candidate_93202_2183,False,True,False,True,True
93202,primary_candidate_93202_2184,False,True,False,True,True
93202,primary_candidate_93202_2185,True,True,True,False,True
93202,primary_candidate_93202_2186,True,True,True,False,True
93202,primary_candidate_93202_2187,True,False,False,True,True
93202,primary_candidate_93202_2188,False,True,False,True,True
93202,primary_candidate_93202_2189,False,True,False,True,True
93202,primary_candidate_93202_2190,True,True,True,False,True
93202,primary_candidate_93202_2191,False,True,False,True,True
93202,primary_candidate_93202_2192,False,True,False,True,True
93202,primary_candidate_93202_2193,True,False,False,True,True
93202,primary_candidate_93202_2194,False,True,False,True,True
93202,primary_candidate_93202_2195,False,True,False,True,True
93202,primary_candidate_93202_2196,False,True,False,True,True
93202,primary_candidate_93202_2197,True,False,False,True,True
93202,primary_candidate_93202_2198,False,True,False,True,True
93202,primary_candidate_93202_2199,False,False,False,True,True
93202,primary_candidate_93202_2200,False,True,False,True,True
93202,primary_candidate_93202_2201,False,True,False,True,True
93202,primary_candidate_93202_2202,False,True,False,True,True
93202,primary_candidate_93202_2203,False,True,False,True,True
93202,primary_candidate_93202_2204,False,True,False,True,True
93202,primary_candidate_93202_2205,True,True,True,False,True
93202,primary_candidate_93202_2206,True,False,False,True,True
93202,primary_candidate_93202_2207,False,True,False,True,True
93202,primary_candidate_93202_2208,False,True,False,True,True
93202,primary_candidate_93202_2209,False,True,False,True,True
93202,primary_candidate_93202_2210,False,True,False,True,True
93202,primary_candidate_93202_2211,True,False,False,True,True
93202,primary_candidate_93202_2212,False,True,False,True,True
93202,primary_candidate_93202_2213,False,True,False,True,True
93202,primary_candidate_93202_2214,False,True,False,True,True
93202,primary_candidate_93202_2215,True,False,False,True,True
93202,primary_candidate_93202_2216,False,True,False,True,True
93202,primary_candidate_93202_2217,False,False,False,True,True
93202,primary_candidate_93202_2218,False,True,False,True,True
93202,primary_candidate_93202_2219,False,True,False,True,True
93202,primary_candidate_93202_2220,False,True,False,True,True
93202,primary_candidate_93202_2221,True,False,False,True,True
93202,primary_candidate_93202_2222,True,False,False,True,True
93202,primary_candidate_93202_2223,False,True,False,True,True
93202,primary_candidate_93202_2224,False,True,False,True,True
93202,primary_candidate_93202_2225,False,True,False,True,True
93202,primary_candidate_93202_2226,True,True,True,False,True
93202,primary_candidate_93202_2227,False,True,False,True,True
93202,primary_candidate_93202_2228,False,True,False,True,True
93202,primary_candidate_93202_2229,False,True,False,True,True
93202,primary_candidate_93202_2230,True,False,False,True,True
93202,primary_candidate_93202_2231,True,False,False,True,True
93202,primary_candidate_93202_2232,False,True,False,True,True
93202,primary_candidate_93202_2233,False,True,False,True,True
93202,primary_candidate_93202_2234,False,True,False,True,True
93202,primary_candidate_93202_2235,True,False,False,True,True
93202,primary_candidate_93202_2236,False,True,False,True,True
93202,primary_candidate_93202_2237,True,False,False,True,True
93202,primary_candidate_93202_2238,False,True,False,True,True
93202,primary_candidate_93202_2239,False,True,False,True,True
93202,primary_candidate_93202_2240,False,True,False,True,True
93202,primary_candidate_93202_2241,True,False,False,True,True
93202,primary_candidate_93202_2242,False,True,False,True,True
93202,primary_candidate_93202_2243,True,False,False,True,True
93202,primary_candidate_93202_2244,False,True,False,True,True
93202,primary_candidate_93202_2245,True,False,False,True,True
93202,primary_candidate_93202_2246,False,True,False,True,True
93202,primary_candidate_93202_2247,False,True,False,True,True
93202,primary_candidate_93202_2248,True,False,False,True,True
93202,primary_candidate_93202_2249,False,True,False,True,True
93202,primary_candidate_93202_2250,True,False,False,True,True
93202,primary_candidate_93202_2251,False,True,False,True,True
93202,primary_candidate_93202_2252,False,True,False,True,True
93202,primary_candidate_93202_2253,False,True,False,True,True
93202,primary_candidate_93202_2254,False,True,False,True,True
93202,primary_candidate_93202_2255,True,False,False,True,True
93202,primary_candidate_93202_2256,True,True,True,False,True
93202,primary_candidate_93202_2257,True,False,False,True,True
93202,primary_candidate_93202_2258,True,False,False,True,True
93202,primary_candidate_93202_2259,False,True,False,True,True
93202,primary_candidate_93202_2260,True,False,False,True,True
93202,primary_candidate_93202_2261,False,True,False,True,True
93202,primary_candidate_93202_2262,False,True,False,True,True
93202,primary_candidate_93202_2263,False,True,False,True,True
93202,primary_candidate_93202_2264,False,True,False,True,True
93202,primary_candidate_93202_2265,False,True,False,True,True
93202,primary_candidate_93202_2266,True,False,False,True,True
93202,primary_candidate_93202_2267,False,True,False,True,True
93202,primary_candidate_93202_2268,False,True,False,True,True
93202,primary_candidate_93202_2269,False,True,False,True,True
93202,primary_candidate_93202_2270,False,True,False,True,True
93202,primary_candidate_93202_2271,True,True,True,False,True
93202,primary_candidate_93202_2272,False,True,False,True,True
93202,primary_candidate_93202_2273,False,True,False,True,True
93202,primary_candidate_93202_2274,False,True,False,True,True
93202,primary_candidate_93202_2275,False,True,False,True,True
93202,primary_candidate_93202_2276,False,True,False,True,True
93202,primary_candidate_93202_2277,False,True,False,True,True
93202,primary_candidate_93202_2278,False,True,False,True,True
93202,primary_candidate_93202_2279,False,True,False,True,True
93202,primary_candidate_93202_2280,True,False,False,True,True
93202,primary_candidate_93202_2281,False,True,False,True,True
93202,primary_candidate_93202_2282,False,True,False,True,True
93202,primary_candidate_93202_2283,False,True,False,True,True
93202,primary_candidate_93202_2284,False,True,False,True,True
93202,primary_candidate_93202_2285,True,False,False,True,True
93202,primary_candidate_93202_2286,True,True,True,False,True
93202,primary_candidate_93202_2287,False,True,False,True,True
93202,primary_candidate_93202_2288,False,True,False,True,True
93202,primary_candidate_93202_2289,False,True,False,True,True
93202,primary_candidate_93202_2290,True,False,False,True,True
93202,primary_candidate_93202_2291,True,True,True,False,True
93202,primary_candidate_93202_2292,True,False,False,True,True
93202,primary_candidate_93202_2293,False,True,False,True,True
93202,primary_candidate_93202_2294,False,True,False,True,True
93202,primary_candidate_93202_2295,True,False,False,True,True
93202,primary_candidate_93202_2296,False,True,False,True,True
93202,primary_candidate_93202_2297,False,True,False,True,True
93202,primary_candidate_93202_2298,False,True,False,True,True
93202,primary_candidate_93202_2299,True,False,False,True,True
93202,primary_candidate_93202_2300,False,True,False,True,True
93202,primary_candidate_93202_2301,False,True,False,True,True
93202,primary_candidate_93202_2302,True,False,False,True,True
93202,primary_candidate_93202_2303,False,True,False,True,True
93202,primary_candidate_93202_2304,False,True,False,True,True
93202,primary_candidate_93202_2305,False,True,False,True,True
93202,primary_candidate_93202_2306,False,True,False,True,True
93202,primary_candidate_93202_2307,True,False,False,True,True
93202,primary_candidate_93202_2308,False,True,False,True,True
93202,primary_candidate_93202_2309,False,True,False,True,True
93202,primary_candidate_93202_2310,True,False,False,True,True
93202,primary_candidate_93202_2311,True,False,False,True,True
93202,primary_candidate_93202_2312,False,True,False,True,True
93202,primary_candidate_93202_2313,True,False,False,True,True
93202,primary_candidate_93202_2314,True,False,False,True,True
93202,primary_candidate_93202_2315,False,True,False,True,True
93202,primary_candidate_93202_2316,True,False,False,True,True
93202,primary_candidate_93202_2317,False,True,False,True,True
93202,primary_candidate_93202_2318,False,True,False,True,True
93202,primary_candidate_93202_2319,False,True,False,True,True
93202,primary_candidate_93202_2320,True,False,False,True,True
93202,primary_candidate_93202_2321,True,True,True,False,True
93202,primary_candidate_93202_2322,False,True,False,True,True
93202,primary_candidate_93202_2323,False,True,False,True,True
93202,primary_candidate_93202_2324,False,True,False,True,True
93202,primary_candidate_93202_2325,True,False,False,True,True
93202,primary_candidate_93202_2326,True,False,False,True,True
93202,primary_candidate_93202_2327,False,True,False,True,True
93202,primary_candidate_93202_2328,False,True,False,True,True
93202,primary_candidate_93202_2329,False,True,False,True,True
93202,primary_candidate_93202_2330,False,True,False,True,True
93202,primary_candidate_93202_2331,True,False,False,True,True
93202,primary_candidate_93202_2332,False,True,False,True,True
93202,primary_candidate_93202_2333,True,True,True,False,True
93202,primary_candidate_93202_2334,False,True,False,True,True
93202,primary_candidate_93202_2335,False,True,False,True,True
93202,primary_candidate_93202_2336,True,True,True,False,True
93202,primary_candidate_93202_2337,False,True,False,True,True
93202,primary_candidate_93202_2338,False,True,False,True,True
93202,primary_candidate_93202_2339,False,True,False,True,True
93202,primary_candidate_93202_2340,False,True,False,True,True
93202,primary_candidate_93202_2341,True,False,False,True,True
93202,primary_candidate_93202_2342,True,False,False,True,True
93202,primary_candidate_93202_2343,False,True,False,True,True
93202,primary_candidate_93202_2344,False,True,False,True,True
93202,primary_candidate_93202_2345,False,True,False,True,True
93202,primary_candidate_93202_2346,True,True,True,False,True
93202,primary_candidate_93202_2347,False,True,False,True,True
93202,primary_candidate_93202_2348,False,True,False,True,True
93202,primary_candidate_93202_2349,False,True,False,True,True
93202,primary_candidate_93202_2350,False,True,False,True,True
93202,primary_candidate_93202_2351,True,False,False,True,True
93202,primary_candidate_93202_2352,False,True,False,True,True
93202,primary_candidate_93202_2353,True,False,False,True,True
93202,primary_candidate_93202_2354,False,True,False,True,True
93202,primary_candidate_93202_2355,True,False,False,True,True
93202,primary_candidate_93202_2356,True,True,True,False,True
93202,primary_candidate_93202_2357,False,True,False,True,True
93202,primary_candidate_93202_2358,False,True,False,True,True
93202,primary_candidate_93202_2359,False,True,False,True,True
93202,primary_candidate_93202_2360,False,True,False,True,True
93202,primary_candidate_93202_2361,False,True,False,True,True
93202,primary_candidate_93202_2362,True,False,False,True,True
93202,primary_candidate_93202_2363,False,True,False,True,True
93202,primary_candidate_93202_2364,False,True,False,True,True
93202,primary_candidate_93202_2365,True,False,False,True,True
93202,primary_candidate_93202_2366,True,False,False,True,True
93202,primary_candidate_93202_2367,False,True,False,True,True
93202,primary_candidate_93202_2368,False,True,False,True,True
93202,primary_candidate_93202_2369,False,True,False,True,True
93202,primary_candidate_93202_2370,False,True,False,True,True
93202,primary_candidate_93202_2371,False,True,False,True,True
93202,primary_candidate_93202_2372,False,True,False,True,True
93202,primary_candidate_93202_2373,False,True,False,True,True
93202,primary_candidate_93202_2374,False,True,False,True,True
93202,primary_candidate_93202_2375,False,True,False,True,True
93202,primary_candidate_93202_2376,True,False,False,True,True
93202,primary_candidate_93202_2377,True,False,False,True,True
93202,primary_candidate_93202_2378,False,True,False,True,True
93202,primary_candidate_93202_2379,False,True,False,True,True
93202,primary_candidate_93202_2380,True,False,False,True,True
93202,primary_candidate_93202_2381,True,True,True,False,True
93202,primary_candidate_93202_2382,True,False,False,True,True
93202,primary_candidate_93202_2383,False,True,False,True,True
93202,primary_candidate_93202_2384,False,True,False,True,True
93202,primary_candidate_93202_2385,False,True,False,True,True
93202,primary_candidate_93202_2386,True,False,False,True,True
93202,primary_candidate_93202_2387,True,True,True,False,True
93202,primary_candidate_93202_2388,False,True,False,True,True
93202,primary_candidate_93202_2389,False,False,False,True,True
93202,primary_candidate_93202_2390,True,False,False,True,True
93202,primary_candidate_93202_2391,False,True,False,True,True
93202,primary_candidate_93202_2392,True,False,False,True,True
93202,primary_candidate_93202_2393,False,True,False,True,True
93202,primary_candidate_93202_2394,False,True,False,True,True
93202,primary_candidate_93202_2395,True,False,False,True,True
93202,primary_candidate_93202_2396,False,True,False,True,True
93202,primary_candidate_93202_2397,True,False,False,True,True
93202,primary_candidate_93202_2398,False,True,False,True,True
93202,primary_candidate_93202_2399,False,True,False,True,True
93202,primary_candidate_93202_2400,True,False,False,True,True
93202,primary_candidate_93202_2401,False,True,False,True,True
93202,primary_candidate_93202_2402,True,False,False,True,True
93202,primary_candidate_93202_2403,False,True,False,True,True
93202,primary_candidate_93202_2404,False,False,False,True,True
93202,primary_candidate_93202_2405,False,True,False,True,True
93202,primary_candidate_93202_2406,False,True,False,True,True
93202,primary_candidate_93202_2407,True,False,False,True,True
93202,primary_candidate_93202_2408,False,True,False,True,True
93202,primary_candidate_93202_2409,False,True,False,True,True
93202,primary_candidate_93202_2410,False,True,False,True,True
93202,primary_candidate_93202_2411,False,True,False,True,True
93202,primary_candidate_93202_2412,True,False,False,True,True
93202,primary_candidate_93202_2413,True,False,False,True,True
93202,primary_candidate_93202_2414,False,True,False,True,True
93202,primary_candidate_93202_2415,True,False,False,True,True
93202,primary_candidate_93202_2416,True,False,False,True,True
93202,primary_candidate_93202_2417,False,True,False,True,True
93202,primary_candidate_93202_2418,False,True,False,True,True
93202,primary_candidate_93202_2419,False,True,False,True,True
93202,primary_candidate_93202_2420,False,True,False,True,True
93202,primary_candidate_93202_2421,False,True,False,True,True
93202,primary_candidate_93202_2422,False,True,False,True,True
93202,primary_candidate_93202_2423,False,True,False,True,True
93202,primary_candidate_93202_2424,False,True,False,True,True
93202,primary_candidate_93202_2425,True,False,False,True,True
93202,primary_candidate_93202_2426,False,True,False,True,True
93202,primary_candidate_93202_2427,True,False,False,True,True
93202,primary_candidate_93202_2428,False,True,False,True,True
93202,primary_candidate_93202_2429,True,False,False,True,True
93202,primary_candidate_93202_2430,True,False,False,True,True
93202,primary_candidate_93202_2431,True,True,True,False,True
93202,primary_candidate_93202_2432,False,True,False,True,True
93202,primary_candidate_93202_2433,False,True,False,True,True
93202,primary_candidate_93202_2434,False,True,False,True,True
93202,primary_candidate_93202_2435,True,True,True,False,True
93202,primary_candidate_93202_2436,False,True,False,True,True
93202,primary_candidate_93202_2437,True,False,False,True,True
93202,primary_candidate_93202_2438,False,True,False,True,True
93202,primary_candidate_93202_2439,False,False,False,True,True
93202,primary_candidate_93202_2440,True,False,False,True,True
93202,primary_candidate_93202_2441,True,False,False,True,True
93202,primary_candidate_93202_2442,False,True,False,True,True
93202,primary_candidate_93202_2443,False,True,False,True,True
93202,primary_candidate_93202_2444,False,True,False,True,True
93202,primary_candidate_93202_2445,False,True,False,True,True
93202,primary_candidate_93202_2446,True,True,True,False,True
93202,primary_candidate_93202_2447,True,False,False,True,True
93202,primary_candidate_93202_2448,False,True,False,True,True
93202,primary_candidate_93202_2449,False,True,False,True,True
93202,primary_candidate_93202_2450,True,True,True,False,True
93202,primary_candidate_93202_2451,False,True,False,True,True
93202,primary_candidate_93202_2452,False,True,False,True,True
93202,primary_candidate_93202_2453,False,True,False,True,True
93202,primary_candidate_93202_2454,False,True,False,True,True
93202,primary_candidate_93202_2455,False,True,False,True,True
93202,primary_candidate_93202_2456,True,False,False,True,True
93202,primary_candidate_93202_2457,False,True,False,True,True
93202,primary_candidate_93202_2458,True,False,False,True,True
93202,primary_candidate_93202_2459,False,True,False,True,True
93202,primary_candidate_93202_2460,True,False,False,True,True
93202,primary_candidate_93202_2461,True,False,False,True,True
93202,primary_candidate_93202_2462,False,True,False,True,True
93202,primary_candidate_93202_2463,False,True,False,True,True
93202,primary_candidate_93202_2464,False,True,False,True,True
93202,primary_candidate_93202_2465,False,True,False,True,True
93202,primary_candidate_93202_2466,True,False,False,True,True
93202,primary_candidate_93202_2467,True,False,False,True,True
93202,primary_candidate_93202_2468,False,True,False,True,True
93202,primary_candidate_93202_2469,True,False,False,True,True
93202,primary_candidate_93202_2470,True,False,False,True,True
93202,primary_candidate_93202_2471,False,True,False,True,True
93202,primary_candidate_93202_2472,True,False,False,True,True
93202,primary_candidate_93202_2473,False,True,False,True,True
93202,primary_candidate_93202_2474,False,False,False,True,True
93202,primary_candidate_93202_2475,True,False,False,True,True
93202,primary_candidate_93202_2476,True,True,True,False,True
93202,primary_candidate_93202_2477,True,False,False,True,True
93202,primary_candidate_93202_2478,False,True,False,True,True
93202,primary_candidate_93202_2479,False,True,False,True,True
93202,primary_candidate_93202_2480,False,True,False,True,True
93202,primary_candidate_93202_2481,False,True,False,True,True
93202,primary_candidate_93202_2482,False,True,False,True,True
93202,primary_candidate_93202_2483,False,True,False,True,True
93202,primary_candidate_93202_2484,False,True,False,True,True
93202,primary_candidate_93202_2485,True,False,False,True,True
93202,primary_candidate_93202_2486,True,False,False,True,True
93202,primary_candidate_93202_2487,False,True,False,True,True
93202,primary_candidate_93202_2488,False,True,False,True,True
93202,primary_candidate_93202_2489,False,True,False,True,True
93202,primary_candidate_93202_2490,False,True,False,True,True
93202,primary_candidate_93202_2491,True,False,False,True,True
93202,primary_candidate_93202_2492,True,False,False,True,True
93202,primary_candidate_93202_2493,True,False,False,True,True
93202,primary_candidate_93202_2494,True,False,False,True,True
93202,primary_candidate_93202_2495,False,True,False,True,True
93202,primary_candidate_93202_2496,True,False,False,True,True
93202,primary_candidate_93202_2497,True,False,False,True,True
93202,primary_candidate_93202_2498,False,True,False,True,True
93202,primary_candidate_93202_2499,True,False,False,True,True
93202,primary_candidate_93202_2500,False,True,False,True,True
93202,primary_candidate_93202_2501,True,False,False,True,True
93202,primary_candidate_93202_2502,False,True,False,True,True
93202,primary_candidate_93202_2503,True,False,False,True,True
93202,primary_candidate_93202_2504,False,True,False,True,True
93202,primary_candidate_93202_2505,True,True,True,False,True
93202,primary_candidate_93202_2506,True,True,True,False,True
93202,primary_candidate_93202_2507,False,True,False,True,True
93202,primary_candidate_93202_2508,False,True,False,True,True
93202,primary_candidate_93202_2509,False,True,False,True,True
93202,primary_candidate_93202_2510,True,True,True,False,True
93202,primary_candidate_93202_2511,False,True,False,True,True
93202,primary_candidate_93202_2512,True,False,False,True,True
93202,primary_candidate_93202_2513,False,True,False,True,True
93202,primary_candidate_93202_2514,False,True,False,True,True
93202,primary_candidate_93202_2515,True,False,False,True,True
93202,primary_candidate_93202_2516,False,True,False,True,True
93202,primary_candidate_93202_2517,True,False,False,True,True
93202,primary_candidate_93202_2518,False,False,False,True,True
93202,primary_candidate_93202_2519,False,True,False,True,True
93202,primary_candidate_93202_2520,True,False,False,True,True
93202,primary_candidate_93202_2521,False,True,False,True,True
93202,primary_candidate_93202_2522,False,True,False,True,True
93202,primary_candidate_93202_2523,False,True,False,True,True
93202,primary_candidate_93202_2524,True,False,False,True,True
93202,primary_candidate_93202_2525,False,True,False,True,True
93202,primary_candidate_93202_2526,True,False,False,True,True
93202,primary_candidate_93202_2527,True,False,False,True,True
93202,primary_candidate_93202_2528,False,True,False,True,True
93202,primary_candidate_93202_2529,False,True,False,True,True
93202,primary_candidate_93202_2530,True,False,False,True,True
93202,primary_candidate_93202_2531,False,True,False,True,True
93202,primary_candidate_93202_2532,False,True,False,True,True
93202,primary_candidate_93202_2533,False,True,False,True,True
93202,primary_candidate_93202_2534,False,True,False,True,True
93202,primary_candidate_93202_2535,True,False,False,True,True
93202,primary_candidate_93202_2536,True,True,True,False,True
93202,primary_candidate_93202_2537,False,True,False,True,True
93202,primary_candidate_93202_2538,False,True,False,True,True
93202,primary_candidate_93202_2539,False,True,False,True,True
93202,primary_candidate_93202_2540,False,True,False,True,True
93202,primary_candidate_93202_2541,False,True,False,True,True
93202,primary_candidate_93202_2542,True,False,False,True,True
93202,primary_candidate_93202_2543,False,True,False,True,True
93202,primary_candidate_93202_2544,False,True,False,True,True
93202,primary_candidate_93202_2545,True,False,False,True,True
93202,primary_candidate_93202_2546,True,False,False,True,True
93202,primary_candidate_93202_2547,False,True,False,True,True
93202,primary_candidate_93202_2548,True,False,False,True,True
93202,primary_candidate_93202_2549,False,True,False,True,True
93202,primary_candidate_93202_2550,False,True,False,True,True
93202,primary_candidate_93202_2551,False,True,False,True,True
93202,primary_candidate_93202_2552,True,False,False,True,True
93202,primary_candidate_93202_2553,False,True,False,True,True
93202,primary_candidate_93202_2554,False,True,False,True,True
93202,primary_candidate_93202_2555,False,True,False,True,True
93202,primary_candidate_93202_2556,True,False,False,True,True
93202,primary_candidate_93202_2557,True,False,False,True,True
93202,primary_candidate_93202_2558,True,True,True,False,True
93202,primary_candidate_93202_2559,False,True,False,True,True
93203,primary_candidate_93203_1280,True,True,True,False,True
93203,primary_candidate_93203_1281,True,True,True,False,True
93203,primary_candidate_93203_1282,False,True,False,True,True
93203,primary_candidate_93203_1283,False,True,False,True,True
93203,primary_candidate_93203_1284,False,True,False,True,True
93203,primary_candidate_93203_1285,True,False,False,True,True
93203,primary_candidate_93203_1286,False,True,False,True,True
93203,primary_candidate_93203_1287,False,True,False,True,True
93203,primary_candidate_93203_1288,False,True,False,True,True
93203,primary_candidate_93203_1289,False,True,False,True,True
93203,primary_candidate_93203_1290,True,True,True,False,True
93203,primary_candidate_93203_1291,False,True,False,True,True
93203,primary_candidate_93203_1292,False,True,False,True,True
93203,primary_candidate_93203_1293,False,True,False,True,True
93203,primary_candidate_93203_1294,False,True,False,True,True
93203,primary_candidate_93203_1295,True,False,False,True,True
93203,primary_candidate_93203_1296,True,False,False,True,True
93203,primary_candidate_93203_1297,True,True,True,False,True
93203,primary_candidate_93203_1298,False,True,False,True,True
93203,primary_candidate_93203_1299,False,True,False,True,True
93203,primary_candidate_93203_1300,True,False,False,True,True
93203,primary_candidate_93203_1301,True,True,True,False,True
93203,primary_candidate_93203_1302,False,True,False,True,True
93203,primary_candidate_93203_1303,False,False,False,True,True
93203,primary_candidate_93203_1304,False,True,False,True,True
93203,primary_candidate_93203_1305,False,True,False,True,True
93203,primary_candidate_93203_1306,True,False,False,True,True
93203,primary_candidate_93203_1307,True,False,False,True,True
93203,primary_candidate_93203_1308,True,False,False,True,True
93203,primary_candidate_93203_1309,False,True,False,True,True
93203,primary_candidate_93203_1310,False,True,False,True,True
93203,primary_candidate_93203_1311,False,True,False,True,True
93203,primary_candidate_93203_1312,True,False,False,True,True
93203,primary_candidate_93203_1313,False,True,False,True,True
93203,primary_candidate_93203_1314,False,True,False,True,True
93203,primary_candidate_93203_1315,False,True,False,True,True
93203,primary_candidate_93203_1316,True,False,False,True,True
93203,primary_candidate_93203_1317,True,True,True,False,True
93203,primary_candidate_93203_1318,False,True,False,True,True
93203,primary_candidate_93203_1319,False,True,False,True,True
93203,primary_candidate_93203_1320,True,False,False,True,True
93203,primary_candidate_93203_1321,True,False,False,True,True
93203,primary_candidate_93203_1322,False,True,False,True,True
93203,primary_candidate_93203_1323,False,True,False,True,True
93203,primary_candidate_93203_1324,False,True,False,True,True
93203,primary_candidate_93203_1325,True,False,False,True,True
93203,primary_candidate_93203_1326,True,False,False,True,True
93203,primary_candidate_93203_1327,True,False,False,True,True
93203,primary_candidate_93203_1328,False,True,False,True,True
93203,primary_candidate_93203_1329,False,True,False,True,True
93203,primary_candidate_93203_1330,True,False,False,True,True
93203,primary_candidate_93203_1331,True,False,False,True,True
93203,primary_candidate_93203_1332,False,True,False,True,True
93203,primary_candidate_93203_1333,False,True,False,True,True
93203,primary_candidate_93203_1334,False,True,False,True,True
93203,primary_candidate_93203_1335,True,False,False,True,True
93203,primary_candidate_93203_1336,True,False,False,True,True
93203,primary_candidate_93203_1337,True,False,False,True,True
93203,primary_candidate_93203_1338,False,True,False,True,True
93203,primary_candidate_93203_1339,False,False,False,True,True
93203,primary_candidate_93203_1340,True,False,False,True,True
93203,primary_candidate_93203_1341,True,False,False,True,True
93203,primary_candidate_93203_1342,False,True,False,True,True
93203,primary_candidate_93203_1343,False,True,False,True,True
93203,primary_candidate_93203_1344,False,True,False,True,True
93203,primary_candidate_93203_1345,True,False,False,True,True
93203,primary_candidate_93203_1346,False,True,False,True,True
93203,primary_candidate_93203_1347,False,True,False,True,True
93203,primary_candidate_93203_1348,False,True,False,True,True
93203,primary_candidate_93203_1349,False,True,False,True,True
93203,primary_candidate_93203_1350,True,False,False,True,True
93203,primary_candidate_93203_1351,True,False,False,True,True
93203,primary_candidate_93203_1352,False,True,False,True,True
93203,primary_candidate_93203_1353,False,False,False,True,True
93203,primary_candidate_93203_1354,False,True,False,True,True
93203,primary_candidate_93203_1355,True,False,False,True,True
93203,primary_candidate_93203_1356,False,True,False,True,True
93203,primary_candidate_93203_1357,False,False,False,True,True
93203,primary_candidate_93203_1358,False,True,False,True,True
93203,primary_candidate_93203_1359,False,True,False,True,True
93203,primary_candidate_93203_1360,True,False,False,True,True
93203,primary_candidate_93203_1361,True,False,False,True,True
93203,primary_candidate_93203_1362,False,True,False,True,True
93203,primary_candidate_93203_1363,True,False,False,True,True
93203,primary_candidate_93203_1364,True,False,False,True,True
93203,primary_candidate_93203_1365,False,True,False,True,True
93203,primary_candidate_93203_1366,True,False,False,True,True
93203,primary_candidate_93203_1367,False,True,False,True,True
93203,primary_candidate_93203_1368,False,True,False,True,True
93203,primary_candidate_93203_1369,False,True,False,True,True
93203,primary_candidate_93203_1370,False,True,False,True,True
93203,primary_candidate_93203_1371,False,True,False,True,True
93203,primary_candidate_93203_1372,False,True,False,True,True
93203,primary_candidate_93203_1373,False,True,False,True,True
93203,primary_candidate_93203_1374,False,True,False,True,True
93203,primary_candidate_93203_1375,False,True,False,True,True
93203,primary_candidate_93203_1376,False,True,False,True,True
93203,primary_candidate_93203_1377,True,False,False,True,True
93203,primary_candidate_93203_1378,False,True,False,True,True
93203,primary_candidate_93203_1379,False,True,False,True,True
93203,primary_candidate_93203_1380,True,False,False,True,True
93203,primary_candidate_93203_1381,True,False,False,True,True
93203,primary_candidate_93203_1382,True,False,False,True,True
93203,primary_candidate_93203_1383,False,True,False,True,True
93203,primary_candidate_93203_1384,True,False,False,True,True
93203,primary_candidate_93203_1385,True,True,True,False,True
93203,primary_candidate_93203_1386,True,True,True,False,True
93203,primary_candidate_93203_1387,False,True,False,True,True
93203,primary_candidate_93203_1388,False,True,False,True,True
93203,primary_candidate_93203_1389,False,True,False,True,True
93203,primary_candidate_93203_1390,False,True,False,True,True
93203,primary_candidate_93203_1391,False,True,False,True,True
93203,primary_candidate_93203_1392,True,False,False,True,True
93203,primary_candidate_93203_1393,False,True,False,True,True
93203,primary_candidate_93203_1394,False,True,False,True,True
93203,primary_candidate_93203_1395,True,True,True,False,True
93203,primary_candidate_93203_1396,False,True,False,True,True
93203,primary_candidate_93203_1397,False,True,False,True,True
93203,primary_candidate_93203_1398,False,True,False,True,True
93203,primary_candidate_93203_1399,False,True,False,True,True
93203,primary_candidate_93203_1400,True,False,False,True,True
93203,primary_candidate_93203_1401,True,False,False,True,True
93203,primary_candidate_93203_1402,False,True,False,True,True
93203,primary_candidate_93203_1403,False,True,False,True,True
93203,primary_candidate_93203_1404,False,True,False,True,True
93203,primary_candidate_93203_1405,False,True,False,True,True
93203,primary_candidate_93203_1406,True,False,False,True,True
93203,primary_candidate_93203_1407,True,False,False,True,True
93203,primary_candidate_93203_1408,False,True,False,True,True
93203,primary_candidate_93203_1409,False,True,False,True,True
93203,primary_candidate_93203_1410,True,False,False,True,True
93203,primary_candidate_93203_1411,True,True,True,False,True
93203,primary_candidate_93203_1412,False,True,False,True,True
93203,primary_candidate_93203_1413,False,True,False,True,True
93203,primary_candidate_93203_1414,False,True,False,True,True
93203,primary_candidate_93203_1415,True,False,False,True,True
93203,primary_candidate_93203_1416,False,True,False,True,True
93203,primary_candidate_93203_1417,False,True,False,True,True
93203,primary_candidate_93203_1418,False,False,False,True,True
93203,primary_candidate_93203_1419,False,True,False,True,True
93203,primary_candidate_93203_1420,False,True,False,True,True
93203,primary_candidate_93203_1421,True,False,False,True,True
93203,primary_candidate_93203_1422,True,False,False,True,True
93203,primary_candidate_93203_1423,False,True,False,True,True
93203,primary_candidate_93203_1424,False,True,False,True,True
93203,primary_candidate_93203_1425,True,False,False,True,True
93203,primary_candidate_93203_1426,True,False,False,True,True
93203,primary_candidate_93203_1427,True,True,True,False,True
93203,primary_candidate_93203_1428,False,True,False,True,True
93203,primary_candidate_93203_1429,True,False,False,True,True
93203,primary_candidate_93203_1430,False,True,False,True,True
93203,primary_candidate_93203_1431,False,True,False,True,True
93203,primary_candidate_93203_1432,True,False,False,True,True
93203,primary_candidate_93203_1433,False,True,False,True,True
93203,primary_candidate_93203_1434,False,True,False,True,True
93203,primary_candidate_93203_1435,False,True,False,True,True
93203,primary_candidate_93203_1436,True,False,False,True,True
93203,primary_candidate_93203_1437,False,True,False,True,True
93203,primary_candidate_93203_1438,False,True,False,True,True
93203,primary_candidate_93203_1439,False,True,False,True,True
93203,primary_candidate_93203_1440,True,False,False,True,True
93203,primary_candidate_93203_1441,True,False,False,True,True
93203,primary_candidate_93203_1442,False,True,False,True,True
93203,primary_candidate_93203_1443,True,True,True,False,True
93203,primary_candidate_93203_1444,True,False,False,True,True
93203,primary_candidate_93203_1445,False,True,False,True,True
93203,primary_candidate_93203_1446,True,False,False,True,True
93203,primary_candidate_93203_1447,True,False,False,True,True
93203,primary_candidate_93203_1448,False,True,False,True,True
93203,primary_candidate_93203_1449,False,True,False,True,True
93203,primary_candidate_93203_1450,False,True,False,True,True
93203,primary_candidate_93203_1451,True,False,False,True,True
93203,primary_candidate_93203_1452,False,True,False,True,True
93203,primary_candidate_93203_1453,False,True,False,True,True
93203,primary_candidate_93203_1454,False,True,False,True,True
93203,primary_candidate_93203_1455,True,False,False,True,True
93203,primary_candidate_93203_1456,True,False,False,True,True
93203,primary_candidate_93203_1457,True,False,False,True,True
93203,primary_candidate_93203_1458,False,True,False,True,True
93203,primary_candidate_93203_1459,False,True,False,True,True
93203,primary_candidate_93203_1460,True,False,False,True,True
93203,primary_candidate_93203_1461,True,False,False,True,True
93203,primary_candidate_93203_1462,False,True,False,True,True
93203,primary_candidate_93203_1463,True,False,False,True,True
93203,primary_candidate_93203_1464,False,False,False,True,True
93203,primary_candidate_93203_1465,True,True,True,False,True
93203,primary_candidate_93203_1466,True,True,True,False,True
93203,primary_candidate_93203_1467,True,False,False,True,True
93203,primary_candidate_93203_1468,False,True,False,True,True
93203,primary_candidate_93203_1469,False,True,False,True,True
93203,primary_candidate_93203_1470,False,True,False,True,True
93203,primary_candidate_93203_1471,False,True,False,True,True
93203,primary_candidate_93203_1472,False,True,False,True,True
93203,primary_candidate_93203_1473,False,True,False,True,True
93203,primary_candidate_93203_1474,False,True,False,True,True
93203,primary_candidate_93203_1475,False,True,False,True,True
93203,primary_candidate_93203_1476,False,True,False,True,True
93203,primary_candidate_93203_1477,False,True,False,True,True
93203,primary_candidate_93203_1478,False,True,False,True,True
93203,primary_candidate_93203_1479,False,True,False,True,True
93203,primary_candidate_93203_1480,False,True,False,True,True
93203,primary_candidate_93203_1481,False,True,False,True,True
93203,primary_candidate_93203_1482,True,False,False,True,True
93203,primary_candidate_93203_1483,False,True,False,True,True
93203,primary_candidate_93203_1484,True,False,False,True,True
93203,primary_candidate_93203_1485,False,True,False,True,True
93203,primary_candidate_93203_1486,True,True,True,False,True
93203,primary_candidate_93203_1487,False,True,False,True,True
93203,primary_candidate_93203_1488,False,True,False,True,True
93203,primary_candidate_93203_1489,False,True,False,True,True
93203,primary_candidate_93203_1490,False,True,False,True,True
93203,primary_candidate_93203_1491,True,False,False,True,True
93203,primary_candidate_93203_1492,True,False,False,True,True
93203,primary_candidate_93203_1493,False,True,False,True,True
93203,primary_candidate_93203_1494,False,True,False,True,True
93203,primary_candidate_93203_1495,False,True,False,True,True
93203,primary_candidate_93203_1496,False,True,False,True,True
93203,primary_candidate_93203_1497,True,False,False,True,True
93203,primary_candidate_93203_1498,False,True,False,True,True
93203,primary_candidate_93203_1499,False,True,False,True,True
93203,primary_candidate_93203_1500,True,False,False,True,True
93203,primary_candidate_93203_1501,False,True,False,True,True
93203,primary_candidate_93203_1502,False,True,False,True,True
93203,primary_candidate_93203_1503,False,True,False,True,True
93203,primary_candidate_93203_1504,False,True,False,True,True
93203,primary_candidate_93203_1505,False,True,False,True,True
93203,primary_candidate_93203_1506,False,True,False,True,True
93203,primary_candidate_93203_1507,False,True,False,True,True
93203,primary_candidate_93203_1508,False,True,False,True,True
93203,primary_candidate_93203_1509,True,False,False,True,True
93203,primary_candidate_93203_1510,True,False,False,True,True
93203,primary_candidate_93203_1511,False,True,False,True,True
93203,primary_candidate_93203_1512,True,False,False,True,True
93203,primary_candidate_93203_1513,False,True,False,True,True
93203,primary_candidate_93203_1514,False,True,False,True,True
93203,primary_candidate_93203_1515,False,True,False,True,True
93203,primary_candidate_93203_1516,True,False,False,True,True
93203,primary_candidate_93203_1517,False,True,False,True,True
93203,primary_candidate_93203_1518,True,False,False,True,True
93203,primary_candidate_93203_1519,False,True,False,True,True
93203,primary_candidate_93203_1520,True,False,False,True,True
93203,primary_candidate_93203_1521,True,False,False,True,True
93203,primary_candidate_93203_1522,True,False,False,True,True
93203,primary_candidate_93203_1523,True,False,False,True,True
93203,primary_candidate_93203_1524,False,True,False,True,True
93203,primary_candidate_93203_1525,True,True,True,False,True
93203,primary_candidate_93203_1526,False,True,False,True,True
93203,primary_candidate_93203_1527,False,True,False,True,True
93203,primary_candidate_93203_1528,False,True,False,True,True
93203,primary_candidate_93203_1529,False,True,False,True,True
93203,primary_candidate_93203_1530,True,False,False,True,True
93203,primary_candidate_93203_1531,False,True,False,True,True
93203,primary_candidate_93203_1532,False,True,False,True,True
93203,primary_candidate_93203_1533,False,True,False,True,True
93203,primary_candidate_93203_1534,False,True,False,True,True
93203,primary_candidate_93203_1535,False,True,False,True,True
93203,primary_candidate_93203_1536,False,True,False,True,True
93203,primary_candidate_93203_1537,True,False,False,True,True
93203,primary_candidate_93203_1538,False,True,False,True,True
93203,primary_candidate_93203_1539,False,True,False,True,True
93203,primary_candidate_93203_1540,False,True,False,True,True
93203,primary_candidate_93203_1541,False,True,False,True,True
93203,primary_candidate_93203_1542,False,True,False,True,True
93203,primary_candidate_93203_1543,False,True,False,True,True
93203,primary_candidate_93203_1544,False,True,False,True,True
93203,primary_candidate_93203_1545,False,True,False,True,True
93203,primary_candidate_93203_1546,False,True,False,True,True
93203,primary_candidate_93203_1547,False,False,False,True,True
93203,primary_candidate_93203_1548,False,True,False,True,True
93203,primary_candidate_93203_1549,False,True,False,True,True
93203,primary_candidate_93203_1550,True,False,False,True,True
93203,primary_candidate_93203_1551,True,False,False,True,True
93203,primary_candidate_93203_1552,False,True,False,True,True
93203,primary_candidate_93203_1553,False,True,False,True,True
93203,primary_candidate_93203_1554,False,False,False,True,True
93203,primary_candidate_93203_1555,True,False,False,True,True
93203,primary_candidate_93203_1556,True,False,False,True,True
93203,primary_candidate_93203_1557,True,False,False,True,True
93203,primary_candidate_93203_1558,False,True,False,True,True
93203,primary_candidate_93203_1559,False,True,False,True,True
93203,primary_candidate_93203_1560,False,True,False,True,True
93203,primary_candidate_93203_1561,True,True,True,False,True
93203,primary_candidate_93203_1562,True,False,False,True,True
93203,primary_candidate_93203_1563,False,True,False,True,True
93203,primary_candidate_93203_1564,False,True,False,True,True
93203,primary_candidate_93203_1565,True,True,True,False,True
93203,primary_candidate_93203_1566,True,True,True,False,True
93203,primary_candidate_93203_1567,True,True,True,False,True
93203,primary_candidate_93203_1568,False,True,False,True,True
93203,primary_candidate_93203_1569,False,True,False,True,True
93203,primary_candidate_93203_1570,False,True,False,True,True
93203,primary_candidate_93203_1571,False,True,False,True,True
93203,primary_candidate_93203_1572,True,True,True,False,True
93203,primary_candidate_93203_1573,False,True,False,True,True
93203,primary_candidate_93203_1574,True,False,False,True,True
93203,primary_candidate_93203_1575,True,True,True,False,True
93203,primary_candidate_93203_1576,True,False,False,True,True
93203,primary_candidate_93203_1577,False,True,False,True,True
93203,primary_candidate_93203_1578,False,True,False,True,True
93203,primary_candidate_93203_1579,True,False,False,True,True
93203,primary_candidate_93203_1580,True,False,False,True,True
93203,primary_candidate_93203_1581,False,True,False,True,True
93203,primary_candidate_93203_1582,False,True,False,True,True
93203,primary_candidate_93203_1583,False,True,False,True,True
93203,primary_candidate_93203_1584,False,True,False,True,True
93203,primary_candidate_93203_1585,False,True,False,True,True
93203,primary_candidate_93203_1586,False,True,False,True,True
93203,primary_candidate_93203_1587,True,False,False,True,True
93203,primary_candidate_93203_1588,False,True,False,True,True
93203,primary_candidate_93203_1589,False,True,False,True,True
93203,primary_candidate_93203_1590,False,True,False,True,True
93203,primary_candidate_93203_1591,True,False,False,True,True
93203,primary_candidate_93203_1592,True,False,False,True,True
93203,primary_candidate_93203_1593,True,False,False,True,True
93203,primary_candidate_93203_1594,False,True,False,True,True
93203,primary_candidate_93203_1595,False,True,False,True,True
93203,primary_candidate_93203_1596,False,True,False,True,True
93203,primary_candidate_93203_1597,False,True,False,True,True
93203,primary_candidate_93203_1598,False,True,False,True,True
93203,primary_candidate_93203_1599,False,True,False,True,True
93203,primary_candidate_93203_1600,False,True,False,True,True
93203,primary_candidate_93203_1601,False,True,False,True,True
93203,primary_candidate_93203_1602,True,False,False,True,True
93203,primary_candidate_93203_1603,True,False,False,True,True
93203,primary_candidate_93203_1604,False,True,False,True,True
93203,primary_candidate_93203_1605,True,True,True,False,True
93203,primary_candidate_93203_1606,True,False,False,True,True
93203,primary_candidate_93203_1607,False,True,False,True,True
93203,primary_candidate_93203_1608,False,True,False,True,True
93203,primary_candidate_93203_1609,False,True,False,True,True
93203,primary_candidate_93203_1610,True,False,False,True,True
93203,primary_candidate_93203_1611,True,True,True,False,True
93203,primary_candidate_93203_1612,False,True,False,True,True
93203,primary_candidate_93203_1613,False,True,False,True,True
93203,primary_candidate_93203_1614,False,True,False,True,True
93203,primary_candidate_93203_1615,True,False,False,True,True
93203,primary_candidate_93203_1616,False,True,False,True,True
93203,primary_candidate_93203_1617,True,False,False,True,True
93203,primary_candidate_93203_1618,False,True,False,True,True
93203,primary_candidate_93203_1619,False,True,False,True,True
93203,primary_candidate_93203_1620,True,False,False,True,True
93203,primary_candidate_93203_1621,True,False,False,True,True
93203,primary_candidate_93203_1622,True,False,False,True,True
93203,primary_candidate_93203_1623,False,True,False,True,True
93203,primary_candidate_93203_1624,False,True,False,True,True
93203,primary_candidate_93203_1625,True,False,False,True,True
93203,primary_candidate_93203_1626,False,True,False,True,True
93203,primary_candidate_93203_1627,False,True,False,True,True
93203,primary_candidate_93203_1628,True,False,False,True,True
93203,primary_candidate_93203_1629,True,False,False,True,True
93203,primary_candidate_93203_1630,True,False,False,True,True
93203,primary_candidate_93203_1631,False,True,False,True,True
93203,primary_candidate_93203_1632,True,False,False,True,True
93203,primary_candidate_93203_1633,False,True,False,True,True
93203,primary_candidate_93203_1634,True,False,False,True,True
93203,primary_candidate_93203_1635,False,True,False,True,True
93203,primary_candidate_93203_1636,True,False,False,True,True
93203,primary_candidate_93203_1637,True,False,False,True,True
93203,primary_candidate_93203_1638,False,True,False,True,True
93203,primary_candidate_93203_1639,True,False,False,True,True
93203,primary_candidate_93203_1640,False,True,False,True,True
93203,primary_candidate_93203_1641,False,True,False,True,True
93203,primary_candidate_93203_1642,False,True,False,True,True
93203,primary_candidate_93203_1643,False,True,False,True,True
93203,primary_candidate_93203_1644,False,True,False,True,True
93203,primary_candidate_93203_1645,False,True,False,True,True
93203,primary_candidate_93203_1646,False,True,False,True,True
93203,primary_candidate_93203_1647,False,True,False,True,True
93203,primary_candidate_93203_1648,True,False,False,True,True
93203,primary_candidate_93203_1649,False,True,False,True,True
93203,primary_candidate_93203_1650,False,True,False,True,True
93203,primary_candidate_93203_1651,False,True,False,True,True
93203,primary_candidate_93203_1652,False,True,False,True,True
93203,primary_candidate_93203_1653,False,True,False,True,True
93203,primary_candidate_93203_1654,False,True,False,True,True
93203,primary_candidate_93203_1655,True,False,False,True,True
93203,primary_candidate_93203_1656,True,True,True,False,True
93203,primary_candidate_93203_1657,False,True,False,True,True
93203,primary_candidate_93203_1658,False,True,False,True,True
93203,primary_candidate_93203_1659,False,False,False,True,True
93203,primary_candidate_93203_1660,True,True,True,False,True
93203,primary_candidate_93203_1661,True,False,False,True,True
93203,primary_candidate_93203_1662,False,True,False,True,True
93203,primary_candidate_93203_1663,False,True,False,True,True
93203,primary_candidate_93203_1664,False,True,False,True,True
93203,primary_candidate_93203_1665,False,True,False,True,True
93203,primary_candidate_93203_1666,False,True,False,True,True
93203,primary_candidate_93203_1667,False,True,False,True,True
93203,primary_candidate_93203_1668,False,True,False,True,True
93203,primary_candidate_93203_1669,True,False,False,True,True
93203,primary_candidate_93203_1670,True,False,False,True,True
93203,primary_candidate_93203_1671,True,False,False,True,True
93203,primary_candidate_93203_1672,True,False,False,True,True
93203,primary_candidate_93203_1673,False,True,False,True,True
93203,primary_candidate_93203_1674,True,False,False,True,True
93203,primary_candidate_93203_1675,True,True,True,False,True
93203,primary_candidate_93203_1676,False,True,False,True,True
93203,primary_candidate_93203_1677,True,False,False,True,True
93203,primary_candidate_93203_1678,False,True,False,True,True
93203,primary_candidate_93203_1679,False,True,False,True,True
93203,primary_candidate_93203_1680,False,True,False,True,True
93203,primary_candidate_93203_1681,True,False,False,True,True
93203,primary_candidate_93203_1682,True,False,False,True,True
93203,primary_candidate_93203_1683,False,True,False,True,True
93203,primary_candidate_93203_1684,False,True,False,True,True
93203,primary_candidate_93203_1685,False,True,False,True,True
93203,primary_candidate_93203_1686,True,False,False,True,True
93203,primary_candidate_93203_1687,True,False,False,True,True
93203,primary_candidate_93203_1688,False,False,False,True,True
93203,primary_candidate_93203_1689,False,True,False,True,True
93203,primary_candidate_93203_1690,True,False,False,True,True
93203,primary_candidate_93203_1691,False,True,False,True,True
93203,primary_candidate_93203_1692,True,False,False,True,True
93203,primary_candidate_93203_1693,False,True,False,True,True
93203,primary_candidate_93203_1694,True,False,False,True,True
93203,primary_candidate_93203_1695,False,True,False,True,True
93203,primary_candidate_93203_1696,False,True,False,True,True
93203,primary_candidate_93203_1697,True,False,False,True,True
93203,primary_candidate_93203_1698,False,True,False,True,True
93203,primary_candidate_93203_1699,True,False,False,True,True
93203,primary_candidate_93203_1700,True,False,False,True,True
93203,primary_candidate_93203_1701,False,True,False,True,True
93203,primary_candidate_93203_1702,True,False,False,True,True
93203,primary_candidate_93203_1703,False,True,False,True,True
93203,primary_candidate_93203_1704,False,True,False,True,True
93203,primary_candidate_93203_1705,True,False,False,True,True
93203,primary_candidate_93203_1706,True,False,False,True,True
93203,primary_candidate_93203_1707,False,True,False,True,True
93203,primary_candidate_93203_1708,False,True,False,True,True
93203,primary_candidate_93203_1709,False,True,False,True,True
93203,primary_candidate_93203_1710,False,True,False,True,True
93203,primary_candidate_93203_1711,False,True,False,True,True
93203,primary_candidate_93203_1712,True,False,False,True,True
93203,primary_candidate_93203_1713,False,True,False,True,True
93203,primary_candidate_93203_1714,False,True,False,True,True
93203,primary_candidate_93203_1715,True,False,False,True,True
93203,primary_candidate_93203_1716,False,True,False,True,True
93203,primary_candidate_93203_1717,True,False,False,True,True
93203,primary_candidate_93203_1718,False,True,False,True,True
93203,primary_candidate_93203_1719,False,True,False,True,True
93203,primary_candidate_93203_1720,False,True,False,True,True
93203,primary_candidate_93203_1721,False,True,False,True,True
93203,primary_candidate_93203_1722,True,False,False,True,True
93203,primary_candidate_93203_1723,False,True,False,True,True
93203,primary_candidate_93203_1724,True,False,False,True,True
93203,primary_candidate_93203_1725,True,True,True,False,True
93203,primary_candidate_93203_1726,True,False,False,True,True
93203,primary_candidate_93203_1727,True,False,False,True,True
93203,primary_candidate_93203_1728,False,True,False,True,True
93203,primary_candidate_93203_1729,False,True,False,True,True
93203,primary_candidate_93203_1730,False,True,False,True,True
93203,primary_candidate_93203_1731,True,False,False,True,True
93203,primary_candidate_93203_1732,True,False,False,True,True
93203,primary_candidate_93203_1733,False,True,False,True,True
93203,primary_candidate_93203_1734,False,True,False,True,True
93203,primary_candidate_93203_1735,True,True,True,False,True
93203,primary_candidate_93203_1736,False,True,False,True,True
93203,primary_candidate_93203_1737,True,False,False,True,True
93203,primary_candidate_93203_1738,False,True,False,True,True
93203,primary_candidate_93203_1739,True,False,False,True,True
93203,primary_candidate_93203_1740,False,True,False,True,True
93203,primary_candidate_93203_1741,False,True,False,True,True
93203,primary_candidate_93203_1742,True,False,False,True,True
93203,primary_candidate_93203_1743,True,True,True,False,True
93203,primary_candidate_93203_1744,False,False,False,True,True
93203,primary_candidate_93203_1745,False,True,False,True,True
93203,primary_candidate_93203_1746,False,True,False,True,True
93203,primary_candidate_93203_1747,False,True,False,True,True
93203,primary_candidate_93203_1748,False,True,False,True,True
93203,primary_candidate_93203_1749,False,True,False,True,True
93203,primary_candidate_93203_1750,True,False,False,True,True
93203,primary_candidate_93203_1751,False,True,False,True,True
93203,primary_candidate_93203_1752,False,True,False,True,True
93203,primary_candidate_93203_1753,True,False,False,True,True
93203,primary_candidate_93203_1754,False,True,False,True,True
93203,primary_candidate_93203_1755,True,False,False,True,True
93203,primary_candidate_93203_1756,True,False,False,True,True
93203,primary_candidate_93203_1757,True,False,False,True,True
93203,primary_candidate_93203_1758,False,True,False,True,True
93203,primary_candidate_93203_1759,False,True,False,True,True
93203,primary_candidate_93203_1760,False,True,False,True,True
93203,primary_candidate_93203_1761,True,False,False,True,True
93203,primary_candidate_93203_1762,False,True,False,True,True
93203,primary_candidate_93203_1763,False,True,False,True,True
93203,primary_candidate_93203_1764,False,True,False,True,True
93203,primary_candidate_93203_1765,False,True,False,True,True
93203,primary_candidate_93203_1766,True,True,True,False,True
93203,primary_candidate_93203_1767,False,True,False,True,True
93203,primary_candidate_93203_1768,False,True,False,True,True
93203,primary_candidate_93203_1769,False,True,False,True,True
93203,primary_candidate_93203_1770,True,False,False,True,True
93203,primary_candidate_93203_1771,False,True,False,True,True
93203,primary_candidate_93203_1772,True,False,False,True,True
93203,primary_candidate_93203_1773,True,False,False,True,True
93203,primary_candidate_93203_1774,False,True,False,True,True
93203,primary_candidate_93203_1775,False,True,False,True,True
93203,primary_candidate_93203_1776,False,True,False,True,True
93203,primary_candidate_93203_1777,True,False,False,True,True
93203,primary_candidate_93203_1778,False,True,False,True,True
93203,primary_candidate_93203_1779,False,True,False,True,True
93203,primary_candidate_93203_1780,True,False,False,True,True
93203,primary_candidate_93203_1781,False,True,False,True,True
93203,primary_candidate_93203_1782,False,True,False,True,True
93203,primary_candidate_93203_1783,False,True,False,True,True
93203,primary_candidate_93203_1784,False,True,False,True,True
93203,primary_candidate_93203_1785,False,True,False,True,True
93203,primary_candidate_93203_1786,True,False,False,True,True
93203,primary_candidate_93203_1787,True,False,False,True,True
93203,primary_candidate_93203_1788,False,True,False,True,True
93203,primary_candidate_93203_1789,True,True,True,False,True
93203,primary_candidate_93203_1790,False,True,False,True,True
93203,primary_candidate_93203_1791,False,True,False,True,True
93203,primary_candidate_93203_1792,False,True,False,True,True
93203,primary_candidate_93203_1793,False,True,False,True,True
93203,primary_candidate_93203_1794,False,True,False,True,True
93203,primary_candidate_93203_1795,True,False,False,True,True
93203,primary_candidate_93203_1796,False,True,False,True,True
93203,primary_candidate_93203_1797,False,True,False,True,True
93203,primary_candidate_93203_1798,True,False,False,True,True
93203,primary_candidate_93203_1799,False,True,False,True,True
93203,primary_candidate_93203_1800,True,False,False,True,True
93203,primary_candidate_93203_1801,False,True,False,True,True
93203,primary_candidate_93203_1802,False,True,False,True,True
93203,primary_candidate_93203_1803,False,True,False,True,True
93203,primary_candidate_93203_1804,False,True,False,True,True
93203,primary_candidate_93203_1805,False,True,False,True,True
93203,primary_candidate_93203_1806,False,True,False,True,True
93203,primary_candidate_93203_1807,True,False,False,True,True
93203,primary_candidate_93203_1808,False,True,False,True,True
93203,primary_candidate_93203_1809,False,True,False,True,True
93203,primary_candidate_93203_1810,False,True,False,True,True
93203,primary_candidate_93203_1811,True,False,False,True,True
93203,primary_candidate_93203_1812,False,True,False,True,True
93203,primary_candidate_93203_1813,False,True,False,True,True
93203,primary_candidate_93203_1814,True,False,False,True,True
93203,primary_candidate_93203_1815,True,False,False,True,True
93203,primary_candidate_93203_1816,False,True,False,True,True
93203,primary_candidate_93203_1817,False,True,False,True,True
93203,primary_candidate_93203_1818,False,True,False,True,True
93203,primary_candidate_93203_1819,False,True,False,True,True
93203,primary_candidate_93203_1820,False,True,False,True,True
93203,primary_candidate_93203_1821,True,False,False,True,True
93203,primary_candidate_93203_1822,False,True,False,True,True
93203,primary_candidate_93203_1823,False,True,False,True,True
93203,primary_candidate_93203_1824,False,True,False,True,True
93203,primary_candidate_93203_1825,False,True,False,True,True
93203,primary_candidate_93203_1826,False,True,False,True,True
93203,primary_candidate_93203_1827,False,True,False,True,True
93203,primary_candidate_93203_1828,True,False,False,True,True
93203,primary_candidate_93203_1829,False,True,False,True,True
93203,primary_candidate_93203_1830,True,False,False,True,True
93203,primary_candidate_93203_1831,False,True,False,True,True
93203,primary_candidate_93203_1832,True,False,False,True,True
93203,primary_candidate_93203_1833,False,True,False,True,True
93203,primary_candidate_93203_1834,False,True,False,True,True
93203,primary_candidate_93203_1835,False,True,False,True,True
93203,primary_candidate_93203_1836,True,True,True,False,True
93203,primary_candidate_93203_1837,True,False,False,True,True
93203,primary_candidate_93203_1838,False,True,False,True,True
93203,primary_candidate_93203_1839,False,True,False,True,True
93203,primary_candidate_93203_1840,False,False,False,True,True
93203,primary_candidate_93203_1841,False,True,False,True,True
93203,primary_candidate_93203_1842,True,False,False,True,True
93203,primary_candidate_93203_1843,False,True,False,True,True
93203,primary_candidate_93203_1844,False,True,False,True,True
93203,primary_candidate_93203_1845,False,True,False,True,True
93203,primary_candidate_93203_1846,False,True,False,True,True
93203,primary_candidate_93203_1847,False,True,False,True,True
93203,primary_candidate_93203_1848,False,True,False,True,True
93203,primary_candidate_93203_1849,False,True,False,True,True
93203,primary_candidate_93203_1850,True,False,False,True,True
93203,primary_candidate_93203_1851,False,True,False,True,True
93203,primary_candidate_93203_1852,True,False,False,True,True
93203,primary_candidate_93203_1853,True,False,False,True,True
93203,primary_candidate_93203_1854,False,True,False,True,True
93203,primary_candidate_93203_1855,False,True,False,True,True
93203,primary_candidate_93203_1856,False,True,False,True,True
93203,primary_candidate_93203_1857,False,True,False,True,True
93203,primary_candidate_93203_1858,False,True,False,True,True
93203,primary_candidate_93203_1859,True,False,False,True,True
93203,primary_candidate_93203_1860,False,True,False,True,True
93203,primary_candidate_93203_1861,False,True,False,True,True
93203,primary_candidate_93203_1862,False,True,False,True,True
93203,primary_candidate_93203_1863,False,True,False,True,True
93203,primary_candidate_93203_1864,False,True,False,True,True
93203,primary_candidate_93203_1865,False,True,False,True,True
93203,primary_candidate_93203_1866,False,True,False,True,True
93203,primary_candidate_93203_1867,True,False,False,True,True
93203,primary_candidate_93203_1868,True,False,False,True,True
93203,primary_candidate_93203_1869,True,False,False,True,True
93203,primary_candidate_93203_1870,False,True,False,True,True
93203,primary_candidate_93203_1871,False,True,False,True,True
93203,primary_candidate_93203_1872,False,True,False,True,True
93203,primary_candidate_93203_1873,True,False,False,True,True
93203,primary_candidate_93203_1874,False,True,False,True,True
93203,primary_candidate_93203_1875,True,False,False,True,True
93203,primary_candidate_93203_1876,False,True,False,True,True
93203,primary_candidate_93203_1877,False,True,False,True,True
93203,primary_candidate_93203_1878,False,True,False,True,True
93203,primary_candidate_93203_1879,False,True,False,True,True
93203,primary_candidate_93203_1880,False,True,False,True,True
93203,primary_candidate_93203_1881,False,True,False,True,True
93203,primary_candidate_93203_1882,True,False,False,True,True
93203,primary_candidate_93203_1883,True,False,False,True,True
93203,primary_candidate_93203_1884,False,True,False,True,True
93203,primary_candidate_93203_1885,True,False,False,True,True
93203,primary_candidate_93203_1886,True,False,False,True,True
93203,primary_candidate_93203_1887,False,True,False,True,True
93203,primary_candidate_93203_1888,False,True,False,True,True
93203,primary_candidate_93203_1889,True,False,False,True,True
93203,primary_candidate_93203_1890,True,False,False,True,True
93203,primary_candidate_93203_1891,True,False,False,True,True
93203,primary_candidate_93203_1892,False,True,False,True,True
93203,primary_candidate_93203_1893,False,True,False,True,True
93203,primary_candidate_93203_1894,False,True,False,True,True
93203,primary_candidate_93203_1895,True,False,False,True,True
93203,primary_candidate_93203_1896,True,False,False,True,True
93203,primary_candidate_93203_1897,True,False,False,True,True
93203,primary_candidate_93203_1898,False,True,False,True,True
93203,primary_candidate_93203_1899,False,True,False,True,True
93203,primary_candidate_93203_1900,True,True,True,False,True
93203,primary_candidate_93203_1901,False,True,False,True,True
93203,primary_candidate_93203_1902,True,False,False,True,True
93203,primary_candidate_93203_1903,True,False,False,True,True
93203,primary_candidate_93203_1904,False,True,False,True,True
93203,primary_candidate_93203_1905,True,False,False,True,True
93203,primary_candidate_93203_1906,False,True,False,True,True
93203,primary_candidate_93203_1907,True,False,False,True,True
93203,primary_candidate_93203_1908,False,True,False,True,True
93203,primary_candidate_93203_1909,False,True,False,True,True
93203,primary_candidate_93203_1910,True,True,True,False,True
93203,primary_candidate_93203_1911,True,True,True,False,True
93203,primary_candidate_93203_1912,True,False,False,True,True
93203,primary_candidate_93203_1913,False,True,False,True,True
93203,primary_candidate_93203_1914,True,False,False,True,True
93203,primary_candidate_93203_1915,True,True,True,False,True
93203,primary_candidate_93203_1916,False,True,False,True,True
93203,primary_candidate_93203_1917,False,True,False,True,True
93203,primary_candidate_93203_1918,False,True,False,True,True
93203,primary_candidate_93203_1919,False,True,False,True,True
93203,primary_candidate_93203_1920,True,False,False,True,True
93203,primary_candidate_93203_1921,True,True,True,False,True
93203,primary_candidate_93203_1922,True,False,False,True,True
93203,primary_candidate_93203_1923,True,False,False,True,True
93203,primary_candidate_93203_1924,False,True,False,True,True
93203,primary_candidate_93203_1925,True,False,False,True,True
93203,primary_candidate_93203_1926,True,False,False,True,True
93203,primary_candidate_93203_1927,False,True,False,True,True
93203,primary_candidate_93203_1928,False,True,False,True,True
93203,primary_candidate_93203_1929,True,False,False,True,True
93203,primary_candidate_93203_1930,False,True,False,True,True
93203,primary_candidate_93203_1931,True,False,False,True,True
93203,primary_candidate_93203_1932,False,True,False,True,True
93203,primary_candidate_93203_1933,False,True,False,True,True
93203,primary_candidate_93203_1934,False,True,False,True,True
93203,primary_candidate_93203_1935,True,False,False,True,True
93203,primary_candidate_93203_1936,True,True,True,False,True
93203,primary_candidate_93203_1937,True,False,False,True,True
93203,primary_candidate_93203_1938,False,True,False,True,True
93203,primary_candidate_93203_1939,True,False,False,True,True
93203,primary_candidate_93203_1940,False,True,False,True,True
93203,primary_candidate_93203_1941,False,True,False,True,True
93203,primary_candidate_93203_1942,False,True,False,True,True
93203,primary_candidate_93203_1943,False,True,False,True,True
93203,primary_candidate_93203_1944,True,False,False,True,True
93203,primary_candidate_93203_1945,False,True,False,True,True
93203,primary_candidate_93203_1946,False,True,False,True,True
93203,primary_candidate_93203_1947,False,True,False,True,True
93203,primary_candidate_93203_1948,False,True,False,True,True
93203,primary_candidate_93203_1949,False,True,False,True,True
93203,primary_candidate_93203_1950,False,True,False,True,True
93203,primary_candidate_93203_1951,False,True,False,True,True
93203,primary_candidate_93203_1952,False,True,False,True,True
93203,primary_candidate_93203_1953,True,False,False,True,True
93203,primary_candidate_93203_1954,False,True,False,True,True
93203,primary_candidate_93203_1955,False,True,False,True,True
93203,primary_candidate_93203_1956,True,False,False,True,True
93203,primary_candidate_93203_1957,True,False,False,True,True
93203,primary_candidate_93203_1958,False,True,False,True,True
93203,primary_candidate_93203_1959,False,True,False,True,True
93203,primary_candidate_93203_1960,False,True,False,True,True
93203,primary_candidate_93203_1961,False,True,False,True,True
93203,primary_candidate_93203_1962,True,False,False,True,True
93203,primary_candidate_93203_1963,False,True,False,True,True
93203,primary_candidate_93203_1964,False,True,False,True,True
93203,primary_candidate_93203_1965,True,False,False,True,True
93203,primary_candidate_93203_1966,False,True,False,True,True
93203,primary_candidate_93203_1967,False,True,False,True,True
93203,primary_candidate_93203_1968,False,True,False,True,True
93203,primary_candidate_93203_1969,False,True,False,True,True
93203,primary_candidate_93203_1970,True,False,False,True,True
93203,primary_candidate_93203_1971,True,False,False,True,True
93203,primary_candidate_93203_1972,False,True,False,True,True
93203,primary_candidate_93203_1973,False,True,False,True,True
93203,primary_candidate_93203_1974,False,True,False,True,True
93203,primary_candidate_93203_1975,False,True,False,True,True
93203,primary_candidate_93203_1976,True,False,False,True,True
93203,primary_candidate_93203_1977,False,False,False,True,True
93203,primary_candidate_93203_1978,True,False,False,True,True
93203,primary_candidate_93203_1979,False,True,False,True,True
93203,primary_candidate_93203_1980,False,False,False,True,True
93203,primary_candidate_93203_1981,True,False,False,True,True
93203,primary_candidate_93203_1982,False,False,False,True,True
93203,primary_candidate_93203_1983,False,True,False,True,True
93203,primary_candidate_93203_1984,True,False,False,True,True
93203,primary_candidate_93203_1985,True,True,True,False,True
93203,primary_candidate_93203_1986,False,True,False,True,True
93203,primary_candidate_93203_1987,True,False,False,True,True
93203,primary_candidate_93203_1988,False,True,False,True,True
93203,primary_candidate_93203_1989,False,True,False,True,True
93203,primary_candidate_93203_1990,True,False,False,True,True
93203,primary_candidate_93203_1991,True,False,False,True,True
93203,primary_candidate_93203_1992,False,False,False,True,True
93203,primary_candidate_93203_1993,False,True,False,True,True
93203,primary_candidate_93203_1994,True,False,False,True,True
93203,primary_candidate_93203_1995,False,True,False,True,True
93203,primary_candidate_93203_1996,False,True,False,True,True
93203,primary_candidate_93203_1997,True,True,True,False,True
93203,primary_candidate_93203_1998,True,False,False,True,True
93203,primary_candidate_93203_1999,False,True,False,True,True
93203,primary_candidate_93203_2000,False,True,False,True,True
93203,primary_candidate_93203_2001,True,False,False,True,True
93203,primary_candidate_93203_2002,False,True,False,True,True
93203,primary_candidate_93203_2003,False,True,False,True,True
93203,primary_candidate_93203_2004,False,True,False,True,True
93203,primary_candidate_93203_2005,True,False,False,True,True
93203,primary_candidate_93203_2006,True,True,True,False,True
93203,primary_candidate_93203_2007,True,False,False,True,True
93203,primary_candidate_93203_2008,False,True,False,True,True
93203,primary_candidate_93203_2009,False,True,False,True,True
93203,primary_candidate_93203_2010,True,False,False,True,True
93203,primary_candidate_93203_2011,False,True,False,True,True
93203,primary_candidate_93203_2012,True,False,False,True,True
93203,primary_candidate_93203_2013,False,True,False,True,True
93203,primary_candidate_93203_2014,False,True,False,True,True
93203,primary_candidate_93203_2015,False,True,False,True,True
93203,primary_candidate_93203_2016,True,True,True,False,True
93203,primary_candidate_93203_2017,False,True,False,True,True
93203,primary_candidate_93203_2018,False,True,False,True,True
93203,primary_candidate_93203_2019,False,True,False,True,True
93203,primary_candidate_93203_2020,True,True,True,False,True
93203,primary_candidate_93203_2021,True,False,False,True,True
93203,primary_candidate_93203_2022,False,True,False,True,True
93203,primary_candidate_93203_2023,False,True,False,True,True
93203,primary_candidate_93203_2024,False,True,False,True,True
93203,primary_candidate_93203_2025,False,True,False,True,True
93203,primary_candidate_93203_2026,False,True,False,True,True
93203,primary_candidate_93203_2027,False,True,False,True,True
93203,primary_candidate_93203_2028,False,True,False,True,True
93203,primary_candidate_93203_2029,False,True,False,True,True
93203,primary_candidate_93203_2030,True,False,False,True,True
93203,primary_candidate_93203_2031,True,False,False,True,True
93203,primary_candidate_93203_2032,False,True,False,True,True
93203,primary_candidate_93203_2033,False,True,False,True,True
93203,primary_candidate_93203_2034,False,True,False,True,True
93203,primary_candidate_93203_2035,True,False,False,True,True
93203,primary_candidate_93203_2036,False,True,False,True,True
93203,primary_candidate_93203_2037,False,True,False,True,True
93203,primary_candidate_93203_2038,True,False,False,True,True
93203,primary_candidate_93203_2039,False,True,False,True,True
93203,primary_candidate_93203_2040,True,False,False,True,True
93203,primary_candidate_93203_2041,True,False,False,True,True
93203,primary_candidate_93203_2042,True,False,False,True,True
93203,primary_candidate_93203_2043,False,True,False,True,True
93203,primary_candidate_93203_2044,False,False,False,True,True
93203,primary_candidate_93203_2045,True,False,False,True,True
93203,primary_candidate_93203_2046,True,False,False,True,True
93203,primary_candidate_93203_2047,False,True,False,True,True
93203,primary_candidate_93203_2048,False,True,False,True,True
93203,primary_candidate_93203_2049,False,False,False,True,True
93203,primary_candidate_93203_2050,True,False,False,True,True
93203,primary_candidate_93203_2051,False,True,False,True,True
93203,primary_candidate_93203_2052,False,True,False,True,True
93203,primary_candidate_93203_2053,True,False,False,True,True
93203,primary_candidate_93203_2054,False,True,False,True,True
93203,primary_candidate_93203_2055,False,True,False,True,True
93203,primary_candidate_93203_2056,True,True,True,False,True
93203,primary_candidate_93203_2057,True,False,False,True,True
93203,primary_candidate_93203_2058,True,False,False,True,True
93203,primary_candidate_93203_2059,True,False,False,True,True
93203,primary_candidate_93203_2060,False,True,False,True,True
93203,primary_candidate_93203_2061,False,True,False,True,True
93203,primary_candidate_93203_2062,False,True,False,True,True
93203,primary_candidate_93203_2063,False,True,False,True,True
93203,primary_candidate_93203_2064,False,True,False,True,True
93203,primary_candidate_93203_2065,False,True,False,True,True
93203,primary_candidate_93203_2066,True,False,False,True,True
93203,primary_candidate_93203_2067,True,False,False,True,True
93203,primary_candidate_93203_2068,False,True,False,True,True
93203,primary_candidate_93203_2069,False,True,False,True,True
93203,primary_candidate_93203_2070,True,False,False,True,True
93203,primary_candidate_93203_2071,False,True,False,True,True
93203,primary_candidate_93203_2072,True,False,False,True,True
93203,primary_candidate_93203_2073,False,True,False,True,True
93203,primary_candidate_93203_2074,False,True,False,True,True
93203,primary_candidate_93203_2075,False,True,False,True,True
93203,primary_candidate_93203_2076,True,False,False,True,True
93203,primary_candidate_93203_2077,False,True,False,True,True
93203,primary_candidate_93203_2078,False,True,False,True,True
93203,primary_candidate_93203_2079,False,True,False,True,True
93203,primary_candidate_93203_2080,True,True,True,False,True
93203,primary_candidate_93203_2081,False,True,False,True,True
93203,primary_candidate_93203_2082,True,False,False,True,True
93203,primary_candidate_93203_2083,False,True,False,True,True
93203,primary_candidate_93203_2084,False,True,False,True,True
93203,primary_candidate_93203_2085,False,True,False,True,True
93203,primary_candidate_93203_2086,True,False,False,True,True
93203,primary_candidate_93203_2087,True,False,False,True,True
93203,primary_candidate_93203_2088,True,False,False,True,True
93203,primary_candidate_93203_2089,False,True,False,True,True
93203,primary_candidate_93203_2090,True,False,False,True,True
93203,primary_candidate_93203_2091,False,True,False,True,True
93203,primary_candidate_93203_2092,True,False,False,True,True
93203,primary_candidate_93203_2093,False,True,False,True,True
93203,primary_candidate_93203_2094,False,True,False,True,True
93203,primary_candidate_93203_2095,True,False,False,True,True
93203,primary_candidate_93203_2096,True,False,False,True,True
93203,primary_candidate_93203_2097,False,True,False,True,True
93203,primary_candidate_93203_2098,False,True,False,True,True
93203,primary_candidate_93203_2099,False,True,False,True,True
93203,primary_candidate_93203_2100,True,True,True,False,True
93203,primary_candidate_93203_2101,False,True,False,True,True
93203,primary_candidate_93203_2102,True,True,True,False,True
93203,primary_candidate_93203_2103,False,True,False,True,True
93203,primary_candidate_93203_2104,False,True,False,True,True
93203,primary_candidate_93203_2105,True,False,False,True,True
93203,primary_candidate_93203_2106,True,True,True,False,True
93203,primary_candidate_93203_2107,True,False,False,True,True
93203,primary_candidate_93203_2108,False,True,False,True,True
93203,primary_candidate_93203_2109,True,False,False,True,True
93203,primary_candidate_93203_2110,True,True,True,False,True
93203,primary_candidate_93203_2111,True,False,False,True,True
93203,primary_candidate_93203_2112,True,False,False,True,True
93203,primary_candidate_93203_2113,False,True,False,True,True
93203,primary_candidate_93203_2114,False,True,False,True,True
93203,primary_candidate_93203_2115,True,False,False,True,True
93203,primary_candidate_93203_2116,False,True,False,True,True
93203,primary_candidate_93203_2117,True,False,False,True,True
93203,primary_candidate_93203_2118,False,True,False,True,True
93203,primary_candidate_93203_2119,False,True,False,True,True
93203,primary_candidate_93203_2120,False,True,False,True,True
93203,primary_candidate_93203_2121,False,True,False,True,True
93203,primary_candidate_93203_2122,False,True,False,True,True
93203,primary_candidate_93203_2123,False,True,False,True,True
93203,primary_candidate_93203_2124,True,True,True,False,True
93203,primary_candidate_93203_2125,False,True,False,True,True
93203,primary_candidate_93203_2126,True,False,False,True,True
93203,primary_candidate_93203_2127,True,False,False,True,True
93203,primary_candidate_93203_2128,True,False,False,True,True
93203,primary_candidate_93203_2129,False,True,False,True,True
93203,primary_candidate_93203_2130,True,False,False,True,True
93203,primary_candidate_93203_2131,False,True,False,True,True
93203,primary_candidate_93203_2132,False,True,False,True,True
93203,primary_candidate_93203_2133,False,True,False,True,True
93203,primary_candidate_93203_2134,False,True,False,True,True
93203,primary_candidate_93203_2135,True,False,False,True,True
93203,primary_candidate_93203_2136,True,False,False,True,True
93203,primary_candidate_93203_2137,False,True,False,True,True
93203,primary_candidate_93203_2138,False,True,False,True,True
93203,primary_candidate_93203_2139,False,True,False,True,True
93203,primary_candidate_93203_2140,True,False,False,True,True
93203,primary_candidate_93203_2141,False,True,False,True,True
93203,primary_candidate_93203_2142,True,False,False,True,True
93203,primary_candidate_93203_2143,False,True,False,True,True
93203,primary_candidate_93203_2144,True,False,False,True,True
93203,primary_candidate_93203_2145,True,True,True,False,True
93203,primary_candidate_93203_2146,False,True,False,True,True
93203,primary_candidate_93203_2147,True,False,False,True,True
93203,primary_candidate_93203_2148,False,True,False,True,True
93203,primary_candidate_93203_2149,True,False,False,True,True
93203,primary_candidate_93203_2150,True,True,True,False,True
93203,primary_candidate_93203_2151,True,False,False,True,True
93203,primary_candidate_93203_2152,False,True,False,True,True
93203,primary_candidate_93203_2153,True,False,False,True,True
93203,primary_candidate_93203_2154,False,True,False,True,True
93203,primary_candidate_93203_2155,True,False,False,True,True
93203,primary_candidate_93203_2156,False,True,False,True,True
93203,primary_candidate_93203_2157,False,True,False,True,True
93203,primary_candidate_93203_2158,False,True,False,True,True
93203,primary_candidate_93203_2159,True,False,False,True,True
93203,primary_candidate_93203_2160,True,False,False,True,True
93203,primary_candidate_93203_2161,True,False,False,True,True
93203,primary_candidate_93203_2162,True,False,False,True,True
93203,primary_candidate_93203_2163,False,True,False,True,True
93203,primary_candidate_93203_2164,False,True,False,True,True
93203,primary_candidate_93203_2165,False,True,False,True,True
93203,primary_candidate_93203_2166,False,True,False,True,True
93203,primary_candidate_93203_2167,False,True,False,True,True
93203,primary_candidate_93203_2168,False,True,False,True,True
93203,primary_candidate_93203_2169,False,True,False,True,True
93203,primary_candidate_93203_2170,False,True,False,True,True
93203,primary_candidate_93203_2171,True,False,False,True,True
93203,primary_candidate_93203_2172,False,True,False,True,True
93203,primary_candidate_93203_2173,False,True,False,True,True
93203,primary_candidate_93203_2174,True,True,True,False,True
93203,primary_candidate_93203_2175,False,True,False,True,True
93203,primary_candidate_93203_2176,False,True,False,True,True
93203,primary_candidate_93203_2177,True,False,False,True,True
93203,primary_candidate_93203_2178,False,True,False,True,True
93203,primary_candidate_93203_2179,False,True,False,True,True
93203,primary_candidate_93203_2180,True,False,False,True,True
93203,primary_candidate_93203_2181,False,True,False,True,True
93203,primary_candidate_93203_2182,False,True,False,True,True
93203,primary_candidate_93203_2183,False,True,False,True,True
93203,primary_candidate_93203_2184,False,True,False,True,True
93203,primary_candidate_93203_2185,False,True,False,True,True
93203,primary_candidate_93203_2186,True,True,True,False,True
93203,primary_candidate_93203_2187,True,False,False,True,True
93203,primary_candidate_93203_2188,False,True,False,True,True
93203,primary_candidate_93203_2189,False,True,False,True,True
93203,primary_candidate_93203_2190,True,False,False,True,True
93203,primary_candidate_93203_2191,True,True,True,False,True
93203,primary_candidate_93203_2192,False,True,False,True,True
93203,primary_candidate_93203_2193,False,True,False,True,True
93203,primary_candidate_93203_2194,False,True,False,True,True
93203,primary_candidate_93203_2195,False,True,False,True,True
93203,primary_candidate_93203_2196,True,True,True,False,True
93203,primary_candidate_93203_2197,True,False,False,True,True
93203,primary_candidate_93203_2198,False,True,False,True,True
93203,primary_candidate_93203_2199,True,False,False,True,True
93203,primary_candidate_93203_2200,False,True,False,True,True
93203,primary_candidate_93203_2201,True,False,False,True,True
93203,primary_candidate_93203_2202,False,True,False,True,True
93203,primary_candidate_93203_2203,False,True,False,True,True
93203,primary_candidate_93203_2204,True,False,False,True,True
93203,primary_candidate_93203_2205,True,False,False,True,True
93203,primary_candidate_93203_2206,True,False,False,True,True
93203,primary_candidate_93203_2207,False,True,False,True,True
93203,primary_candidate_93203_2208,False,True,False,True,True
93203,primary_candidate_93203_2209,False,True,False,True,True
93203,primary_candidate_93203_2210,True,False,False,True,True
93203,primary_candidate_93203_2211,False,True,False,True,True
93203,primary_candidate_93203_2212,False,True,False,True,True
93203,primary_candidate_93203_2213,False,True,False,True,True
93203,primary_candidate_93203_2214,False,True,False,True,True
93203,primary_candidate_93203_2215,False,True,False,True,True
93203,primary_candidate_93203_2216,True,False,False,True,True
93203,primary_candidate_93203_2217,False,True,False,True,True
93203,primary_candidate_93203_2218,False,True,False,True,True
93203,primary_candidate_93203_2219,False,True,False,True,True
93203,primary_candidate_93203_2220,True,True,True,False,True
93203,primary_candidate_93203_2221,False,True,False,True,True
93203,primary_candidate_93203_2222,True,False,False,True,True
93203,primary_candidate_93203_2223,False,True,False,True,True
93203,primary_candidate_93203_2224,False,True,False,True,True
93203,primary_candidate_93203_2225,False,True,False,True,True
93203,primary_candidate_93203_2226,True,False,False,True,True
93203,primary_candidate_93203_2227,True,False,False,True,True
93203,primary_candidate_93203_2228,True,True,True,False,True
93203,primary_candidate_93203_2229,False,True,False,True,True
93203,primary_candidate_93203_2230,True,False,False,True,True
93203,primary_candidate_93203_2231,False,True,False,True,True
93203,primary_candidate_93203_2232,True,False,False,True,True
93203,primary_candidate_93203_2233,False,True,False,True,True
93203,primary_candidate_93203_2234,True,False,False,True,True
93203,primary_candidate_93203_2235,True,True,True,False,True
93203,primary_candidate_93203_2236,True,False,False,True,True
93203,primary_candidate_93203_2237,True,False,False,True,True
93203,primary_candidate_93203_2238,True,False,False,True,True
93203,primary_candidate_93203_2239,False,True,False,True,True
93203,primary_candidate_93203_2240,False,True,False,True,True
93203,primary_candidate_93203_2241,False,True,False,True,True
93203,primary_candidate_93203_2242,False,True,False,True,True
93203,primary_candidate_93203_2243,False,True,False,True,True
93203,primary_candidate_93203_2244,False,True,False,True,True
93203,primary_candidate_93203_2245,True,False,False,True,True
93203,primary_candidate_93203_2246,True,False,False,True,True
93203,primary_candidate_93203_2247,True,False,False,True,True
93203,primary_candidate_93203_2248,False,True,False,True,True
93203,primary_candidate_93203_2249,False,True,False,True,True
93203,primary_candidate_93203_2250,True,False,False,True,True
93203,primary_candidate_93203_2251,False,True,False,True,True
93203,primary_candidate_93203_2252,True,False,False,True,True
93203,primary_candidate_93203_2253,False,True,False,True,True
93203,primary_candidate_93203_2254,False,True,False,True,True
93203,primary_candidate_93203_2255,True,False,False,True,True
93203,primary_candidate_93203_2256,True,False,False,True,True
93203,primary_candidate_93203_2257,True,False,False,True,True
93203,primary_candidate_93203_2258,True,False,False,True,True
93203,primary_candidate_93203_2259,False,True,False,True,True
93203,primary_candidate_93203_2260,False,True,False,True,True
93203,primary_candidate_93203_2261,True,True,True,False,True
93203,primary_candidate_93203_2262,True,False,False,True,True
93203,primary_candidate_93203_2263,False,True,False,True,True
93203,primary_candidate_93203_2264,False,True,False,True,True
93203,primary_candidate_93203_2265,False,True,False,True,True
93203,primary_candidate_93203_2266,False,True,False,True,True
93203,primary_candidate_93203_2267,True,False,False,True,True
93203,primary_candidate_93203_2268,False,True,False,True,True
93203,primary_candidate_93203_2269,False,True,False,True,True
93203,primary_candidate_93203_2270,False,True,False,True,True
93203,primary_candidate_93203_2271,True,False,False,True,True
93203,primary_candidate_93203_2272,False,True,False,True,True
93203,primary_candidate_93203_2273,False,True,False,True,True
93203,primary_candidate_93203_2274,False,True,False,True,True
93203,primary_candidate_93203_2275,False,True,False,True,True
93203,primary_candidate_93203_2276,True,False,False,True,True
93203,primary_candidate_93203_2277,True,False,False,True,True
93203,primary_candidate_93203_2278,False,True,False,True,True
93203,primary_candidate_93203_2279,False,True,False,True,True
93203,primary_candidate_93203_2280,False,True,False,True,True
93203,primary_candidate_93203_2281,True,False,False,True,True
93203,primary_candidate_93203_2282,True,False,False,True,True
93203,primary_candidate_93203_2283,False,True,False,True,True
93203,primary_candidate_93203_2284,False,True,False,True,True
93203,primary_candidate_93203_2285,True,False,False,True,True
93203,primary_candidate_93203_2286,True,False,False,True,True
93203,primary_candidate_93203_2287,True,False,False,True,True
93203,primary_candidate_93203_2288,False,True,False,True,True
93203,primary_candidate_93203_2289,False,True,False,True,True
93203,primary_candidate_93203_2290,True,False,False,True,True
93203,primary_candidate_93203_2291,False,True,False,True,True
93203,primary_candidate_93203_2292,False,True,False,True,True
93203,primary_candidate_93203_2293,True,False,False,True,True
93203,primary_candidate_93203_2294,False,True,False,True,True
93203,primary_candidate_93203_2295,False,True,False,True,True
93203,primary_candidate_93203_2296,True,True,True,False,True
93203,primary_candidate_93203_2297,True,False,False,True,True
93203,primary_candidate_93203_2298,False,True,False,True,True
93203,primary_candidate_93203_2299,False,True,False,True,True
93203,primary_candidate_93203_2300,False,True,False,True,True
93203,primary_candidate_93203_2301,False,True,False,True,True
93203,primary_candidate_93203_2302,True,False,False,True,True
93203,primary_candidate_93203_2303,False,True,False,True,True
93203,primary_candidate_93203_2304,False,True,False,True,True
93203,primary_candidate_93203_2305,False,True,False,True,True
93203,primary_candidate_93203_2306,True,False,False,True,True
93203,primary_candidate_93203_2307,False,True,False,True,True
93203,primary_candidate_93203_2308,False,True,False,True,True
93203,primary_candidate_93203_2309,False,True,False,True,True
93203,primary_candidate_93203_2310,False,True,False,True,True
93203,primary_candidate_93203_2311,True,True,True,False,True
93203,primary_candidate_93203_2312,True,False,False,True,True
93203,primary_candidate_93203_2313,False,True,False,True,True
93203,primary_candidate_93203_2314,False,True,False,True,True
93203,primary_candidate_93203_2315,True,False,False,True,True
93203,primary_candidate_93203_2316,True,False,False,True,True
93203,primary_candidate_93203_2317,False,True,False,True,True
93203,primary_candidate_93203_2318,True,False,False,True,True
93203,primary_candidate_93203_2319,True,False,False,True,True
93203,primary_candidate_93203_2320,False,True,False,True,True
93203,primary_candidate_93203_2321,True,False,False,True,True
93203,primary_candidate_93203_2322,False,True,False,True,True
93203,primary_candidate_93203_2323,True,False,False,True,True
93203,primary_candidate_93203_2324,False,True,False,True,True
93203,primary_candidate_93203_2325,True,False,False,True,True
93203,primary_candidate_93203_2326,False,True,False,True,True
93203,primary_candidate_93203_2327,False,True,False,True,True
93203,primary_candidate_93203_2328,False,True,False,True,True
93203,primary_candidate_93203_2329,False,True,False,True,True
93203,primary_candidate_93203_2330,True,True,True,False,True
93203,primary_candidate_93203_2331,False,True,False,True,True
93203,primary_candidate_93203_2332,False,True,False,True,True
93203,primary_candidate_93203_2333,False,True,False,True,True
93203,primary_candidate_93203_2334,False,True,False,True,True
93203,primary_candidate_93203_2335,True,False,False,True,True
93203,primary_candidate_93203_2336,True,False,False,True,True
93203,primary_candidate_93203_2337,True,True,True,False,True
93203,primary_candidate_93203_2338,False,True,False,True,True
93203,primary_candidate_93203_2339,False,True,False,True,True
93203,primary_candidate_93203_2340,True,False,False,True,True
93203,primary_candidate_93203_2341,True,False,False,True,True
93203,primary_candidate_93203_2342,False,True,False,True,True
93203,primary_candidate_93203_2343,False,True,False,True,True
93203,primary_candidate_93203_2344,True,False,False,True,True
93203,primary_candidate_93203_2345,True,True,True,False,True
93203,primary_candidate_93203_2346,False,True,False,True,True
93203,primary_candidate_93203_2347,True,False,False,True,True
93203,primary_candidate_93203_2348,True,False,False,True,True
93203,primary_candidate_93203_2349,False,True,False,True,True
93203,primary_candidate_93203_2350,True,False,False,True,True
93203,primary_candidate_93203_2351,True,False,False,True,True
93203,primary_candidate_93203_2352,False,True,False,True,True
93203,primary_candidate_93203_2353,False,True,False,True,True
93203,primary_candidate_93203_2354,False,True,False,True,True
93203,primary_candidate_93203_2355,True,True,True,False,True
93203,primary_candidate_93203_2356,True,True,True,False,True
93203,primary_candidate_93203_2357,False,True,False,True,True
93203,primary_candidate_93203_2358,False,True,False,True,True
93203,primary_candidate_93203_2359,True,False,False,True,True
93203,primary_candidate_93203_2360,True,True,True,False,True
93203,primary_candidate_93203_2361,True,True,True,False,True
93203,primary_candidate_93203_2362,True,False,False,True,True
93203,primary_candidate_93203_2363,False,True,False,True,True
93203,primary_candidate_93203_2364,True,False,False,True,True
93203,primary_candidate_93203_2365,False,True,False,True,True
93203,primary_candidate_93203_2366,False,True,False,True,True
93203,primary_candidate_93203_2367,False,True,False,True,True
93203,primary_candidate_93203_2368,False,True,False,True,True
93203,primary_candidate_93203_2369,False,True,False,True,True
93203,primary_candidate_93203_2370,False,True,False,True,True
93203,primary_candidate_93203_2371,False,True,False,True,True
93203,primary_candidate_93203_2372,True,False,False,True,True
93203,primary_candidate_93203_2373,False,True,False,True,True
93203,primary_candidate_93203_2374,True,False,False,True,True
93203,primary_candidate_93203_2375,False,True,False,True,True
93203,primary_candidate_93203_2376,False,True,False,True,True
93203,primary_candidate_93203_2377,True,True,True,False,True
93203,primary_candidate_93203_2378,False,True,False,True,True
93203,primary_candidate_93203_2379,False,True,False,True,True
93203,primary_candidate_93203_2380,True,True,True,False,True
93203,primary_candidate_93203_2381,False,True,False,True,True
93203,primary_candidate_93203_2382,True,False,False,True,True
93203,primary_candidate_93203_2383,False,True,False,True,True
93203,primary_candidate_93203_2384,False,True,False,True,True
93203,primary_candidate_93203_2385,False,True,False,True,True
93203,primary_candidate_93203_2386,True,True,True,False,True
93203,primary_candidate_93203_2387,False,True,False,True,True
93203,primary_candidate_93203_2388,False,True,False,True,True
93203,primary_candidate_93203_2389,True,False,False,True,True
93203,primary_candidate_93203_2390,True,False,False,True,True
93203,primary_candidate_93203_2391,False,True,False,True,True
93203,primary_candidate_93203_2392,True,False,False,True,True
93203,primary_candidate_93203_2393,False,True,False,True,True
93203,primary_candidate_93203_2394,False,True,False,True,True
93203,primary_candidate_93203_2395,False,True,False,True,True
93203,primary_candidate_93203_2396,False,True,False,True,True
93203,primary_candidate_93203_2397,False,True,False,True,True
93203,primary_candidate_93203_2398,False,True,False,True,True
93203,primary_candidate_93203_2399,False,True,False,True,True
93203,primary_candidate_93203_2400,True,False,False,True,True
93203,primary_candidate_93203_2401,False,True,False,True,True
93203,primary_candidate_93203_2402,False,True,False,True,True
93203,primary_candidate_93203_2403,False,True,False,True,True
93203,primary_candidate_93203_2404,False,True,False,True,True
93203,primary_candidate_93203_2405,True,False,False,True,True
93203,primary_candidate_93203_2406,True,True,True,False,True
93203,primary_candidate_93203_2407,False,True,False,True,True
93203,primary_candidate_93203_2408,False,True,False,True,True
93203,primary_candidate_93203_2409,True,False,False,True,True
93203,primary_candidate_93203_2410,True,True,True,False,True
93203,primary_candidate_93203_2411,True,False,False,True,True
93203,primary_candidate_93203_2412,False,True,False,True,True
93203,primary_candidate_93203_2413,False,True,False,True,True
93203,primary_candidate_93203_2414,True,True,True,False,True
93203,primary_candidate_93203_2415,True,False,False,True,True
93203,primary_candidate_93203_2416,True,False,False,True,True
93203,primary_candidate_93203_2417,False,True,False,True,True
93203,primary_candidate_93203_2418,False,True,False,True,True
93203,primary_candidate_93203_2419,False,False,False,True,True
93203,primary_candidate_93203_2420,True,False,False,True,True
93203,primary_candidate_93203_2421,False,True,False,True,True
93203,primary_candidate_93203_2422,False,True,False,True,True
93203,primary_candidate_93203_2423,True,False,False,True,True
93203,primary_candidate_93203_2424,False,True,False,True,True
93203,primary_candidate_93203_2425,False,True,False,True,True
93203,primary_candidate_93203_2426,False,True,False,True,True
93203,primary_candidate_93203_2427,False,True,False,True,True
93203,primary_candidate_93203_2428,False,True,False,True,True
93203,primary_candidate_93203_2429,True,False,False,True,True
93203,primary_candidate_93203_2430,True,False,False,True,True
93203,primary_candidate_93203_2431,True,False,False,True,True
93203,primary_candidate_93203_2432,True,False,False,True,True
93203,primary_candidate_93203_2433,False,True,False,True,True
93203,primary_candidate_93203_2434,False,True,False,True,True
93203,primary_candidate_93203_2435,False,True,False,True,True
93203,primary_candidate_93203_2436,False,True,False,True,True
93203,primary_candidate_93203_2437,True,False,False,True,True
93203,primary_candidate_93203_2438,False,True,False,True,True
93203,primary_candidate_93203_2439,False,True,False,True,True
93203,primary_candidate_93203_2440,False,True,False,True,True
93203,primary_candidate_93203_2441,True,False,False,True,True
93203,primary_candidate_93203_2442,False,True,False,True,True
93203,primary_candidate_93203_2443,True,False,False,True,True
93203,primary_candidate_93203_2444,False,True,False,True,True
93203,primary_candidate_93203_2445,False,True,False,True,True
93203,primary_candidate_93203_2446,True,False,False,True,True
93203,primary_candidate_93203_2447,False,True,False,True,True
93203,primary_candidate_93203_2448,False,True,False,True,True
93203,primary_candidate_93203_2449,True,False,False,True,True
93203,primary_candidate_93203_2450,False,True,False,True,True
93203,primary_candidate_93203_2451,False,True,False,True,True
93203,primary_candidate_93203_2452,False,True,False,True,True
93203,primary_candidate_93203_2453,False,True,False,True,True
93203,primary_candidate_93203_2454,False,True,False,True,True
93203,primary_candidate_93203_2455,True,False,False,True,True
93203,primary_candidate_93203_2456,False,True,False,True,True
93203,primary_candidate_93203_2457,False,True,False,True,True
93203,primary_candidate_93203_2458,True,False,False,True,True
93203,primary_candidate_93203_2459,False,False,False,True,True
93203,primary_candidate_93203_2460,True,False,False,True,True
93203,primary_candidate_93203_2461,True,False,False,True,True
93203,primary_candidate_93203_2462,False,True,False,True,True
93203,primary_candidate_93203_2463,False,True,False,True,True
93203,primary_candidate_93203_2464,False,True,False,True,True
93203,primary_candidate_93203_2465,False,False,False,True,True
93203,primary_candidate_93203_2466,True,False,False,True,True
93203,primary_candidate_93203_2467,True,False,False,True,True
93203,primary_candidate_93203_2468,False,True,False,True,True
93203,primary_candidate_93203_2469,True,False,False,True,True
93203,primary_candidate_93203_2470,True,False,False,True,True
93203,primary_candidate_93203_2471,False,True,False,True,True
93203,primary_candidate_93203_2472,False,True,False,True,True
93203,primary_candidate_93203_2473,False,True,False,True,True
93203,primary_candidate_93203_2474,False,True,False,True,True
93203,primary_candidate_93203_2475,False,True,False,True,True
93203,primary_candidate_93203_2476,True,True,True,False,True
93203,primary_candidate_93203_2477,False,True,False,True,True
93203,primary_candidate_93203_2478,False,True,False,True,True
93203,primary_candidate_93203_2479,False,True,False,True,True
93203,primary_candidate_93203_2480,True,False,False,True,True
93203,primary_candidate_93203_2481,True,False,False,True,True
93203,primary_candidate_93203_2482,False,True,False,True,True
93203,primary_candidate_93203_2483,False,True,False,True,True
93203,primary_candidate_93203_2484,False,True,False,True,True
93203,primary_candidate_93203_2485,True,False,False,True,True
93203,primary_candidate_93203_2486,False,True,False,True,True
93203,primary_candidate_93203_2487,False,False,False,True,True
93203,primary_candidate_93203_2488,False,True,False,True,True
93203,primary_candidate_93203_2489,False,True,False,True,True
93203,primary_candidate_93203_2490,True,True,True,False,True
93203,primary_candidate_93203_2491,False,True,False,True,True
93203,primary_candidate_93203_2492,False,True,False,True,True
93203,primary_candidate_93203_2493,False,True,False,True,True
93203,primary_candidate_93203_2494,False,True,False,True,True
93203,primary_candidate_93203_2495,True,False,False,True,True
93203,primary_candidate_93203_2496,False,True,False,True,True
93203,primary_candidate_93203_2497,True,False,False,True,True
93203,primary_candidate_93203_2498,False,True,False,True,True
93203,primary_candidate_93203_2499,False,True,False,True,True
93203,primary_candidate_93203_2500,True,True,True,False,True
93203,primary_candidate_93203_2501,True,False,False,True,True
93203,primary_candidate_93203_2502,True,False,False,True,True
93203,primary_candidate_93203_2503,False,True,False,True,True
93203,primary_candidate_93203_2504,False,True,False,True,True
93203,primary_candidate_93203_2505,True,False,False,True,True
93203,primary_candidate_93203_2506,False,True,False,True,True
93203,primary_candidate_93203_2507,False,True,False,True,True
93203,primary_candidate_93203_2508,False,True,False,True,True
93203,primary_candidate_93203_2509,False,True,False,True,True
93203,primary_candidate_93203_2510,False,True,False,True,True
93203,primary_candidate_93203_2511,True,False,False,True,True
93203,primary_candidate_93203_2512,False,True,False,True,True
93203,primary_candidate_93203_2513,False,True,False,True,True
93203,primary_candidate_93203_2514,True,False,False,True,True
93203,primary_candidate_93203_2515,True,True,True,False,True
93203,primary_candidate_93203_2516,False,True,False,True,True
93203,primary_candidate_93203_2517,True,False,False,True,True
93203,primary_candidate_93203_2518,False,True,False,True,True
93203,primary_candidate_93203_2519,False,True,False,True,True
93203,primary_candidate_93203_2520,False,True,False,True,True
93203,primary_candidate_93203_2521,True,False,False,True,True
93203,primary_candidate_93203_2522,False,True,False,True,True
93203,primary_candidate_93203_2523,False,True,False,True,True
93203,primary_candidate_93203_2524,True,False,False,True,True
93203,primary_candidate_93203_2525,False,True,False,True,True
93203,primary_candidate_93203_2526,False,True,False,True,True
93203,primary_candidate_93203_2527,True,False,False,True,True
93203,primary_candidate_93203_2528,True,True,True,False,True
93203,primary_candidate_93203_2529,False,True,False,True,True
93203,primary_candidate_93203_2530,True,False,False,True,True
93203,primary_candidate_93203_2531,False,True,False,True,True
93203,primary_candidate_93203_2532,True,False,False,True,True
93203,primary_candidate_93203_2533,False,True,False,True,True
93203,primary_candidate_93203_2534,False,True,False,True,True
93203,primary_candidate_93203_2535,False,True,False,True,True
93203,primary_candidate_93203_2536,False,True,False,True,True
93203,primary_candidate_93203_2537,False,True,False,True,True
93203,primary_candidate_93203_2538,False,True,False,True,True
93203,primary_candidate_93203_2539,False,True,False,True,True
93203,primary_candidate_93203_2540,True,False,False,True,True
93203,primary_candidate_93203_2541,True,False,False,True,True
93203,primary_candidate_93203_2542,True,False,False,True,True
93203,primary_candidate_93203_2543,False,True,False,True,True
93203,primary_candidate_93203_2544,False,False,False,True,True
93203,primary_candidate_93203_2545,False,True,False,True,True
93203,primary_candidate_93203_2546,True,False,False,True,True
93203,primary_candidate_93203_2547,False,True,False,True,True
93203,primary_candidate_93203_2548,False,True,False,True,True
93203,primary_candidate_93203_2549,False,True,False,True,True
93203,primary_candidate_93203_2550,True,False,False,True,True
93203,primary_candidate_93203_2551,True,False,False,True,True
93203,primary_candidate_93203_2552,True,False,False,True,True
93203,primary_candidate_93203_2553,True,False,False,True,True
93203,primary_candidate_93203_2554,False,True,False,True,True
93203,primary_candidate_93203_2555,False,True,False,True,True
93203,primary_candidate_93203_2556,False,True,False,True,True
93203,primary_candidate_93203_2557,False,True,False,True,True
93203,primary_candidate_93203_2558,False,True,False,True,True
93203,primary_candidate_93203_2559,False,True,False,True,True
