architecture,seed,condition,target,draw,x_m,underside_m,reconstructed,bounded_clear_at_recorded_frames,contrast,sparse_false_clear,dense_lower_gap_m,sparse_lower_gap_m,legacy_contrast_is_valid_witness,capsule_model_contrast,sampled_target_penetration,sampled_min_target_gap_m
unconditional,101,conditioned,0,0,1.9264471530914307,1.3933573961257935,False,True,False,False,0.09119472652673721,0.09404578059911728,False,False,False,0.09244473278522487
unconditional,101,conditioned,1,0,2.2361159324645996,1.5194859504699707,False,True,False,False,0.2798979878425598,0.3094591200351715,False,False,False,0.28114800155162806
unconditional,101,conditioned,2,0,1.5853785276412964,0.9599802494049072,False,False,False,False,-0.10530377179384232,-0.07185286283493042,False,False,True,-0.09730377048254016
unconditional,101,conditioned,3,0,2.4712162017822266,0.996035099029541,False,False,False,False,-0.11687170714139938,-0.06511598080396652,False,False,True,-0.11562170833349232
unconditional,101,conditioned,4,0,1.9864472150802612,0.9657689929008484,False,False,False,False,-0.12108350545167923,-0.1116989254951477,False,False,True,-0.11308350414037707
unconditional,101,conditioned,5,0,3.7753090858459473,1.2425639629364014,False,False,False,False,-0.057811189442873,-0.057811189442873,False,False,True,-0.056561198085546535
unconditional,101,conditioned,6,0,1.8847657442092896,1.1436971426010132,False,False,False,False,-0.09629689902067184,-0.09154002368450165,False,False,True,-0.09504690021276478
unconditional,101,conditioned,0,1,2.6563096046447754,1.2568559646606445,False,False,False,False,-0.03101767599582672,-0.0068297311663627625,False,False,True,-0.029767684638500255
unconditional,101,conditioned,1,1,3.996267795562744,1.5074567794799805,False,True,False,False,0.2059284746646881,0.20706167817115784,False,False,False,0.20717845857143397
unconditional,101,conditioned,2,1,1.621375560760498,1.4569318294525146,False,True,False,False,0.2034459114074707,0.2103370875120163,False,False,False,0.20469592511653895
unconditional,101,conditioned,3,1,2.1190481185913086,1.2435979843139648,False,False,False,True,-0.01915745437145233,0.029128700494766235,False,False,True,-0.017907448112964672
unconditional,101,conditioned,4,1,2.0317063331604004,0.8238239884376526,False,False,False,False,-0.1557588130235672,-0.06643980741500854,False,False,True,-0.14875881373882296
unconditional,101,conditioned,5,1,1.6298487186431885,0.8617925643920898,False,False,False,False,-0.15718622505664825,-0.08199195563793182,False,False,True,-0.15018622577190402
unconditional,101,conditioned,6,1,2.767312526702881,1.4381722211837769,True,True,False,False,0.20453967154026031,0.21682311594486237,False,False,False,0.20578967034816736
unconditional,101,conditioned,0,2,2.9436564445495605,0.9806880950927734,False,False,False,False,-0.13492882251739502,-0.13427400588989258,False,False,True,-0.12692882865667346
unconditional,101,conditioned,1,2,3.1999831199645996,1.213737964630127,False,False,False,False,-0.07664811611175537,-0.0255887508392334,False,False,True,-0.07539810985326771
unconditional,101,conditioned,2,2,3.233443260192871,1.1042320728302002,False,False,False,False,-0.12967640161514282,-0.09119343012571335,False,False,True,-0.12842638790607458
unconditional,101,conditioned,3,2,2.437871217727661,1.0340516567230225,False,False,False,False,-0.15488827228546143,-0.09846096485853195,False,False,True,-0.15363826602697378
unconditional,101,conditioned,4,2,3.163522720336914,1.4983235597610474,True,True,False,False,0.26137053966522217,0.26137053966522217,False,False,False,0.2626205533742904
unconditional,101,conditioned,5,2,2.9989848136901855,1.5024759769439697,False,True,False,False,0.25709518790245056,0.2679388225078583,False,False,False,0.2583452016115188
unconditional,101,conditioned,6,2,2.6298367977142334,1.1963083744049072,False,False,False,False,-0.027468886226415634,-0.02504073828458786,False,False,True,-0.02621888741850857
unconditional,101,conditioned,0,3,2.42156982421875,1.471653938293457,False,True,False,False,0.16796183586120605,0.20071089267730713,False,False,False,0.1692118495702743
unconditional,101,conditioned,1,3,3.708890438079834,1.2629568576812744,False,False,False,False,-0.0315605066716671,-0.001408219337463379,False,False,True,-0.030310515314340633
unconditional,101,conditioned,2,3,3.5914690494537354,1.0759503841400146,False,False,False,False,-0.16923248767852783,-0.09262923896312714,False,False,True,-0.1679824814200402
unconditional,101,conditioned,3,3,3.709564208984375,0.8279818892478943,False,False,False,False,-0.17537976801395416,-0.06435447931289673,False,False,True,-0.16837976872920993
unconditional,101,conditioned,4,3,2.670989513397217,0.8614346385002136,False,False,False,False,-0.16738730669021606,-0.14843839406967163,False,False,True,-0.1593873053789139
unconditional,101,conditioned,5,3,2.9611997604370117,0.956338107585907,False,False,False,False,-0.09375632554292679,-0.08091842383146286,False,False,True,-0.08575632423162463
unconditional,101,conditioned,6,3,3.1437158584594727,1.41433584690094,True,True,False,False,0.1807859241962433,0.21779657900333405,False,False,False,0.18203590810298914
unconditional,101,conditioned,0,4,2.645662546157837,1.3074684143066406,False,True,False,False,0.01669895648956299,0.04378271847963333,False,False,False,0.017948970198631245
unconditional,101,conditioned,1,4,2.56445050239563,1.3443584442138672,False,True,False,False,0.11134696751832962,0.12141801416873932,False,False,False,0.11259697377681728
unconditional,101,conditioned,2,4,3.006019353866577,1.3346655368804932,False,True,False,False,0.10071314126253128,0.13510745763778687,False,False,False,0.10196314752101894
unconditional,101,conditioned,3,4,4.330971717834473,1.2849202156066895,False,False,False,False,-0.016106128692626953,-0.01564968377351761,False,False,True,-0.014856122434139293
unconditional,101,conditioned,4,4,1.9179835319519043,1.2281630039215088,False,False,False,False,-0.046167366206645966,-0.04595649242401123,False,False,True,-0.0449173673987389
unconditional,101,conditioned,5,4,1.658284068107605,1.3440016508102417,False,True,False,False,0.039621248841285706,0.04334629327058792,False,False,False,0.04087124019861217
unconditional,101,conditioned,6,4,4.216007232666016,1.2432420253753662,False,False,False,False,-0.05868266522884369,-0.03200780600309372,False,False,True,-0.05743267387151722
unconditional,101,conditioned,0,5,2.8540124893188477,1.0332260131835938,True,False,False,False,-0.12165426462888718,-0.04484492540359497,False,False,True,-0.12040426582098011
unconditional,101,conditioned,1,5,2.9671032428741455,1.1084697246551514,False,False,False,False,-0.1289350837469101,-0.09997968375682831,False,False,True,-0.12768509238958364
unconditional,101,conditioned,2,5,2.2949390411376953,1.3380932807922363,False,True,False,False,0.10504438728094101,0.11753702908754349,False,False,False,0.10629437863826748
unconditional,101,conditioned,3,5,3.342996597290039,0.9858278036117554,False,False,False,False,-0.11318778246641159,-0.08995609730482101,False,False,True,-0.11193778365850453
unconditional,101,conditioned,4,5,3.7909021377563477,1.1900126934051514,False,False,False,False,-0.09462809562683105,-0.07025015354156494,False,False,True,-0.0933780893683434
unconditional,101,conditioned,5,5,3.919358015060425,1.432492971420288,False,True,False,False,0.13096466660499573,0.13209787011146545,False,False,False,0.13221465051174158
unconditional,101,conditioned,6,5,2.0485341548919678,1.221257209777832,True,False,False,True,-0.005503527820110321,0.03181994706392288,False,False,True,-0.004253529012203258
unconditional,101,conditioned,0,6,2.601848602294922,1.2337379455566406,False,False,False,False,-0.0634663999080658,-0.02994775027036667,False,False,True,-0.062216392252594274
unconditional,101,conditioned,1,6,3.2702832221984863,1.2342795133590698,False,False,False,False,-0.062201134860515594,-0.005047202110290527,False,False,True,-0.06095113605260853
unconditional,101,conditioned,2,6,4.180280685424805,1.2087492942810059,False,False,False,False,-0.0841446965932846,-0.06756138801574707,False,False,True,-0.08289470523595814
unconditional,101,conditioned,3,6,2.780968189239502,1.348827600479126,False,True,False,False,0.11472996324300766,0.14789557456970215,False,False,False,0.11597996950149532
unconditional,101,conditioned,4,6,3.9451303482055664,1.530377984046936,False,True,False,False,0.24221271276474,0.2617192566394806,False,False,False,0.24346269667148585
unconditional,101,conditioned,5,6,1.947056531906128,1.032882809638977,False,False,False,False,-0.13806460797786713,-0.0755455419421196,False,False,True,-0.13681461662054067
unconditional,101,conditioned,6,6,2.3250153064727783,1.4733093976974487,False,True,False,False,0.24005666375160217,0.2507213354110718,False,False,False,0.24130664765834803
unconditional,101,conditioned,0,7,3.7616488933563232,1.2228796482086182,False,False,False,False,-0.07847368717193604,-0.03782439976930618,False,False,True,-0.07722368091344838
unconditional,101,conditioned,1,7,3.282167673110962,0.7335773706436157,False,False,False,False,-0.16738663613796234,-0.1466309279203415,False,False,True,-0.16238663345575335
unconditional,101,conditioned,2,7,3.4663712978363037,1.4870717525482178,False,True,False,False,0.21830545365810394,0.2450941950082779,False,False,False,0.219555452466011
unconditional,101,conditioned,3,7,2.892615795135498,1.077937364578247,False,False,False,False,-0.1526973694562912,-0.06284122914075851,False,False,True,-0.15144737064838415
unconditional,101,conditioned,4,7,2.9301328659057617,1.2621748447418213,False,True,True,False,0.025221824645996094,0.025221824645996094,False,True,False,0.026471830904483754
unconditional,101,conditioned,5,7,2.837625026702881,1.1518194675445557,False,False,False,False,-0.08541976660490036,-0.07209872454404831,False,False,True,-0.0841697677969933
unconditional,101,conditioned,6,7,2.1637206077575684,1.0624027252197266,False,False,False,False,-0.1526660919189453,-0.12703454494476318,False,False,True,-0.15141608566045767
unconditional,101,input_rotated,0,0,1.9264471530914307,1.3933573961257935,False,True,False,False,0.09119472652673721,0.09404578059911728,False,False,False,0.09244473278522487
unconditional,101,input_rotated,1,0,2.2361159324645996,1.5194859504699707,False,True,False,False,0.2798979878425598,0.3094591200351715,False,False,False,0.28114800155162806
unconditional,101,input_rotated,2,0,1.5853785276412964,0.9599802494049072,False,False,False,False,-0.10530377179384232,-0.07185286283493042,False,False,True,-0.09730377048254016
unconditional,101,input_rotated,3,0,2.4712162017822266,0.996035099029541,False,False,False,False,-0.11687170714139938,-0.06511598080396652,False,False,True,-0.11562170833349232
unconditional,101,input_rotated,4,0,1.9864472150802612,0.9657689929008484,False,False,False,False,-0.12108350545167923,-0.1116989254951477,False,False,True,-0.11308350414037707
unconditional,101,input_rotated,5,0,3.7753090858459473,1.2425639629364014,False,False,False,False,-0.057811189442873,-0.057811189442873,False,False,True,-0.056561198085546535
unconditional,101,input_rotated,6,0,1.8847657442092896,1.1436971426010132,False,False,False,False,-0.09629689902067184,-0.09154002368450165,False,False,True,-0.09504690021276478
unconditional,101,input_rotated,0,1,2.6563096046447754,1.2568559646606445,False,False,False,False,-0.03101767599582672,-0.0068297311663627625,False,False,True,-0.029767684638500255
unconditional,101,input_rotated,1,1,3.996267795562744,1.5074567794799805,False,True,False,False,0.2059284746646881,0.20706167817115784,False,False,False,0.20717845857143397
unconditional,101,input_rotated,2,1,1.621375560760498,1.4569318294525146,False,True,False,False,0.2034459114074707,0.2103370875120163,False,False,False,0.20469592511653895
unconditional,101,input_rotated,3,1,2.1190481185913086,1.2435979843139648,False,False,False,True,-0.01915745437145233,0.029128700494766235,False,False,True,-0.017907448112964672
unconditional,101,input_rotated,4,1,2.0317063331604004,0.8238239884376526,False,False,False,False,-0.1557588130235672,-0.06643980741500854,False,False,True,-0.14875881373882296
unconditional,101,input_rotated,5,1,1.6298487186431885,0.8617925643920898,False,False,False,False,-0.15718622505664825,-0.08199195563793182,False,False,True,-0.15018622577190402
unconditional,101,input_rotated,6,1,2.767312526702881,1.4381722211837769,True,True,False,False,0.20453967154026031,0.21682311594486237,False,False,False,0.20578967034816736
unconditional,101,input_rotated,0,2,2.9436564445495605,0.9806880950927734,False,False,False,False,-0.13492882251739502,-0.13427400588989258,False,False,True,-0.12692882865667346
unconditional,101,input_rotated,1,2,3.1999831199645996,1.213737964630127,False,False,False,False,-0.07664811611175537,-0.0255887508392334,False,False,True,-0.07539810985326771
unconditional,101,input_rotated,2,2,3.233443260192871,1.1042320728302002,False,False,False,False,-0.12967640161514282,-0.09119343012571335,False,False,True,-0.12842638790607458
unconditional,101,input_rotated,3,2,2.437871217727661,1.0340516567230225,False,False,False,False,-0.15488827228546143,-0.09846096485853195,False,False,True,-0.15363826602697378
unconditional,101,input_rotated,4,2,3.163522720336914,1.4983235597610474,True,True,False,False,0.26137053966522217,0.26137053966522217,False,False,False,0.2626205533742904
unconditional,101,input_rotated,5,2,2.9989848136901855,1.5024759769439697,False,True,False,False,0.25709518790245056,0.2679388225078583,False,False,False,0.2583452016115188
unconditional,101,input_rotated,6,2,2.6298367977142334,1.1963083744049072,False,False,False,False,-0.027468886226415634,-0.02504073828458786,False,False,True,-0.02621888741850857
unconditional,101,input_rotated,0,3,2.42156982421875,1.471653938293457,False,True,False,False,0.16796183586120605,0.20071089267730713,False,False,False,0.1692118495702743
unconditional,101,input_rotated,1,3,3.708890438079834,1.2629568576812744,False,False,False,False,-0.0315605066716671,-0.001408219337463379,False,False,True,-0.030310515314340633
unconditional,101,input_rotated,2,3,3.5914690494537354,1.0759503841400146,False,False,False,False,-0.16923248767852783,-0.09262923896312714,False,False,True,-0.1679824814200402
unconditional,101,input_rotated,3,3,3.709564208984375,0.8279818892478943,False,False,False,False,-0.17537976801395416,-0.06435447931289673,False,False,True,-0.16837976872920993
unconditional,101,input_rotated,4,3,2.670989513397217,0.8614346385002136,False,False,False,False,-0.16738730669021606,-0.14843839406967163,False,False,True,-0.1593873053789139
unconditional,101,input_rotated,5,3,2.9611997604370117,0.956338107585907,False,False,False,False,-0.09375632554292679,-0.08091842383146286,False,False,True,-0.08575632423162463
unconditional,101,input_rotated,6,3,3.1437158584594727,1.41433584690094,True,True,False,False,0.1807859241962433,0.21779657900333405,False,False,False,0.18203590810298914
unconditional,101,input_rotated,0,4,2.645662546157837,1.3074684143066406,False,True,False,False,0.01669895648956299,0.04378271847963333,False,False,False,0.017948970198631245
unconditional,101,input_rotated,1,4,2.56445050239563,1.3443584442138672,False,True,False,False,0.11134696751832962,0.12141801416873932,False,False,False,0.11259697377681728
unconditional,101,input_rotated,2,4,3.006019353866577,1.3346655368804932,False,True,False,False,0.10071314126253128,0.13510745763778687,False,False,False,0.10196314752101894
unconditional,101,input_rotated,3,4,4.330971717834473,1.2849202156066895,False,False,False,False,-0.016106128692626953,-0.01564968377351761,False,False,True,-0.014856122434139293
unconditional,101,input_rotated,4,4,1.9179835319519043,1.2281630039215088,False,False,False,False,-0.046167366206645966,-0.04595649242401123,False,False,True,-0.0449173673987389
unconditional,101,input_rotated,5,4,1.658284068107605,1.3440016508102417,False,True,False,False,0.039621248841285706,0.04334629327058792,False,False,False,0.04087124019861217
unconditional,101,input_rotated,6,4,4.216007232666016,1.2432420253753662,False,False,False,False,-0.05868266522884369,-0.03200780600309372,False,False,True,-0.05743267387151722
unconditional,101,input_rotated,0,5,2.8540124893188477,1.0332260131835938,True,False,False,False,-0.12165426462888718,-0.04484492540359497,False,False,True,-0.12040426582098011
unconditional,101,input_rotated,1,5,2.9671032428741455,1.1084697246551514,False,False,False,False,-0.1289350837469101,-0.09997968375682831,False,False,True,-0.12768509238958364
unconditional,101,input_rotated,2,5,2.2949390411376953,1.3380932807922363,False,True,False,False,0.10504438728094101,0.11753702908754349,False,False,False,0.10629437863826748
unconditional,101,input_rotated,3,5,3.342996597290039,0.9858278036117554,False,False,False,False,-0.11318778246641159,-0.08995609730482101,False,False,True,-0.11193778365850453
unconditional,101,input_rotated,4,5,3.7909021377563477,1.1900126934051514,False,False,False,False,-0.09462809562683105,-0.07025015354156494,False,False,True,-0.0933780893683434
unconditional,101,input_rotated,5,5,3.919358015060425,1.432492971420288,False,True,False,False,0.13096466660499573,0.13209787011146545,False,False,False,0.13221465051174158
unconditional,101,input_rotated,6,5,2.0485341548919678,1.221257209777832,True,False,False,True,-0.005503527820110321,0.03181994706392288,False,False,True,-0.004253529012203258
unconditional,101,input_rotated,0,6,2.601848602294922,1.2337379455566406,False,False,False,False,-0.0634663999080658,-0.02994775027036667,False,False,True,-0.062216392252594274
unconditional,101,input_rotated,1,6,3.2702832221984863,1.2342795133590698,False,False,False,False,-0.062201134860515594,-0.005047202110290527,False,False,True,-0.06095113605260853
unconditional,101,input_rotated,2,6,4.180280685424805,1.2087492942810059,False,False,False,False,-0.0841446965932846,-0.06756138801574707,False,False,True,-0.08289470523595814
unconditional,101,input_rotated,3,6,2.780968189239502,1.348827600479126,False,True,False,False,0.11472996324300766,0.14789557456970215,False,False,False,0.11597996950149532
unconditional,101,input_rotated,4,6,3.9451303482055664,1.530377984046936,False,True,False,False,0.24221271276474,0.2617192566394806,False,False,False,0.24346269667148585
unconditional,101,input_rotated,5,6,1.947056531906128,1.032882809638977,False,False,False,False,-0.13806460797786713,-0.0755455419421196,False,False,True,-0.13681461662054067
unconditional,101,input_rotated,6,6,2.3250153064727783,1.4733093976974487,False,True,False,False,0.24005666375160217,0.2507213354110718,False,False,False,0.24130664765834803
unconditional,101,input_rotated,0,7,3.7616488933563232,1.2228796482086182,False,False,False,False,-0.07847368717193604,-0.03782439976930618,False,False,True,-0.07722368091344838
unconditional,101,input_rotated,1,7,3.282167673110962,0.7335773706436157,False,False,False,False,-0.16738663613796234,-0.1466309279203415,False,False,True,-0.16238663345575335
unconditional,101,input_rotated,2,7,3.4663712978363037,1.4870717525482178,False,True,False,False,0.21830545365810394,0.2450941950082779,False,False,False,0.219555452466011
unconditional,101,input_rotated,3,7,2.892615795135498,1.077937364578247,False,False,False,False,-0.1526973694562912,-0.06284122914075851,False,False,True,-0.15144737064838415
unconditional,101,input_rotated,4,7,2.9301328659057617,1.2621748447418213,False,True,True,False,0.025221824645996094,0.025221824645996094,False,True,False,0.026471830904483754
unconditional,101,input_rotated,5,7,2.837625026702881,1.1518194675445557,False,False,False,False,-0.08541976660490036,-0.07209872454404831,False,False,True,-0.0841697677969933
unconditional,101,input_rotated,6,7,2.1637206077575684,1.0624027252197266,False,False,False,False,-0.1526660919189453,-0.12703454494476318,False,False,True,-0.15141608566045767
mlp,101,conditioned,0,0,1.100314736366272,1.561372995376587,False,True,False,False,0.25678396224975586,0.26544833183288574,False,False,False,0.2580339759588241
mlp,101,conditioned,1,0,1.5082945823669434,1.562136173248291,False,True,False,False,0.262116402387619,0.28813350200653076,False,False,False,0.26336641609668726
mlp,101,conditioned,2,0,1.2835464477539062,1.2926148176193237,False,False,False,True,-0.011122338473796844,0.0319908931851387,False,False,True,-0.009872339665889782
mlp,101,conditioned,3,0,1.9666197299957275,1.3709226846694946,False,True,False,False,0.09796037524938583,0.09813442826271057,False,False,False,0.0992103666067123
mlp,101,conditioned,4,0,1.3951683044433594,1.3513487577438354,False,True,False,False,0.07136287540197372,0.10158731043338776,False,False,False,0.07261286675930019
mlp,101,conditioned,5,0,4.191092491149902,1.4854958057403564,False,True,False,False,0.18897688388824463,0.2071484476327896,False,False,False,0.19022689759731287
mlp,101,conditioned,6,0,1.54630446434021,1.3869099617004395,False,True,False,False,0.12557917833328247,0.12696824967861176,False,False,False,0.12682917714118952
mlp,101,conditioned,0,1,1.8902865648269653,1.5415897369384766,False,True,False,False,0.23839165270328522,0.24227812886238098,False,False,False,0.23964165151119227
mlp,101,conditioned,1,1,4.3710527420043945,1.558248519897461,False,True,False,False,0.2551807165145874,0.2799011468887329,False,False,False,0.25643070042133326
mlp,101,conditioned,2,1,1.3105837106704712,1.5169751644134521,False,True,False,False,0.21416787803173065,0.2563512325286865,False,False,False,0.2154178768396377
mlp,101,conditioned,3,1,1.5104036331176758,1.4685057401657104,False,True,False,False,0.1961730420589447,0.2225499153137207,False,False,False,0.19742302596569056
mlp,101,conditioned,4,1,1.4373334646224976,1.2406303882598877,False,False,False,False,-0.03832624852657318,-0.009131066501140594,False,False,True,-0.03707625158131127
mlp,101,conditioned,5,1,1.084878921508789,1.3337100744247437,False,True,False,False,0.029014579951763153,0.037743695080280304,False,False,False,0.03026459366083141
mlp,101,conditioned,6,1,2.596198558807373,1.5082552433013916,False,True,False,False,0.28170907497406006,0.2858887314796448,False,False,False,0.2829590588808059
mlp,101,conditioned,0,2,2.580960750579834,1.4938135147094727,False,True,False,False,0.19266901910305023,0.23012782633304596,False,False,False,0.19391901791095728
mlp,101,conditioned,1,2,3.270068645477295,1.4775829315185547,False,True,False,False,0.18110229074954987,0.23825621604919434,False,False,False,0.18235228955745691
mlp,101,conditioned,2,2,3.2355282306671143,1.372180700302124,False,True,False,False,0.12872983515262604,0.14539675414562225,False,False,False,0.1299798339605331
mlp,101,conditioned,3,2,1.916561484336853,1.389162302017212,False,True,False,False,0.11619999259710312,0.11637404561042786,False,False,False,0.11744998395442958
mlp,101,conditioned,4,2,3.1993932723999023,1.5511345863342285,True,True,False,False,0.3142240643501282,0.3142240643501282,False,False,False,0.3154740780591964
mlp,101,conditioned,5,2,2.8440988063812256,1.5566761493682861,False,True,False,False,0.31927135586738586,0.33275794982910156,False,False,False,0.3205213397741317
mlp,101,conditioned,6,2,2.4115753173828125,1.4101037979125977,False,True,False,False,0.1768510639667511,0.1875157505273819,False,False,False,0.17810104787349695
mlp,101,conditioned,0,3,1.4942413568496704,1.5736943483352661,False,True,False,False,0.27611851692199707,0.3100681006908417,False,False,False,0.2773685008287429
mlp,101,conditioned,1,3,4.117846965789795,1.4909958839416504,False,True,False,False,0.18955618143081665,0.19395121932029724,False,False,False,0.1908061653375625
mlp,101,conditioned,2,3,3.7105560302734375,1.358468770980835,False,True,False,False,0.058559663593769073,0.060895226895809174,False,False,False,0.05980966985225673
mlp,101,conditioned,3,3,4.051263332366943,1.2502515316009521,False,False,False,False,-0.04692457616329193,-0.013907283544540405,False,False,True,-0.045674584805965465
mlp,101,conditioned,4,3,2.305866241455078,1.2783863544464111,False,True,True,False,0.029119186103343964,0.06194818764925003,False,True,False,0.030369192361831623
mlp,101,conditioned,5,3,2.7631049156188965,1.3884856700897217,False,True,False,False,0.15424609184265137,0.1645674854516983,False,False,False,0.15549609065055842
mlp,101,conditioned,6,3,3.1152443885803223,1.4984724521636963,True,True,False,False,0.26834025979042053,0.3019331693649292,False,False,False,0.2695902436971664
mlp,101,conditioned,0,4,1.8687726259231567,1.548879623413086,False,True,False,False,0.2456815391778946,0.24956801533699036,False,False,False,0.24693153798580164
mlp,101,conditioned,1,4,1.9793566465377808,1.5125306844711304,False,True,False,False,0.21412505209445953,0.21412505209445953,False,False,False,0.21537505090236658
mlp,101,conditioned,2,4,2.9189319610595703,1.4683785438537598,False,True,False,False,0.23442614078521729,0.24860316514968872,False,False,False,0.23567615449428553
mlp,101,conditioned,3,4,4.4800214767456055,1.4819494485855103,False,True,False,False,0.18299761414527893,0.19286900758743286,False,False,False,0.18424759805202479
mlp,101,conditioned,4,4,1.3362175226211548,1.461524248123169,False,True,False,False,0.18153837323188782,0.21176280081272125,False,False,False,0.18278835713863367
mlp,101,conditioned,5,4,1.0948607921600342,1.5124366283416748,False,True,False,False,0.2077411413192749,0.21647025644779205,False,False,False,0.20899115502834315
mlp,101,conditioned,6,4,4.352059841156006,1.4297823905944824,False,True,False,False,0.12577702105045319,0.1381676197052002,False,False,False,0.12702701985836024
mlp,101,conditioned,0,5,2.346107244491577,1.5049813985824585,False,True,False,False,0.20128929615020752,0.22320246696472168,False,False,False,0.20253930985927576
mlp,101,conditioned,1,5,2.7757415771484375,1.446445345878601,False,True,False,False,0.2108825147151947,0.2225271612405777,False,False,False,0.21213252842426294
mlp,101,conditioned,2,5,1.9776692390441895,1.469714641571045,True,True,False,False,0.23232069611549377,0.23880286514759064,False,False,False,0.23357070982456202
mlp,101,conditioned,3,5,3.5174241065979004,1.3656864166259766,False,True,False,False,0.08593477308750153,0.13798141479492188,False,False,False,0.08718477189540859
mlp,101,conditioned,4,5,4.1339030265808105,1.4483357667922974,False,True,False,False,0.14740240573883057,0.14770293235778809,False,False,False,0.1486524194478988
mlp,101,conditioned,5,5,4.319031715393066,1.5361863374710083,False,True,False,False,0.23644281923770905,0.2578389644622803,False,False,False,0.2376928180456161
mlp,101,conditioned,6,5,1.7111599445343018,1.4206604957580566,True,True,False,False,0.1704326868057251,0.17958571016788483,False,False,False,0.17168270051479334
mlp,101,conditioned,0,6,1.7837893962860107,1.5382182598114014,False,True,False,False,0.23502017557621002,0.2389066517353058,False,False,False,0.23627017438411707
mlp,101,conditioned,1,6,3.4122257232666016,1.4832398891448975,False,True,False,False,0.18675924837589264,0.21903076767921448,False,False,False,0.1880092471837997
mlp,101,conditioned,2,6,4.327182292938232,1.418210744857788,False,True,False,False,0.11467672884464264,0.13247357308864594,False,False,False,0.1159267276525497
mlp,101,conditioned,3,6,2.487760066986084,1.502292513847351,False,True,False,False,0.2501794099807739,0.288150817155838,False,False,False,0.25142942368984217
mlp,101,conditioned,4,6,4.27815055847168,1.5633243322372437,False,True,False,False,0.26239097118377686,0.2626914978027344,False,False,False,0.2636409848928451
mlp,101,conditioned,5,6,1.244781255722046,1.4204344749450684,False,True,False,False,0.11573898792266846,0.15942686796188354,False,False,False,0.11698900163173671
mlp,101,conditioned,6,6,2.0246167182922363,1.523113489151001,False,True,False,False,0.2884988486766815,0.30118805170059204,False,False,False,0.28974886238574976
mlp,101,conditioned,0,7,4.2881364822387695,1.5366191864013672,False,True,False,False,0.2353457361459732,0.235953226685524,False,False,False,0.23659573495388025
mlp,101,conditioned,1,7,3.4356913566589355,1.149994134902954,False,False,False,False,-0.14648652076721191,-0.08345537632703781,False,False,True,-0.14523651450872427
mlp,101,conditioned,2,7,3.549899101257324,1.5297737121582031,False,True,False,False,0.2422928810119629,0.24747878313064575,False,False,False,0.24354286491870875
mlp,101,conditioned,3,7,2.693406105041504,1.4082125425338745,False,True,False,False,0.15784138441085815,0.21616652607917786,False,False,False,0.1590913832187652
mlp,101,conditioned,4,7,2.77026629447937,1.4729111194610596,False,True,False,False,0.23144693672657013,0.25996774435043335,False,False,False,0.23269693553447718
mlp,101,conditioned,5,7,2.5021657943725586,1.4598009586334229,False,True,False,False,0.2267894744873047,0.23686052858829498,False,False,False,0.22803948819637293
mlp,101,conditioned,6,7,1.83672034740448,1.3474750518798828,False,True,False,False,0.1006338819861412,0.106400266289711,False,False,False,0.10188387334346767
mlp,101,input_rotated,0,0,1.5866718292236328,1.4899933338165283,False,True,False,False,0.18690802156925201,0.1994771957397461,False,False,False,0.18815802037715906
mlp,101,input_rotated,1,0,1.2889344692230225,1.582308292388916,False,True,False,False,0.2784104347229004,0.32129350304603577,False,False,False,0.27966044843196863
mlp,101,input_rotated,2,0,1.0707066059112549,1.3901875019073486,False,True,False,False,0.08563912659883499,0.0951315313577652,False,False,False,0.08688913285732265
mlp,101,input_rotated,3,0,2.195248603820801,1.315181016921997,False,True,False,False,0.06594239175319672,0.1004406288266182,False,False,False,0.06719239056110378
mlp,101,input_rotated,4,0,1.38113534450531,1.3549022674560547,False,True,False,False,0.07491638511419296,0.105140820145607,False,False,False,0.07616637647151943
mlp,101,input_rotated,5,0,4.117208003997803,1.4663817882537842,False,True,False,False,0.16493380069732666,0.1695713996887207,False,False,False,0.16618378460407252
mlp,101,input_rotated,6,0,1.204074740409851,1.4573650360107422,False,True,False,False,0.1526264101266861,0.1771939992904663,False,False,False,0.15387640893459315
mlp,101,input_rotated,0,1,2.4467434883117676,1.4353604316711426,False,True,False,False,0.1316683292388916,0.17232969403266907,False,False,False,0.13291834294795984
mlp,101,input_rotated,1,1,4.436038970947266,1.5800209045410156,False,True,False,False,0.2764676809310913,0.29675599932670593,False,False,False,0.27771769464015955
mlp,101,input_rotated,2,1,1.0820457935333252,1.5430711507797241,False,True,False,False,0.23852276802062988,0.24801518023014069,False,False,False,0.23977278172969813
mlp,101,input_rotated,3,1,1.7763152122497559,1.432448387145996,False,True,False,False,0.1594860851764679,0.15966013073921204,False,False,False,0.16073606908321375
mlp,101,input_rotated,4,1,1.4226831197738647,1.2456388473510742,False,False,False,False,-0.033998601138591766,-0.004122607409954071,False,False,True,-0.032748602330684703
mlp,101,input_rotated,5,1,1.1476547718048096,1.2787044048309326,False,False,False,False,-0.025991089642047882,-0.010904286056756973,False,False,True,-0.024741075932979625
mlp,101,input_rotated,6,1,2.3587827682495117,1.5377671718597412,False,True,False,False,0.30451443791389465,0.31517910957336426,False,False,False,0.3057644218206405
mlp,101,input_rotated,0,2,2.838329315185547,1.3008058071136475,False,False,False,True,-0.00232890248298645,0.021240852773189545,False,False,True,-0.0010788962244987904
mlp,101,input_rotated,1,2,3.2753148078918457,1.5352632999420166,False,True,False,False,0.23878265917301178,0.29593658447265625,False,False,False,0.24003265798091883
mlp,101,input_rotated,2,2,3.33840012550354,1.4450883865356445,False,True,False,False,0.2008594423532486,0.20311082899570465,False,False,False,0.20210944116115565
mlp,101,input_rotated,3,2,2.1530067920684814,1.336742639541626,False,True,False,False,0.07818811386823654,0.11260922253131866,False,False,False,0.0794381201267242
mlp,101,input_rotated,4,2,3.1996216773986816,1.5516767501831055,True,True,False,False,0.31476959586143494,0.31476959586143494,False,False,False,0.3160196095705032
mlp,101,input_rotated,5,2,2.89753794670105,1.5526615381240845,False,True,False,False,0.3152567446231842,0.3287433385848999,False,False,False,0.31650672852993006
mlp,101,input_rotated,6,2,2.0951762199401855,1.4727002382278442,False,True,False,False,0.24803999066352844,0.2832629680633545,False,False,False,0.2492899745702743
mlp,101,input_rotated,0,3,2.143136978149414,1.5223983526229858,False,True,False,False,0.22194260358810425,0.24061930179595947,False,False,False,0.2231926172971725
mlp,101,input_rotated,1,3,4.235912799835205,1.542473554611206,True,True,False,False,0.25155091285705566,0.264126181602478,False,False,False,0.2528008967638015
mlp,101,input_rotated,2,3,3.965646266937256,1.4357542991638184,False,True,False,False,0.13584518432617188,0.13900962471961975,False,False,False,0.13709519803524012
mlp,101,input_rotated,3,3,3.8548402786254883,1.177783489227295,False,False,False,False,-0.10617887228727341,-0.0821366161108017,False,False,True,-0.10492887347936634
mlp,101,input_rotated,4,3,2.292590618133545,1.282942295074463,False,True,True,False,0.03555113822221756,0.06650412827730179,False,True,False,0.036801129579544026
mlp,101,input_rotated,5,3,2.8276467323303223,1.3459489345550537,False,True,False,False,0.10855527967214584,0.12203074991703033,False,False,False,0.10980527102947231
mlp,101,input_rotated,6,3,3.152902126312256,1.5311963558197021,True,True,False,False,0.2950040102005005,0.3265271484851837,False,False,False,0.29625399410724634
mlp,101,input_rotated,0,4,2.432575225830078,1.455757737159729,False,True,False,False,0.15206563472747803,0.18897682428359985,False,False,False,0.15331564843654627
mlp,101,input_rotated,1,4,1.7158074378967285,1.5541892051696777,False,True,False,False,0.24980881810188293,0.25353384017944336,False,False,False,0.2510588020086288
mlp,101,input_rotated,2,4,2.8591971397399902,1.5099785327911377,False,True,False,False,0.2760261297225952,0.2901993989944458,False,False,False,0.27727614343166346
mlp,101,input_rotated,3,4,4.430644512176514,1.4489076137542725,False,True,False,False,0.14795054495334625,0.15005327761173248,False,False,False,0.1492005437612533
mlp,101,input_rotated,4,4,1.32322096824646,1.4633827209472656,False,True,False,False,0.1833968460559845,0.21362127363681793,False,False,False,0.18464682996273035
mlp,101,input_rotated,5,4,1.1622743606567383,1.4994885921478271,False,True,False,False,0.19479310512542725,0.20660193264484406,False,False,False,0.1960431188344955
mlp,101,input_rotated,6,4,4.465897083282471,1.4856798648834229,False,True,False,False,0.18167449533939362,0.1925981044769287,False,False,False,0.18292449414730066
mlp,101,input_rotated,0,5,2.7147135734558105,1.3318216800689697,False,True,False,False,0.04676079750061035,0.06813599169254303,False,False,False,0.048010796308517414
mlp,101,input_rotated,1,5,2.644193649291992,1.5186834335327148,False,True,False,False,0.2902725338935852,0.2957429885864258,False,False,False,0.29152251780033106
mlp,101,input_rotated,2,5,1.5787065029144287,1.510880947113037,False,True,False,False,0.25338029861450195,0.25338029861450195,False,False,False,0.2546302825212478
mlp,101,input_rotated,3,5,3.3853325843811035,1.3090261220932007,False,True,False,False,0.06028761714696884,0.08132112771272659,False,False,False,0.0615376234054565
mlp,101,input_rotated,4,5,4.142323017120361,1.4504003524780273,False,True,False,False,0.14946699142456055,0.14976751804351807,False,False,False,0.1507170051336288
mlp,101,input_rotated,5,5,4.256686210632324,1.5282747745513916,False,True,False,False,0.23648804426193237,0.24992741644382477,False,False,False,0.23773805797100062
mlp,101,input_rotated,6,5,1.3225822448730469,1.4796650409698486,False,True,False,False,0.17746038734912872,0.2195047289133072,False,False,False,0.17871038615703577
mlp,101,input_rotated,0,6,2.374621868133545,1.4258577823638916,False,True,False,False,0.12216568738222122,0.14600998163223267,False,False,False,0.12341569364070888
mlp,101,input_rotated,1,6,3.4537599086761475,1.5382976531982422,False,True,False,False,0.24181701242923737,0.2739325761795044,False,False,False,0.24306701123714441
mlp,101,input_rotated,2,6,4.455309867858887,1.476193904876709,False,True,False,False,0.17265988886356354,0.183387890458107,False,False,False,0.1739098876714706
mlp,101,input_rotated,3,6,2.606614112854004,1.4738986492156982,False,True,False,False,0.2217855453491211,0.2818526327610016,False,False,False,0.22303555905818934
mlp,101,input_rotated,4,6,4.28523063659668,1.5637123584747314,False,True,False,False,0.26277899742126465,0.26307952404022217,False,False,False,0.2640290111303329
mlp,101,input_rotated,5,6,1.3605480194091797,1.3855876922607422,False,True,False,False,0.08851590752601624,0.12457289546728134,False,False,False,0.0897659063339233
mlp,101,input_rotated,6,6,1.6170562505722046,1.5478260517120361,True,True,False,False,0.2941025495529175,0.2965241074562073,False,False,False,0.29535253345966334
mlp,101,input_rotated,0,7,3.9136996269226074,1.4213392734527588,False,True,False,False,0.1280662715435028,0.16063523292541504,False,False,False,0.12931625545024866
mlp,101,input_rotated,1,7,3.4828379154205322,1.3508816957473755,False,True,False,False,0.05440104752779007,0.08651662617921829,False,False,False,0.05565104633569713
mlp,101,input_rotated,2,7,3.7722296714782715,1.551932692527771,False,True,False,False,0.2520235776901245,0.2543591558933258,False,False,False,0.25327359139919275
mlp,101,input_rotated,3,7,2.760822296142578,1.3594549894332886,False,True,False,False,0.12004382908344269,0.16740897297859192,False,False,False,0.12129382789134975
mlp,101,input_rotated,4,7,2.7635555267333984,1.474592685699463,False,True,False,False,0.23177848756313324,0.26408934593200684,False,False,False,0.2330284863710403
mlp,101,input_rotated,5,7,2.600726366043091,1.4345418214797974,False,True,False,False,0.2025780826807022,0.2116013914346695,False,False,False,0.20382808148860926
mlp,101,input_rotated,6,7,1.4297975301742554,1.4310929775238037,False,True,False,False,0.14459601044654846,0.17093266546726227,False,False,False,0.1458460092544555
conv,101,conditioned,0,0,3.4711837768554688,1.6361615657806396,False,True,False,False,0.3355659246444702,0.3561326265335083,False,False,False,0.33681590855121607
conv,101,conditioned,1,0,3.9524924755096436,1.6342980861663818,False,True,False,False,0.3327697813510895,0.3339029848575592,False,False,False,0.33401976525783533
conv,101,conditioned,2,0,1.7839605808258057,1.6198152303695679,True,True,False,False,0.3710717558860779,0.3796424865722656,False,False,False,0.3723217695951461
conv,101,conditioned,3,0,4.245741844177246,1.6282644271850586,False,True,False,False,0.3272380828857422,0.32769453525543213,False,False,False,0.32848809659481043
conv,101,conditioned,4,0,3.463498592376709,1.6267808675765991,False,True,False,False,0.34979379177093506,0.3967287838459015,False,False,False,0.3510438054800033
conv,101,conditioned,5,0,4.496470928192139,1.631190538406372,False,True,False,False,0.32763731479644775,0.3392803966999054,False,False,False,0.328887328505516
conv,101,conditioned,6,0,2.86273193359375,1.6222331523895264,True,True,False,False,0.38860058784484863,0.4008840322494507,False,False,False,0.3898506015539169
conv,101,conditioned,0,1,4.378345966339111,1.6352629661560059,False,True,False,False,0.3339895009994507,0.33459699153900146,False,False,False,0.3352395147085189
conv,101,conditioned,1,1,4.498912811279297,1.634108543395996,False,True,False,False,0.3305553197860718,0.34207674860954285,False,False,False,0.33180533349514
conv,101,conditioned,2,1,1.9075669050216675,1.6278462409973145,True,True,False,False,0.3866705298423767,0.3876994252204895,False,False,False,0.38792054355144495
conv,101,conditioned,3,1,3.799846649169922,1.6308977603912354,True,True,False,False,0.346291184425354,0.3709776699542999,False,False,False,0.34754119813442225
conv,101,conditioned,4,1,3.5822081565856934,1.6239168643951416,False,True,False,False,0.3392760753631592,0.38631340861320496,False,False,False,0.3405260890722274
conv,101,conditioned,5,1,2.1193089485168457,1.6266357898712158,False,True,False,False,0.3519490659236908,0.36322951316833496,False,False,False,0.35319907963275904
conv,101,conditioned,6,1,4.346609592437744,1.626967430114746,False,True,False,False,0.32296204566955566,0.3350059986114502,False,False,False,0.3242120593786239
conv,101,conditioned,0,2,4.4485764503479,1.6334104537963867,False,True,False,False,0.33248889446258545,0.3360317349433899,False,False,False,0.3337388783693313
conv,101,conditioned,1,2,4.468845367431641,1.6309198141098022,False,True,False,False,0.32736659049987793,0.3413633108139038,False,False,False,0.3286166042089462
conv,101,conditioned,2,2,4.464191436767578,1.622385025024414,False,True,False,False,0.3188509941101074,0.3295789957046509,False,False,False,0.32010100781917566
conv,101,conditioned,3,2,4.219847202301025,1.6287269592285156,False,True,False,False,0.3277006149291992,0.32815706729888916,False,False,False,0.32895062863826746
conv,101,conditioned,4,2,4.467126846313477,1.6331392526626587,True,True,False,False,0.33428001403808594,0.3404080867767334,False,False,False,0.3355300277471542
conv,101,conditioned,5,2,4.441313743591309,1.634033203125,False,True,False,False,0.3304799795150757,0.3485906720161438,False,False,False,0.3317299932241439
conv,101,conditioned,6,2,4.27153205871582,1.623052954673767,False,True,False,False,0.31904757022857666,0.3435874283313751,False,False,False,0.3202975839376449
conv,101,conditioned,0,3,4.256694793701172,1.6367826461791992,False,True,False,False,0.33550918102264404,0.3361166715621948,False,False,False,0.3367591947317123
conv,101,conditioned,1,3,4.495240211486816,1.6313824653625488,False,True,False,False,0.3278292417526245,0.3395373225212097,False,False,False,0.32907925546169275
conv,101,conditioned,2,3,4.4900407791137695,1.6219335794448853,False,True,False,False,0.3183995485305786,0.32912755012512207,False,False,False,0.31964956223964686
conv,101,conditioned,3,3,4.495715141296387,1.6253252029418945,False,True,False,False,0.32721763849258423,0.3354558050632477,False,False,False,0.32846765220165247
conv,101,conditioned,4,3,4.353020191192627,1.6248905658721924,True,True,False,False,0.3239572048187256,0.3242577314376831,False,False,False,0.32520721852779383
conv,101,conditioned,5,3,4.434126853942871,1.6281732320785522,False,True,False,False,0.32462000846862793,0.3442201018333435,False,False,False,0.3258700221776962
conv,101,conditioned,6,3,4.451021194458008,1.6265273094177246,False,True,False,False,0.3225219249725342,0.33344554901123047,False,False,False,0.3237719386816024
conv,101,conditioned,0,4,4.37445068359375,1.6355822086334229,False,True,False,False,0.3343087434768677,0.33491623401641846,False,False,False,0.3355587571859359
conv,101,conditioned,1,4,4.286688804626465,1.632169246673584,True,True,False,False,0.33541780710220337,0.35382187366485596,False,False,False,0.3366678208112716
conv,101,conditioned,2,4,4.426543235778809,1.625800609588623,False,True,False,False,0.3222665786743164,0.33299458026885986,False,False,False,0.32351659238338465
conv,101,conditioned,3,4,4.499960422515869,1.6313049793243408,False,True,False,False,0.3334593176841736,0.3422565460205078,False,False,False,0.33470930159091944
conv,101,conditioned,4,4,3.2608251571655273,1.6298832893371582,True,True,False,False,0.3950273096561432,0.3977813720703125,False,False,False,0.39627729356288904
conv,101,conditioned,5,4,2.2323312759399414,1.6321656703948975,False,True,False,False,0.38664352893829346,0.42213883996009827,False,False,False,0.3878935128450393
conv,101,conditioned,6,4,4.499744415283203,1.6237704753875732,False,True,False,False,0.3197650909423828,0.3306887149810791,False,False,False,0.32101510465145106
conv,101,conditioned,0,5,4.432528495788574,1.6338138580322266,False,True,False,False,0.3325411081314087,0.3347078561782837,False,False,False,0.33379112184047693
conv,101,conditioned,1,5,4.435301303863525,1.6299066543579102,False,True,False,False,0.32635343074798584,0.34568366408348083,False,False,False,0.3276034444570541
conv,101,conditioned,2,5,3.9261884689331055,1.6258529424667358,False,True,False,False,0.32594382762908936,0.32827940583229065,False,False,False,0.3271938413381576
conv,101,conditioned,3,5,4.482535362243652,1.6281332969665527,False,True,False,False,0.32887977361679077,0.33540332317352295,False,False,False,0.3301297575235366
conv,101,conditioned,4,5,4.496924877166748,1.6294803619384766,True,True,False,False,0.33322373032569885,0.34373071789741516,False,False,False,0.3344737142324447
conv,101,conditioned,5,5,4.498295783996582,1.633115530014038,False,True,False,False,0.32956230640411377,0.34111320972442627,False,False,False,0.330812320113182
conv,101,conditioned,6,5,3.382178544998169,1.6234350204467773,True,True,False,False,0.3731105327606201,0.3822660446166992,False,False,False,0.37436054646968836
conv,101,conditioned,0,6,4.357082366943359,1.6351194381713867,False,True,False,False,0.33384597301483154,0.3344534635543823,False,False,False,0.3350959867238998
conv,101,conditioned,1,6,4.475274562835693,1.6311126947402954,False,True,False,False,0.3275594711303711,0.34084251523017883,False,False,False,0.32880948483943934
conv,101,conditioned,2,6,4.49964714050293,1.6239513158798218,False,True,False,False,0.32041728496551514,0.3311452865600586,False,False,False,0.3216672986745834
conv,101,conditioned,3,6,4.3975629806518555,1.6319546699523926,False,True,False,False,0.33092832565307617,0.3313847780227661,False,False,False,0.3321783393621444
conv,101,conditioned,4,6,4.498618125915527,1.6337045431137085,True,True,False,False,0.33760544657707214,0.34825342893600464,False,False,False,0.338855430483818
conv,101,conditioned,5,6,3.2999067306518555,1.629109501838684,False,True,False,False,0.33262884616851807,0.38151222467422485,False,False,False,0.3338788598775863
conv,101,conditioned,6,6,3.96087646484375,1.627669334411621,False,True,False,False,0.32830575108528137,0.3312472999095917,False,False,False,0.3295557349920272
conv,101,conditioned,0,7,4.497231960296631,1.63505220413208,False,True,False,False,0.3369923532009125,0.3466300368309021,False,False,False,0.3382423669099807
conv,101,conditioned,1,7,4.4762372970581055,1.6214971542358398,False,True,False,False,0.3179439306259155,0.3311789631843567,False,False,False,0.31919394433498377
conv,101,conditioned,2,7,4.483970642089844,1.6284514665603638,False,True,False,False,0.32491743564605713,0.3356454372406006,False,False,False,0.32616744935512537
conv,101,conditioned,3,7,4.426645755767822,1.6292213201522827,False,True,False,False,0.3282459080219269,0.32933762669563293,False,False,False,0.3294959217309951
conv,101,conditioned,4,7,4.432048797607422,1.6302417516708374,True,True,False,False,0.3296533226966858,0.33213871717453003,False,False,False,0.33090333640575403
conv,101,conditioned,5,7,4.404418468475342,1.630332112312317,False,True,False,False,0.3267788887023926,0.35198473930358887,False,False,False,0.3280289024114608
conv,101,conditioned,6,7,3.6674671173095703,1.6208851337432861,False,True,False,False,0.32184380292892456,0.324149489402771,False,False,False,0.3230937868356704
conv,101,input_rotated,0,0,3.006463050842285,1.6261579990386963,False,True,False,False,0.32231366634368896,0.32287847995758057,False,False,False,0.3235636800527572
conv,101,input_rotated,1,0,4.079565525054932,1.637254238128662,False,True,False,False,0.33572593331336975,0.33687490224838257,False,False,False,0.3369759172201156
conv,101,input_rotated,2,0,1.946944236755371,1.628222107887268,True,True,False,False,0.38973289728164673,0.3901844620704651,False,False,False,0.3909828811883926
conv,101,input_rotated,3,0,4.148902893066406,1.6205352544784546,False,True,False,False,0.3195089101791382,0.3199653625488281,False,False,False,0.3207589238882064
conv,101,input_rotated,4,0,3.490762948989868,1.627864956855774,False,True,False,False,0.34750592708587646,0.3978128731250763,False,False,False,0.3487559109926223
conv,101,input_rotated,5,0,4.496691703796387,1.6300348043441772,False,True,False,False,0.32648158073425293,0.33811482787132263,False,False,False,0.3277315944433212
conv,101,input_rotated,6,0,3.0986440181732178,1.630253553390503,True,True,False,False,0.3989206552505493,0.43371427059173584,False,False,False,0.40017066895961756
conv,101,input_rotated,0,1,4.2882890701293945,1.6239782571792603,False,True,False,False,0.3227047920227051,0.32331228256225586,False,False,False,0.3239548057317733
conv,101,input_rotated,1,1,4.499199867248535,1.6371256113052368,False,True,False,False,0.3335723876953125,0.3450779318809509,False,False,False,0.33482240140438074
conv,101,input_rotated,2,1,2.0859732627868652,1.6334118843078613,True,True,False,False,0.4059399962425232,0.42822790145874023,False,False,False,0.40719000995159144
conv,101,input_rotated,3,1,3.5812530517578125,1.6244573593139648,True,True,False,False,0.3398507833480835,0.3927462100982666,False,False,False,0.34110079705715174
conv,101,input_rotated,4,1,3.6074814796447754,1.6252135038375854,False,True,False,False,0.340572714805603,0.38033774495124817,False,False,False,0.34182272851467127
conv,101,input_rotated,5,1,2.1690330505371094,1.6248987913131714,False,True,False,False,0.36250239610671997,0.38418465852737427,False,False,False,0.3637523800134658
conv,101,input_rotated,6,1,4.382229328155518,1.6331826448440552,False,True,False,False,0.32917726039886475,0.34010088443756104,False,False,False,0.330427274107933
conv,101,input_rotated,0,2,4.4091105461120605,1.61933171749115,False,True,False,False,0.3180582523345947,0.31885284185409546,False,False,False,0.31930826604366297
conv,101,input_rotated,1,2,4.4770097732543945,1.634995698928833,False,True,False,False,0.3314424753189087,0.34453147649765015,False,False,False,0.33269248902797693
conv,101,input_rotated,2,2,4.472070217132568,1.6298640966415405,False,True,False,False,0.3263300657272339,0.33705806732177734,False,False,False,0.32758007943630213
conv,101,input_rotated,3,2,4.114317893981934,1.6212276220321655,False,True,False,False,0.32024696469306946,0.32065773010253906,False,False,False,0.3214969784021377
conv,101,input_rotated,4,2,4.468331336975098,1.6337833404541016,True,True,False,False,0.3350124955177307,0.3412765562534332,False,False,False,0.33626247942447657
conv,101,input_rotated,5,2,4.4449262619018555,1.6332075595855713,False,True,False,False,0.329654335975647,0.3471337556838989,False,False,False,0.3309043496847152
conv,101,input_rotated,6,2,4.323667526245117,1.6307557821273804,False,True,False,False,0.32675039768218994,0.34111329913139343,False,False,False,0.3280004113912582
conv,101,input_rotated,0,3,4.087575912475586,1.6276345252990723,False,True,False,False,0.327082097530365,0.327082097530365,False,False,False,0.32833211123943323
conv,101,input_rotated,1,3,4.496494293212891,1.635301113128662,False,True,False,False,0.3317478895187378,0.34338435530662537,False,False,False,0.33299790322780604
conv,101,input_rotated,2,3,4.492245197296143,1.6295744180679321,False,True,False,False,0.3260403871536255,0.33676838874816895,False,False,False,0.32729040086269373
conv,101,input_rotated,3,3,4.493904113769531,1.6161044836044312,False,True,False,False,0.31786879897117615,0.326065331697464,False,False,False,0.319118782877922
conv,101,input_rotated,4,3,4.3582329750061035,1.6261141300201416,True,True,False,False,0.3251807689666748,0.3254812955856323,False,False,False,0.32643078267574305
conv,101,input_rotated,5,3,4.438173294067383,1.6266388893127441,False,True,False,False,0.3230856657028198,0.3419172465801239,False,False,False,0.32433567941188807
conv,101,input_rotated,6,3,4.46266508102417,1.6329072713851929,False,True,False,False,0.32890188694000244,0.33982551097869873,False,False,False,0.3301519006490707
conv,101,input_rotated,0,4,4.281696319580078,1.624758243560791,False,True,False,False,0.32348477840423584,0.3240922689437866,False,False,False,0.3247347921133041
conv,101,input_rotated,1,4,4.340390205383301,1.6358230113983154,False,True,False,False,0.3340579867362976,0.3574756383895874,False,False,False,0.33530797064304346
conv,101,input_rotated,2,4,4.442568778991699,1.6320726871490479,False,True,False,False,0.3285386562347412,0.33926665782928467,False,False,False,0.32978866994380945
conv,101,input_rotated,3,4,4.499943256378174,1.6250594854354858,False,True,False,False,0.3272278904914856,0.33618447184562683,False,False,False,0.32847790420055384
conv,101,input_rotated,4,4,3.290804147720337,1.6307463645935059,False,True,False,False,0.3908199965953827,0.40117591619491577,False,False,False,0.39207001030445093
conv,101,input_rotated,5,4,2.284367322921753,1.6311264038085938,False,True,False,False,0.3981149196624756,0.4125109314918518,False,False,False,0.39936493337154383
conv,101,input_rotated,6,4,4.499805927276611,1.6311968564987183,False,True,False,False,0.32719147205352783,0.3381150960922241,False,False,False,0.3284414857625961
conv,101,input_rotated,0,5,4.381171226501465,1.6203606128692627,False,True,False,False,0.3190871477127075,0.3196946382522583,False,False,False,0.32033716142177576
conv,101,input_rotated,1,5,4.452134132385254,1.6343307495117188,False,True,False,False,0.33077752590179443,0.34704673290252686,False,False,False,0.3320275396108627
conv,101,input_rotated,2,5,4.036606788635254,1.6321067810058594,False,True,False,False,0.3336043953895569,0.34433823823928833,False,False,False,0.3348544090986251
conv,101,input_rotated,3,5,4.475194931030273,1.6203384399414062,False,True,False,False,0.3206486701965332,0.3263621926307678,False,False,False,0.32189865410327906
conv,101,input_rotated,4,5,4.4970383644104,1.6303718090057373,True,True,False,False,0.3341221809387207,0.3446202576160431,False,False,False,0.33537216484546656
conv,101,input_rotated,5,5,4.4984025955200195,1.6321865320205688,False,True,False,False,0.32863330841064453,0.34018024802207947,False,False,False,0.3298833221197128
conv,101,input_rotated,6,5,3.580202579498291,1.6309905052185059,False,True,False,False,0.3388816714286804,0.3394293785095215,False,False,False,0.34013168513774866
conv,101,input_rotated,0,6,4.252438068389893,1.6236255168914795,False,True,False,False,0.3223520517349243,0.3229595422744751,False,False,False,0.32360206544399256
conv,101,input_rotated,1,6,4.481762886047363,1.6351227760314941,False,True,False,False,0.3315695524215698,0.3442196249961853,False,False,False,0.33281956613063807
conv,101,input_rotated,2,6,4.499725341796875,1.6308728456497192,False,True,False,False,0.3273388147354126,0.33806681632995605,False,False,False,0.32858882844448084
conv,101,input_rotated,3,6,4.355982303619385,1.6260175704956055,False,True,False,False,0.32499122619628906,0.325447678565979,False,False,False,0.3262412399053573
conv,101,input_rotated,4,6,4.498669147491455,1.6343121528625488,True,True,False,False,0.33821502327919006,0.34885260462760925,False,False,False,0.3394650071859359
conv,101,input_rotated,5,6,3.3503003120422363,1.6276955604553223,False,True,False,False,0.33121490478515625,0.36918455362319946,False,False,False,0.3324649184942245
conv,101,input_rotated,6,6,4.0746870040893555,1.6336232423782349,True,True,False,False,0.3385854959487915,0.35708147287368774,False,False,False,0.33983550965785975
conv,101,input_rotated,0,7,4.495053768157959,1.623459815979004,False,True,False,False,0.32527080178260803,0.3348548412322998,False,False,False,0.3265208154916763
conv,101,input_rotated,1,7,4.482473850250244,1.6289868354797363,False,True,False,False,0.325433611869812,0.338045209646225,False,False,False,0.32668362557888025
conv,101,input_rotated,2,7,4.487513065338135,1.6338106393814087,False,True,False,False,0.33027660846710205,0.3410046100616455,False,False,False,0.3315266221761703
conv,101,input_rotated,3,7,4.396511077880859,1.6219658851623535,False,True,False,False,0.3209395408630371,0.32139599323272705,False,False,False,0.32218955457210535
conv,101,input_rotated,4,7,4.434513568878174,1.631080150604248,True,True,False,False,0.33056896924972534,0.33325502276420593,False,False,False,0.3318189829587936
conv,101,input_rotated,5,7,4.410242080688477,1.6290714740753174,False,True,False,False,0.32551825046539307,0.35056036710739136,False,False,False,0.3267682641744613
conv,101,input_rotated,6,7,3.829183340072632,1.6294317245483398,False,True,False,False,0.3300681412220001,0.3326960802078247,False,False,False,0.331318125128746
transformer,101,conditioned,0,0,1.1414374113082886,1.4447569847106934,False,True,False,False,0.1401679515838623,0.14975187182426453,False,False,False,0.14141796529293055
transformer,101,conditioned,1,0,1.3840354681015015,1.5696288347244263,False,True,False,False,0.2740206718444824,0.308614045381546,False,False,False,0.2752706557512283
transformer,101,conditioned,2,0,1.0265589952468872,0.9343400001525879,False,False,False,False,-0.1809825897216797,-0.17241251468658447,False,False,True,-0.17298259586095813
transformer,101,conditioned,3,0,1.7121402025222778,1.0533599853515625,False,False,False,False,-0.16432414948940277,-0.05276718735694885,False,False,True,-0.16307415813207632
transformer,101,conditioned,4,0,1.1621856689453125,1.012203574180603,False,False,False,False,-0.10714899003505707,-0.05354265123605728,False,False,True,-0.1058989986777306
transformer,101,conditioned,5,0,4.3519744873046875,1.3335846662521362,False,True,False,False,0.03210093826055527,0.0552373006939888,False,False,False,0.03335093706846233
transformer,101,conditioned,6,0,1.1039292812347412,1.22249174118042,False,False,False,False,-0.08224689215421677,-0.07261812686920166,False,False,True,-0.0809968933463097
transformer,101,conditioned,0,1,2.1460771560668945,1.3341972827911377,False,True,False,False,0.03446926921606064,0.05241823196411133,False,False,False,0.0357192680239677
transformer,101,conditioned,1,1,4.453071594238281,1.560996174812317,False,True,False,False,0.2574429512023926,0.2746388018131256,False,False,False,0.2586929649114608
transformer,101,conditioned,2,1,1.0321605205535889,1.580153226852417,False,True,False,False,0.27560484409332275,0.28509724140167236,False,False,False,0.276854857802391
transformer,101,conditioned,3,1,1.2593185901641846,1.3439877033233643,True,True,False,False,0.06508375704288483,0.10690499097108841,False,False,False,0.06633375585079189
transformer,101,conditioned,4,1,1.1903682947158813,0.8294000625610352,False,False,False,False,-0.17025978863239288,-0.03201115131378174,False,False,True,-0.16325978934764865
transformer,101,conditioned,5,1,1.0372095108032227,0.8971542119979858,False,False,False,False,-0.15152573585510254,-0.15152573585510254,False,False,True,-0.14352574199438098
transformer,101,conditioned,6,1,2.294391632080078,1.568476915359497,False,True,False,False,0.3352241814136505,0.3458888530731201,False,False,False,0.33647416532039637
transformer,101,conditioned,0,2,2.8913726806640625,1.0771676301956177,True,False,False,False,-0.15143445134162903,-0.06127028912305832,False,False,True,-0.15018446743488317
transformer,101,conditioned,1,2,3.512625217437744,1.3047573566436768,False,False,False,True,0.008276708424091339,0.040392279624938965,False,False,False,0.009526707231998402
transformer,101,conditioned,2,2,3.517615795135498,1.160014271736145,True,False,False,False,-0.09875201433897018,-0.08196329325437546,False,False,True,-0.09750201553106312
transformer,101,conditioned,3,2,1.6544331312179565,1.1014127731323242,False,False,False,False,-0.14885544776916504,-0.0293382927775383,False,False,True,-0.1476054415106774
transformer,101,conditioned,4,2,3.3910903930664062,1.5699706077575684,False,True,False,False,0.30791330337524414,0.3399185240268707,False,False,False,0.3091633170843124
transformer,101,conditioned,5,2,3.004397392272949,1.5573749542236328,False,True,False,False,0.3058850169181824,0.32142022252082825,False,False,False,0.3071350306272506
transformer,101,conditioned,6,2,1.9732410907745361,1.3020974397659302,False,True,False,False,0.06437553465366364,0.07687139511108398,False,False,False,0.06562554836273189
transformer,101,conditioned,0,3,1.6652493476867676,1.5057651996612549,False,True,False,False,0.20256711542606354,0.2064535915851593,False,False,False,0.2038171142339706
transformer,101,conditioned,1,3,4.303186416625977,1.3535089492797852,True,True,False,False,0.05690019577741623,0.07516159117221832,False,False,False,0.05815020203590389
transformer,101,conditioned,2,3,4.159647464752197,1.1147911548614502,False,False,False,False,-0.16151952743530273,-0.16151952743530273,False,False,True,-0.1602695211768151
transformer,101,conditioned,3,3,4.297971725463867,0.8379330635070801,False,False,False,False,-0.1769464761018753,-0.17410577833652496,False,False,True,-0.16994647681713107
transformer,101,conditioned,4,3,2.1131808757781982,0.8767029047012329,False,False,False,False,-0.17534703016281128,-0.036820948123931885,False,False,True,-0.16734703630208972
transformer,101,conditioned,5,3,2.902906894683838,1.0151711702346802,False,False,False,False,-0.1429603099822998,-0.13975155353546143,False,False,True,-0.14171030372381216
transformer,101,conditioned,6,3,3.2911264896392822,1.550628423690796,False,True,False,False,0.30687153339385986,0.3104773759841919,False,False,False,0.3081215471029281
transformer,101,conditioned,0,4,2.121037244796753,1.376028299331665,False,True,False,False,0.07910734415054321,0.09424925595521927,False,False,False,0.08035734295845028
transformer,101,conditioned,1,4,1.9115267992019653,1.4291062355041504,False,True,False,False,0.12533941864967346,0.1284508854150772,False,False,False,0.12658940255641932
transformer,101,conditioned,2,4,2.9345059394836426,1.475947618484497,False,True,False,False,0.2419952154159546,0.256618469953537,False,False,False,0.24324522912502283
transformer,101,conditioned,3,4,4.498013496398926,1.3860656023025513,False,True,False,False,0.08939507603645325,0.11024349182844162,False,False,False,0.09064507484436031
transformer,101,conditioned,4,4,1.1258537769317627,1.3301118612289429,False,True,False,False,0.05012597143650055,0.08268799632787704,False,False,False,0.051375962793827015
transformer,101,conditioned,5,4,1.0429373979568481,1.428788661956787,False,True,False,False,0.12409317493438721,0.13282229006290436,False,False,False,0.12534318864345545
transformer,101,conditioned,6,4,4.490530967712402,1.3678275346755981,False,True,False,False,0.06382216513156891,0.0747457817196846,False,False,False,0.06507216393947597
transformer,101,conditioned,0,5,2.6500561237335205,1.1309974193572998,False,False,False,False,-0.13748930394649506,-0.13268828392028809,False,False,True,-0.1362393125891686
transformer,101,conditioned,1,5,2.9188122749328613,1.1930359601974487,False,False,False,False,-0.04436884820461273,-0.030882231891155243,False,False,True,-0.043118856847286266
transformer,101,conditioned,2,5,1.4165468215942383,1.4795331954956055,False,True,False,False,0.18989978730678558,0.21890927851200104,False,False,False,0.19114978611469263
transformer,101,conditioned,3,5,3.798631191253662,1.040327787399292,False,False,False,False,-0.12798765301704407,-0.12798765301704407,False,False,True,-0.1267376691102982
transformer,101,conditioned,4,5,4.355660438537598,1.2881503105163574,True,False,False,False,-0.012783050537109375,-0.012482523918151855,False,False,True,-0.011533044278621715
transformer,101,conditioned,5,5,4.426965236663818,1.5037145614624023,False,True,False,False,0.20016135275363922,0.2253672033548355,False,False,False,0.20141135156154627
transformer,101,conditioned,6,5,1.1897547245025635,1.3377506732940674,False,True,False,False,0.033012039959430695,0.06282789260149002,False,False,False,0.03426203876733776
transformer,101,conditioned,0,6,2.0209522247314453,1.3146858215332031,False,True,False,False,0.024579331278800964,0.035897545516490936,False,False,False,0.025829337537288624
transformer,101,conditioned,1,6,3.6691195964813232,1.3253792524337769,False,True,False,False,0.035028792917728424,0.06101418286561966,False,False,False,0.03627879172563549
transformer,101,conditioned,2,6,4.486734390258789,1.3191171884536743,False,True,False,False,0.015583164989948273,0.02631116658449173,False,False,False,0.016833163797855336
transformer,101,conditioned,3,6,2.3962464332580566,1.4468321800231934,False,True,False,False,0.1947190761566162,0.2320917844772339,False,False,False,0.19596908986568445
transformer,101,conditioned,4,6,4.433663368225098,1.5910273790359497,True,True,False,False,0.2905111312866211,0.2934021055698395,False,False,False,0.29176114499568934
transformer,101,conditioned,5,6,1.1468676328659058,1.1068878173828125,False,False,False,False,-0.15749600529670715,-0.043727025389671326,False,False,True,-0.1562460213899613
transformer,101,conditioned,6,6,1.4504969120025635,1.5914676189422607,False,True,False,False,0.30574363470077515,0.3313072919845581,False,False,False,0.3069936484098434
transformer,101,conditioned,0,7,4.348814010620117,1.3054249286651611,False,False,False,False,0.004151470959186554,0.004758961498737335,False,False,False,0.005401469767093617
transformer,101,conditioned,1,7,3.6941776275634766,0.7366923689842224,False,False,False,False,-0.16999267041683197,-0.1005663201212883,False,False,True,-0.16499266773462298
transformer,101,conditioned,2,7,3.982071876525879,1.5985000133514404,False,True,False,False,0.29859113693237305,0.3025762736797333,False,False,False,0.2998411506414413
transformer,101,conditioned,3,7,2.6909923553466797,1.1556750535964966,False,False,False,False,-0.08650672435760498,-0.03637097775936127,False,False,True,-0.08525671809911732
transformer,101,conditioned,4,7,2.778052806854248,1.365968942642212,False,True,False,False,0.12944814562797546,0.16027197241783142,False,False,False,0.1306981444358825
transformer,101,conditioned,5,7,2.5706112384796143,1.240248203277588,False,False,False,True,0.0072367191314697266,0.017307765781879425,False,False,False,0.008486725389957386
transformer,101,conditioned,6,7,1.2777109146118164,1.0926249027252197,False,False,False,False,-0.16766202449798584,-0.11011259257793427,False,False,True,-0.1664120182394982
transformer,101,input_rotated,0,0,1.122066617012024,1.5333824157714844,False,True,False,False,0.22879338264465332,0.2374584972858429,False,False,False,0.23004339635372156
transformer,101,input_rotated,1,0,1.3983197212219238,1.5427522659301758,False,True,False,False,0.24971511960029602,0.28173747658729553,False,False,False,0.2509651035070419
transformer,101,input_rotated,2,0,1.029420256614685,1.0196255445480347,False,False,False,False,-0.097382552921772,-0.08742035180330276,False,False,True,-0.08938255161046985
transformer,101,input_rotated,3,0,1.671919345855713,0.9883801937103271,False,False,False,False,-0.11074161529541016,-0.04143005609512329,False,False,True,-0.1094916090369225
transformer,101,input_rotated,4,0,1.1647132635116577,1.0145940780639648,False,False,False,False,-0.10953949391841888,-0.05101505666971207,False,False,True,-0.10828950256109242
transformer,101,input_rotated,5,0,4.345181465148926,1.3454771041870117,False,True,False,False,0.04419902712106705,0.06712974607944489,False,False,False,0.04544902592897411
transformer,101,input_rotated,6,0,1.115830421447754,1.2315285205841064,False,False,False,False,-0.07321011275053024,-0.06358134746551514,False,False,True,-0.07196011394262318
transformer,101,input_rotated,0,1,2.0313668251037598,1.3857719898223877,False,True,False,False,0.09638526290655136,0.10424009710550308,False,False,False,0.09763526916503902
transformer,101,input_rotated,1,1,4.45493745803833,1.5334452390670776,False,True,False,False,0.22989203035831451,0.24724403023719788,False,False,False,0.23114202916622156
transformer,101,input_rotated,2,1,1.0356191396713257,1.5230309963226318,False,True,False,False,0.2184826135635376,0.2279750257730484,False,False,False,0.21973262727260584
transformer,101,input_rotated,3,1,1.242448329925537,1.3671276569366455,True,True,False,False,0.08822371065616608,0.13435500860214233,False,False,False,0.08947370946407314
transformer,101,input_rotated,4,1,1.1933096647262573,0.8327623605728149,False,False,False,False,-0.1668974906206131,-0.02906978130340576,False,False,True,-0.15989749133586886
transformer,101,input_rotated,5,1,1.0355218648910522,0.8771599531173706,False,False,False,False,-0.1511574387550354,-0.1365407258272171,False,False,True,-0.13875655829906466
transformer,101,input_rotated,6,1,2.3869409561157227,1.5082576274871826,False,True,False,False,0.27500489354133606,0.28566956520080566,False,False,False,0.2762548774480819
transformer,101,input_rotated,0,2,2.757770538330078,0.9639090299606323,False,False,False,False,-0.1279892921447754,-0.07862383127212524,False,False,True,-0.11998929828405383
transformer,101,input_rotated,1,2,3.541505813598633,1.2975780963897705,False,False,False,True,0.0011375397443771362,0.033213019371032715,False,False,False,0.002387538552284199
transformer,101,input_rotated,2,2,3.588824987411499,1.1883326768875122,False,False,False,False,-0.09460199624300003,-0.05364488810300827,False,False,True,-0.09335198253393177
transformer,101,input_rotated,3,2,1.6167503595352173,1.047835111618042,False,False,False,False,-0.16838204860687256,-0.06702106446027756,False,False,True,-0.1671320423483849
transformer,101,input_rotated,4,2,3.403343439102173,1.5670723915100098,False,True,False,False,0.3022565245628357,0.33702030777931213,False,False,False,0.30350653827190394
transformer,101,input_rotated,5,2,2.964096784591675,1.57279634475708,False,True,False,False,0.3353915512561798,0.3437376320362091,False,False,False,0.33664153516292566
transformer,101,input_rotated,6,2,2.0537991523742676,1.2869529724121094,False,True,False,False,0.059161439538002014,0.09751571714878082,False,False,False,0.06041143834590908
transformer,101,input_rotated,0,3,1.5866705179214478,1.5904717445373535,False,True,False,False,0.287386417388916,0.2975543737411499,False,False,False,0.28863643109798426
transformer,101,input_rotated,1,3,4.310685157775879,1.3393018245697021,True,True,False,False,0.04201081395149231,0.060954466462135315,False,False,False,0.04326082020997997
transformer,101,input_rotated,2,3,4.190047740936279,1.156551480293274,False,False,False,False,-0.13137100636959076,-0.119759202003479,False,False,True,-0.1301210150122643
transformer,101,input_rotated,3,3,4.283726692199707,0.7724893093109131,False,False,False,False,-0.1698199361562729,-0.1692391335964203,False,False,True,-0.1648199334740639
transformer,101,input_rotated,4,3,2.1255316734313965,0.8801431655883789,False,False,False,False,-0.17190676927566528,-0.04917174577713013,False,False,True,-0.16390677541494372
transformer,101,input_rotated,5,3,2.8621065616607666,0.9999107122421265,False,False,False,False,-0.13507013022899628,-0.12449108809232712,False,False,True,-0.13382013142108923
transformer,101,input_rotated,6,3,3.3781027793884277,1.4889721870422363,True,True,False,False,0.2452153116464615,0.2478032112121582,False,False,False,0.24646531045436854
transformer,101,input_rotated,0,4,2.0077600479125977,1.4475568532943726,False,True,False,False,0.15339037775993347,0.15458577871322632,False,False,False,0.15464039146900171
transformer,101,input_rotated,1,4,1.9395151138305664,1.4058513641357422,False,True,False,False,0.1038292944431305,0.105196014046669,False,False,False,0.10507929325103756
transformer,101,input_rotated,2,4,3.023188591003418,1.4204373359680176,False,True,False,False,0.1864849328994751,0.22065427899360657,False,False,False,0.18773494660854334
transformer,101,input_rotated,3,4,4.497864723205566,1.4196662902832031,False,True,False,False,0.12260006368160248,0.1415177434682846,False,False,False,0.12385006248950954
transformer,101,input_rotated,4,4,1.12783682346344,1.3277308940887451,False,True,False,False,0.047745004296302795,0.08030702918767929,False,False,False,0.04899499565362926
transformer,101,input_rotated,5,4,1.040993094444275,1.4458534717559814,False,True,False,False,0.14115798473358154,0.1498870998620987,False,False,False,0.14240799844264979
transformer,101,input_rotated,6,4,4.491530895233154,1.3342534303665161,False,True,False,False,0.03024805337190628,0.04117166996002197,False,False,False,0.03149805217981334
transformer,101,input_rotated,0,5,2.5174202919006348,1.0457979440689087,True,False,False,False,-0.12579213082790375,-0.1224849671125412,False,False,True,-0.12454213947057728
transformer,101,input_rotated,1,5,2.9543771743774414,1.2034496068954468,False,False,False,False,-0.033955201506614685,-0.020468585193157196,False,False,True,-0.03270521014928822
transformer,101,input_rotated,2,5,1.4559077024459839,1.423513412475586,False,True,False,False,0.14313559234142303,0.1628894954919815,False,False,False,0.14438559114933008
transformer,101,input_rotated,3,5,3.757110357284546,0.9727999567985535,True,False,False,False,-0.12449503690004349,-0.1000208929181099,False,False,True,-0.11649503558874133
transformer,101,input_rotated,4,5,4.357889175415039,1.2863373756408691,True,False,False,False,-0.014595985412597656,-0.014295458793640137,False,False,True,-0.013345979154109996
transformer,101,input_rotated,5,5,4.423535346984863,1.5214653015136719,False,True,False,False,0.21791209280490875,0.24311794340610504,False,False,False,0.2191620916128158
transformer,101,input_rotated,6,5,1.2108736038208008,1.3123514652252197,False,False,False,True,0.007612831890583038,0.05497915297746658,False,False,False,0.008862830698490101
transformer,101,input_rotated,0,6,1.9139033555984497,1.354987621307373,False,True,False,False,0.052544355392456055,0.05567599833011627,False,False,False,0.053794361650943714
transformer,101,input_rotated,1,6,3.6948890686035156,1.3151459693908691,False,True,False,False,0.02123541384935379,0.047508858144283295,False,False,False,0.022485405206680256
transformer,101,input_rotated,2,6,4.488029479980469,1.2996902465820312,False,False,False,False,-0.0038437768816947937,0.006884224712848663,False,False,True,-0.002593778073787731
transformer,101,input_rotated,3,6,2.335902690887451,1.4905142784118652,False,True,False,False,0.2385941445827484,0.27577388286590576,False,False,False,0.23984412848949427
transformer,101,input_rotated,4,6,4.434710502624512,1.588531732559204,True,True,False,False,0.2880566418170929,0.2910642921924591,False,False,False,0.28930665552616114
transformer,101,input_rotated,5,6,1.1404085159301758,1.0987803936004639,False,False,False,False,-0.15103688836097717,-0.050186142325401306,False,False,True,-0.14978690445423132
transformer,101,input_rotated,6,6,1.4962844848632812,1.535632610321045,False,True,False,False,0.2606844902038574,0.2754722833633423,False,False,False,0.26193450391292566
transformer,101,input_rotated,0,7,4.325061321258545,1.3400150537490845,False,True,False,False,0.038741596043109894,0.039349086582660675,False,False,False,0.03999159485101696
transformer,101,input_rotated,1,7,3.71939754486084,0.7626157999038696,True,False,False,False,-0.15628914535045624,-0.07534640282392502,False,False,True,-0.15128914266824725
transformer,101,input_rotated,2,7,4.02595329284668,1.5460047721862793,False,True,False,False,0.24713800847530365,0.258075088262558,False,False,False,0.2483880072832107
transformer,101,input_rotated,3,7,2.6277661323547363,1.117976188659668,False,False,False,False,-0.12918472290039062,-0.07406984269618988,False,False,True,-0.12793471664190298
transformer,101,input_rotated,4,7,2.792241096496582,1.3631678819656372,False,True,False,False,0.13021770119667053,0.15097150206565857,False,False,False,0.1314676851034164
transformer,101,input_rotated,5,7,2.5301096439361572,1.24440598487854,False,True,True,False,0.011394500732421875,0.021465547382831573,False,True,False,0.012644506990909535
transformer,101,input_rotated,6,7,1.3077088594436646,1.1410906314849854,False,False,False,False,-0.1477506160736084,-0.11906968802213669,False,False,True,-0.14650060981512075
unconditional,102,conditioned,0,0,1.6862952709197998,1.4988479614257812,False,True,False,False,0.1956498771905899,0.19953635334968567,False,False,False,0.19689987599849695
unconditional,102,conditioned,1,0,3.017934560775757,0.8469702005386353,False,False,False,False,-0.17461562156677246,-0.056173861026763916,False,False,True,-0.1666156277060509
unconditional,102,conditioned,2,0,2.769566535949707,1.5975210666656494,False,True,False,False,0.36356866359710693,0.3777419328689575,False,False,False,0.3648186773061752
unconditional,102,conditioned,3,0,2.7863192558288574,1.244569182395935,True,True,True,False,0.014574393630027771,0.05252315104007721,False,True,False,0.015824392437934834
unconditional,102,conditioned,4,0,2.34291934967041,0.9382340908050537,False,False,False,False,-0.12391699105501175,-0.09274102002382278,False,False,True,-0.11591698974370959
unconditional,102,conditioned,5,0,1.9327995777130127,1.548482060432434,False,True,False,False,0.245663583278656,0.2478267103433609,False,False,False,0.24691356718540186
unconditional,102,conditioned,6,0,1.9195208549499512,1.1871658563613892,False,False,False,False,-0.05282818526029587,-0.04948319494724274,False,False,True,-0.051578186452388805
unconditional,102,conditioned,0,1,2.376891613006592,1.179218053817749,False,False,False,False,-0.12447404861450195,-0.038411907851696014,False,False,True,-0.1232240423560143
unconditional,102,conditioned,1,1,1.9865658283233643,1.321170687675476,False,True,False,False,0.026270560920238495,0.030216418206691742,False,False,False,0.02752055227756496
unconditional,102,conditioned,2,1,3.674461603164673,0.9949592351913452,False,False,False,False,-0.11333256959915161,-0.11333256959915161,False,False,True,-0.10533256828784945
unconditional,102,conditioned,3,1,1.8047276735305786,1.3596858978271484,False,True,False,False,0.08672358840703964,0.08689764142036438,False,False,False,0.08797357976436611
unconditional,102,conditioned,4,1,1.5164676904678345,1.1056015491485596,False,False,False,False,-0.14415991306304932,-0.14415991306304932,False,False,True,-0.14290990680456167
unconditional,102,conditioned,5,1,3.3506522178649902,0.9333564639091492,False,False,False,False,-0.17544567584991455,-0.08939772844314575,False,False,True,-0.167445681989193
unconditional,102,conditioned,6,1,3.0842602252960205,1.0056729316711426,False,False,False,False,-0.15763068199157715,-0.15763068199157715,False,False,True,-0.1563806757330895
unconditional,102,conditioned,0,2,2.404508590698242,1.4415514469146729,False,True,False,False,0.13785934448242188,0.16716456413269043,False,False,False,0.13910935819149012
unconditional,102,conditioned,1,2,4.030583381652832,1.0909234285354614,True,False,False,False,-0.1537696123123169,-0.11479691416025162,False,False,True,-0.15251960605382925
unconditional,102,conditioned,2,2,3.55252742767334,0.7764618396759033,False,False,False,False,-0.1733858734369278,-0.12804341316223145,False,False,True,-0.16638587415218356
unconditional,102,conditioned,3,2,2.293635845184326,0.8606809377670288,False,False,False,False,-0.17599916458129883,-0.16849792003631592,False,False,True,-0.16799917072057727
unconditional,102,conditioned,4,2,2.8367815017700195,1.2721920013427734,False,True,True,False,0.03622350096702576,0.0497291162610054,False,True,False,0.03747350722551342
unconditional,102,conditioned,5,2,3.481273651123047,0.9292197227478027,False,False,False,False,-0.1757575273513794,-0.14804679155349731,False,False,True,-0.16775753349065783
unconditional,102,conditioned,6,2,3.368927478790283,1.571258783340454,True,True,False,False,0.32719886302948,0.330089807510376,False,False,False,0.3284488767385482
unconditional,102,conditioned,0,3,1.8045668601989746,0.9400914907455444,False,False,False,False,-0.17490577697753906,-0.17178916931152344,False,False,True,-0.1669057831168175
unconditional,102,conditioned,1,3,1.4416519403457642,1.1979750394821167,False,False,False,False,-0.07634543627500534,-0.06303976476192474,False,False,True,-0.07509543746709828
unconditional,102,conditioned,2,3,3.414656162261963,0.8265653848648071,True,False,False,False,-0.15055549144744873,-0.14918392896652222,False,False,True,-0.1343054883182049
unconditional,102,conditioned,3,3,2.1296355724334717,1.073494791984558,False,False,False,False,-0.16213524341583252,-0.03209071606397629,False,False,True,-0.16088523715734487
unconditional,102,conditioned,4,3,2.103170156478882,1.263031005859375,False,False,False,True,-0.0044931769371032715,0.023230403661727905,False,False,True,-0.0032431781291962086
unconditional,102,conditioned,5,3,2.054008960723877,1.1222248077392578,False,False,False,False,-0.13407284021377563,-0.08780203759670258,False,False,True,-0.1328228265047074
unconditional,102,conditioned,6,3,3.0691750049591064,1.2042949199676514,True,False,False,False,-0.028047431260347366,0.007755644619464874,False,False,True,-0.02679741755127911
unconditional,102,conditioned,0,4,2.007464647293091,1.035944938659668,True,False,False,False,-0.12398850172758102,-0.03735195845365524,False,False,True,-0.12273850291967396
unconditional,102,conditioned,1,4,3.2083215713500977,1.435196876525879,False,True,False,False,0.13994158804416656,0.19587016105651855,False,False,False,0.14119158685207361
unconditional,102,conditioned,2,4,2.457118034362793,1.280104160308838,False,True,True,False,0.047055259346961975,0.05954790860414505,False,True,False,0.04830525070428844
unconditional,102,conditioned,3,4,3.5281260013580322,1.4559433460235596,True,True,False,False,0.17418110370635986,0.22823834419250488,False,False,False,0.1754311025142669
unconditional,102,conditioned,4,4,1.7168806791305542,1.144393801689148,False,False,False,False,-0.12441014498472214,-0.055387549102306366,False,False,True,-0.12316014617681507
unconditional,102,conditioned,5,4,2.144482135772705,1.4431381225585938,False,True,False,False,0.1805742383003235,0.2225310057401657,False,False,False,0.18182423710823054
unconditional,102,conditioned,6,4,3.6067514419555664,1.0491605997085571,False,False,False,False,-0.15556132793426514,-0.08141069859266281,False,False,True,-0.1543113216757775
unconditional,102,conditioned,0,5,3.132750988006592,1.0128884315490723,True,False,False,False,-0.10272849351167679,-0.10226548463106155,False,False,True,-0.09472849220037463
unconditional,102,conditioned,1,5,3.43176007270813,1.5140531063079834,False,True,False,False,0.21757246553897858,0.2496880292892456,False,False,False,0.21882246434688563
unconditional,102,conditioned,2,5,3.0850894451141357,1.2191399335861206,False,False,False,True,-0.011108513921499252,0.023714430630207062,False,False,True,-0.009858507663011593
unconditional,102,conditioned,3,5,2.858234405517578,1.518817663192749,False,True,False,False,0.28196853399276733,0.2842603921890259,False,False,False,0.2832185477018356
unconditional,102,conditioned,4,5,2.6203489303588867,1.0008987188339233,False,False,False,False,-0.15044879913330078,-0.1399860978126526,False,False,True,-0.14919879287481314
unconditional,102,conditioned,5,5,1.8551304340362549,1.0261850357055664,False,False,False,False,-0.10942982882261276,-0.08690119534730911,False,False,True,-0.1081798300147057
unconditional,102,conditioned,6,5,2.0618462562561035,1.1034362316131592,False,False,False,False,-0.10828971862792969,-0.08600103110074997,False,False,True,-0.10703971236944203
unconditional,102,conditioned,0,6,3.4424779415130615,1.0155866146087646,False,False,False,False,-0.10077416151762009,-0.08405065536499023,False,False,True,-0.09952416270971302
unconditional,102,conditioned,1,6,2.3897759914398193,1.0648761987686157,False,False,False,False,-0.16813528537750244,-0.11053876578807831,False,False,True,-0.1668852791190148
unconditional,102,conditioned,2,6,2.115889072418213,1.27186918258667,True,True,True,False,0.046675413846969604,0.08300091326236725,False,True,False,0.047925420105457264
unconditional,102,conditioned,3,6,2.485368013381958,1.1580150127410889,False,False,False,False,-0.09409809857606888,-0.04708611220121384,False,False,True,-0.09284808486700062
unconditional,102,conditioned,4,6,3.6786117553710938,1.3160901069641113,False,True,False,False,0.031449317932128906,0.06384067982435226,False,False,False,0.032699324190616566
unconditional,102,conditioned,5,6,3.0121304988861084,1.337519645690918,False,True,False,False,0.1001148447394371,0.10374734550714493,False,False,False,0.10136483609676357
unconditional,102,conditioned,6,6,3.651489019393921,1.4214857816696167,False,True,False,False,0.12348548322916031,0.12475014477968216,False,False,False,0.12473547458648677
unconditional,102,conditioned,0,7,3.2524490356445312,1.13700532913208,False,False,False,False,-0.14274810254573822,-0.016200117766857147,False,False,True,-0.14149811118841177
unconditional,102,conditioned,1,7,3.6668972969055176,1.1417521238327026,True,False,False,False,-0.13179734349250793,-0.12261295318603516,False,False,True,-0.13054735958576208
unconditional,102,conditioned,2,7,1.674236536026001,1.1385700702667236,True,False,False,False,-0.1115710660815239,-0.10160266607999802,False,False,True,-0.11032106727361683
unconditional,102,conditioned,3,7,2.846574544906616,0.916488528251648,False,False,False,False,-0.13518118858337402,-0.076907217502594,False,False,True,-0.12718119472265246
unconditional,102,conditioned,4,7,2.4841737747192383,1.0994069576263428,False,False,False,False,-0.15363310277462006,-0.056654028594493866,False,False,True,-0.1523831114172936
unconditional,102,conditioned,5,7,3.8610246181488037,1.3398211002349854,False,True,False,False,0.0382927805185318,0.039425984025001526,False,False,False,0.039542771875858265
unconditional,102,conditioned,6,7,3.930656909942627,1.5296573638916016,False,True,False,False,0.23029378056526184,0.23292171955108643,False,False,False,0.2315437644720077
unconditional,102,input_rotated,0,0,1.6862952709197998,1.4988479614257812,False,True,False,False,0.1956498771905899,0.19953635334968567,False,False,False,0.19689987599849695
unconditional,102,input_rotated,1,0,3.017934560775757,0.8469702005386353,False,False,False,False,-0.17461562156677246,-0.056173861026763916,False,False,True,-0.1666156277060509
unconditional,102,input_rotated,2,0,2.769566535949707,1.5975210666656494,False,True,False,False,0.36356866359710693,0.3777419328689575,False,False,False,0.3648186773061752
unconditional,102,input_rotated,3,0,2.7863192558288574,1.244569182395935,True,True,True,False,0.014574393630027771,0.05252315104007721,False,True,False,0.015824392437934834
unconditional,102,input_rotated,4,0,2.34291934967041,0.9382340908050537,False,False,False,False,-0.12391699105501175,-0.09274102002382278,False,False,True,-0.11591698974370959
unconditional,102,input_rotated,5,0,1.9327995777130127,1.548482060432434,False,True,False,False,0.245663583278656,0.2478267103433609,False,False,False,0.24691356718540186
unconditional,102,input_rotated,6,0,1.9195208549499512,1.1871658563613892,False,False,False,False,-0.05282818526029587,-0.04948319494724274,False,False,True,-0.051578186452388805
unconditional,102,input_rotated,0,1,2.376891613006592,1.179218053817749,False,False,False,False,-0.12447404861450195,-0.038411907851696014,False,False,True,-0.1232240423560143
unconditional,102,input_rotated,1,1,1.9865658283233643,1.321170687675476,False,True,False,False,0.026270560920238495,0.030216418206691742,False,False,False,0.02752055227756496
unconditional,102,input_rotated,2,1,3.674461603164673,0.9949592351913452,False,False,False,False,-0.11333256959915161,-0.11333256959915161,False,False,True,-0.10533256828784945
unconditional,102,input_rotated,3,1,1.8047276735305786,1.3596858978271484,False,True,False,False,0.08672358840703964,0.08689764142036438,False,False,False,0.08797357976436611
unconditional,102,input_rotated,4,1,1.5164676904678345,1.1056015491485596,False,False,False,False,-0.14415991306304932,-0.14415991306304932,False,False,True,-0.14290990680456167
unconditional,102,input_rotated,5,1,3.3506522178649902,0.9333564639091492,False,False,False,False,-0.17544567584991455,-0.08939772844314575,False,False,True,-0.167445681989193
unconditional,102,input_rotated,6,1,3.0842602252960205,1.0056729316711426,False,False,False,False,-0.15763068199157715,-0.15763068199157715,False,False,True,-0.1563806757330895
unconditional,102,input_rotated,0,2,2.404508590698242,1.4415514469146729,False,True,False,False,0.13785934448242188,0.16716456413269043,False,False,False,0.13910935819149012
unconditional,102,input_rotated,1,2,4.030583381652832,1.0909234285354614,True,False,False,False,-0.1537696123123169,-0.11479691416025162,False,False,True,-0.15251960605382925
unconditional,102,input_rotated,2,2,3.55252742767334,0.7764618396759033,False,False,False,False,-0.1733858734369278,-0.12804341316223145,False,False,True,-0.16638587415218356
unconditional,102,input_rotated,3,2,2.293635845184326,0.8606809377670288,False,False,False,False,-0.17599916458129883,-0.16849792003631592,False,False,True,-0.16799917072057727
unconditional,102,input_rotated,4,2,2.8367815017700195,1.2721920013427734,False,True,True,False,0.03622350096702576,0.0497291162610054,False,True,False,0.03747350722551342
unconditional,102,input_rotated,5,2,3.481273651123047,0.9292197227478027,False,False,False,False,-0.1757575273513794,-0.14804679155349731,False,False,True,-0.16775753349065783
unconditional,102,input_rotated,6,2,3.368927478790283,1.571258783340454,True,True,False,False,0.32719886302948,0.330089807510376,False,False,False,0.3284488767385482
unconditional,102,input_rotated,0,3,1.8045668601989746,0.9400914907455444,False,False,False,False,-0.17490577697753906,-0.17178916931152344,False,False,True,-0.1669057831168175
unconditional,102,input_rotated,1,3,1.4416519403457642,1.1979750394821167,False,False,False,False,-0.07634543627500534,-0.06303976476192474,False,False,True,-0.07509543746709828
unconditional,102,input_rotated,2,3,3.414656162261963,0.8265653848648071,True,False,False,False,-0.15055549144744873,-0.14918392896652222,False,False,True,-0.1343054883182049
unconditional,102,input_rotated,3,3,2.1296355724334717,1.073494791984558,False,False,False,False,-0.16213524341583252,-0.03209071606397629,False,False,True,-0.16088523715734487
unconditional,102,input_rotated,4,3,2.103170156478882,1.263031005859375,False,False,False,True,-0.0044931769371032715,0.023230403661727905,False,False,True,-0.0032431781291962086
unconditional,102,input_rotated,5,3,2.054008960723877,1.1222248077392578,False,False,False,False,-0.13407284021377563,-0.08780203759670258,False,False,True,-0.1328228265047074
unconditional,102,input_rotated,6,3,3.0691750049591064,1.2042949199676514,True,False,False,False,-0.028047431260347366,0.007755644619464874,False,False,True,-0.02679741755127911
unconditional,102,input_rotated,0,4,2.007464647293091,1.035944938659668,True,False,False,False,-0.12398850172758102,-0.03735195845365524,False,False,True,-0.12273850291967396
unconditional,102,input_rotated,1,4,3.2083215713500977,1.435196876525879,False,True,False,False,0.13994158804416656,0.19587016105651855,False,False,False,0.14119158685207361
unconditional,102,input_rotated,2,4,2.457118034362793,1.280104160308838,False,True,True,False,0.047055259346961975,0.05954790860414505,False,True,False,0.04830525070428844
unconditional,102,input_rotated,3,4,3.5281260013580322,1.4559433460235596,True,True,False,False,0.17418110370635986,0.22823834419250488,False,False,False,0.1754311025142669
unconditional,102,input_rotated,4,4,1.7168806791305542,1.144393801689148,False,False,False,False,-0.12441014498472214,-0.055387549102306366,False,False,True,-0.12316014617681507
unconditional,102,input_rotated,5,4,2.144482135772705,1.4431381225585938,False,True,False,False,0.1805742383003235,0.2225310057401657,False,False,False,0.18182423710823054
unconditional,102,input_rotated,6,4,3.6067514419555664,1.0491605997085571,False,False,False,False,-0.15556132793426514,-0.08141069859266281,False,False,True,-0.1543113216757775
unconditional,102,input_rotated,0,5,3.132750988006592,1.0128884315490723,True,False,False,False,-0.10272849351167679,-0.10226548463106155,False,False,True,-0.09472849220037463
unconditional,102,input_rotated,1,5,3.43176007270813,1.5140531063079834,False,True,False,False,0.21757246553897858,0.2496880292892456,False,False,False,0.21882246434688563
unconditional,102,input_rotated,2,5,3.0850894451141357,1.2191399335861206,False,False,False,True,-0.011108513921499252,0.023714430630207062,False,False,True,-0.009858507663011593
unconditional,102,input_rotated,3,5,2.858234405517578,1.518817663192749,False,True,False,False,0.28196853399276733,0.2842603921890259,False,False,False,0.2832185477018356
unconditional,102,input_rotated,4,5,2.6203489303588867,1.0008987188339233,False,False,False,False,-0.15044879913330078,-0.1399860978126526,False,False,True,-0.14919879287481314
unconditional,102,input_rotated,5,5,1.8551304340362549,1.0261850357055664,False,False,False,False,-0.10942982882261276,-0.08690119534730911,False,False,True,-0.1081798300147057
unconditional,102,input_rotated,6,5,2.0618462562561035,1.1034362316131592,False,False,False,False,-0.10828971862792969,-0.08600103110074997,False,False,True,-0.10703971236944203
unconditional,102,input_rotated,0,6,3.4424779415130615,1.0155866146087646,False,False,False,False,-0.10077416151762009,-0.08405065536499023,False,False,True,-0.09952416270971302
unconditional,102,input_rotated,1,6,2.3897759914398193,1.0648761987686157,False,False,False,False,-0.16813528537750244,-0.11053876578807831,False,False,True,-0.1668852791190148
unconditional,102,input_rotated,2,6,2.115889072418213,1.27186918258667,True,True,True,False,0.046675413846969604,0.08300091326236725,False,True,False,0.047925420105457264
unconditional,102,input_rotated,3,6,2.485368013381958,1.1580150127410889,False,False,False,False,-0.09409809857606888,-0.04708611220121384,False,False,True,-0.09284808486700062
unconditional,102,input_rotated,4,6,3.6786117553710938,1.3160901069641113,False,True,False,False,0.031449317932128906,0.06384067982435226,False,False,False,0.032699324190616566
unconditional,102,input_rotated,5,6,3.0121304988861084,1.337519645690918,False,True,False,False,0.1001148447394371,0.10374734550714493,False,False,False,0.10136483609676357
unconditional,102,input_rotated,6,6,3.651489019393921,1.4214857816696167,False,True,False,False,0.12348548322916031,0.12475014477968216,False,False,False,0.12473547458648677
unconditional,102,input_rotated,0,7,3.2524490356445312,1.13700532913208,False,False,False,False,-0.14274810254573822,-0.016200117766857147,False,False,True,-0.14149811118841177
unconditional,102,input_rotated,1,7,3.6668972969055176,1.1417521238327026,True,False,False,False,-0.13179734349250793,-0.12261295318603516,False,False,True,-0.13054735958576208
unconditional,102,input_rotated,2,7,1.674236536026001,1.1385700702667236,True,False,False,False,-0.1115710660815239,-0.10160266607999802,False,False,True,-0.11032106727361683
unconditional,102,input_rotated,3,7,2.846574544906616,0.916488528251648,False,False,False,False,-0.13518118858337402,-0.076907217502594,False,False,True,-0.12718119472265246
unconditional,102,input_rotated,4,7,2.4841737747192383,1.0994069576263428,False,False,False,False,-0.15363310277462006,-0.056654028594493866,False,False,True,-0.1523831114172936
unconditional,102,input_rotated,5,7,3.8610246181488037,1.3398211002349854,False,True,False,False,0.0382927805185318,0.039425984025001526,False,False,False,0.039542771875858265
unconditional,102,input_rotated,6,7,3.930656909942627,1.5296573638916016,False,True,False,False,0.23029378056526184,0.23292171955108643,False,False,False,0.2315437644720077
mlp,102,conditioned,0,0,2.7023210525512695,1.5574475526809692,False,True,False,False,0.2688048481941223,0.29376184940338135,False,False,False,0.27005483210086817
mlp,102,conditioned,1,0,3.4614338874816895,1.4295761585235596,False,True,False,False,0.13309551775455475,0.16521108150482178,False,False,False,0.1343455165624618
mlp,102,conditioned,2,0,3.3588335514068604,1.5800130367279053,False,True,False,False,0.33578407764434814,0.3380354642868042,False,False,False,0.3370340913534164
mlp,102,conditioned,3,0,3.4181203842163086,1.5298690795898438,False,True,False,False,0.26634424924850464,0.30216407775878906,False,False,False,0.2675942331552505
mlp,102,conditioned,4,0,3.239734172821045,1.4824013710021973,True,True,False,False,0.24673572182655334,0.24879956245422363,False,False,False,0.2479857057332992
mlp,102,conditioned,5,0,3.0001189708709717,1.5686445236206055,False,True,False,False,0.3179386854171753,0.33316293358802795,False,False,False,0.31918869912624354
mlp,102,conditioned,6,0,3.0759315490722656,1.5244967937469482,True,True,False,False,0.2920694947242737,0.32795751094818115,False,False,False,0.29331947863101954
mlp,102,conditioned,0,1,3.1867198944091797,1.488379955291748,False,True,False,False,0.1846240609884262,0.18510043621063232,False,False,False,0.18587405979633326
mlp,102,conditioned,1,1,3.028855562210083,1.5277154445648193,False,True,False,False,0.269522100687027,0.2893884778022766,False,False,False,0.2707721143960952
mlp,102,conditioned,2,1,3.631685256958008,1.5014166831970215,False,True,False,False,0.2042769491672516,0.2042769491672516,False,False,False,0.20552693307399744
mlp,102,conditioned,3,1,2.967656135559082,1.544616937637329,False,True,False,False,0.30745649337768555,0.30745649337768555,False,False,False,0.3087065070867538
mlp,102,conditioned,4,1,2.760632276535034,1.5112626552581787,False,True,False,False,0.2674129605293274,0.2991742491722107,False,False,False,0.26866297423839564
mlp,102,conditioned,5,1,3.5859904289245605,1.458046793937683,False,True,False,False,0.16358840465545654,0.1936817169189453,False,False,False,0.16483841836452479
mlp,102,conditioned,6,1,3.4484920501708984,1.5029773712158203,True,True,False,False,0.23875491321086884,0.2618083953857422,False,False,False,0.24000491201877588
mlp,102,conditioned,0,2,3.202286720275879,1.5437471866607666,False,True,False,False,0.24048113822937012,0.24048113822937012,False,False,False,0.24173115193843836
mlp,102,conditioned,1,2,3.8823540210723877,1.491439938545227,False,True,False,False,0.1899116337299347,0.19104483723640442,False,False,False,0.19116161763668055
mlp,102,conditioned,2,2,3.5911083221435547,1.4471943378448486,False,True,False,False,0.15467768907546997,0.15666526556015015,False,False,False,0.15592768788337702
mlp,102,conditioned,3,2,3.2188353538513184,1.4619865417480469,False,True,False,False,0.22526493668556213,0.22536304593086243,False,False,False,0.226514920592308
mlp,102,conditioned,4,2,3.4350943565368652,1.5332880020141602,False,True,False,False,0.26264089345932007,0.3032359182834625,False,False,False,0.2638909071683883
mlp,102,conditioned,5,2,3.636415719985962,1.4569345712661743,False,True,False,False,0.16821777820587158,0.19256949424743652,False,False,False,0.16946779191493982
mlp,102,conditioned,6,2,3.5320653915405273,1.5729682445526123,False,True,False,False,0.28823888301849365,0.2942322790622711,False,False,False,0.2894888967275619
mlp,102,conditioned,0,3,2.804269790649414,1.422508955001831,False,True,False,False,0.12083633989095688,0.14187577366828918,False,False,False,0.12208633124828334
mlp,102,conditioned,1,3,2.6504693031311035,1.5090007781982422,False,True,False,False,0.28128883242607117,0.28606438636779785,False,False,False,0.282538816332817
mlp,102,conditioned,2,3,3.5477211475372314,1.4673101902008057,False,True,False,False,0.18100100755691528,0.1895696520805359,False,False,False,0.18225099146366114
mlp,102,conditioned,3,3,3.1433355808258057,1.506529450416565,False,True,False,False,0.2693690061569214,0.2693690061569214,False,False,False,0.27061901986598963
mlp,102,conditioned,4,3,3.130742073059082,1.5321277379989624,False,True,False,False,0.2951747179031372,0.2951747179031372,False,False,False,0.29642473161220545
mlp,102,conditioned,5,3,3.0633857250213623,1.4968163967132568,False,True,False,False,0.22904670238494873,0.2574896812438965,False,False,False,0.23029671609401697
mlp,102,conditioned,6,3,3.4441490173339844,1.5263099670410156,True,True,False,False,0.26235467195510864,0.2851409912109375,False,False,False,0.2636046558618545
mlp,102,conditioned,0,4,2.956408977508545,1.4533228874206543,False,True,False,False,0.14947856962680817,0.15004336833953857,False,False,False,0.15072856843471522
mlp,102,conditioned,1,4,3.5323328971862793,1.545846939086914,False,True,False,False,0.24936629831790924,0.28148186206817627,False,False,False,0.2506162971258163
mlp,102,conditioned,2,4,3.2650341987609863,1.5343033075332642,False,True,False,False,0.29013144969940186,0.2957410216331482,False,False,False,0.2913814336061477
mlp,102,conditioned,3,4,3.6958537101745605,1.5580672025680542,True,True,False,False,0.27346062660217285,0.3008157014846802,False,False,False,0.2747106403112411
mlp,102,conditioned,4,4,2.913090229034424,1.5166831016540527,False,True,False,False,0.27973008155822754,0.27973008155822754,False,False,False,0.2809800952672958
mlp,102,conditioned,5,4,3.107428789138794,1.5472151041030884,False,True,False,False,0.2659989893436432,0.307888388633728,False,False,False,0.26724900305271143
mlp,102,conditioned,6,4,3.606849431991577,1.5087265968322754,False,True,False,False,0.21457085013389587,0.21457085013389587,False,False,False,0.21582086384296412
mlp,102,conditioned,0,5,3.569951295852661,1.4466848373413086,False,True,False,False,0.1453315019607544,0.16665589809417725,False,False,False,0.14658151566982264
mlp,102,conditioned,1,5,3.617125988006592,1.560713291168213,False,True,False,False,0.26847100257873535,0.2963482141494751,False,False,False,0.2697210162878036
mlp,102,conditioned,2,5,3.450063705444336,1.5279245376586914,False,True,False,False,0.2620046138763428,0.28594696521759033,False,False,False,0.26325459778308863
mlp,102,conditioned,3,5,3.4452123641967773,1.568552851676941,False,True,False,False,0.2983248233795166,0.34084784984588623,False,False,False,0.29957480728626246
mlp,102,conditioned,4,5,3.352710008621216,1.4946810007095337,False,True,False,False,0.24366141855716705,0.26462891697883606,False,False,False,0.2449114173650741
mlp,102,conditioned,5,5,2.956408977508545,1.479322910308838,False,True,False,False,0.24191811680793762,0.2554047107696533,False,False,False,0.24316810071468348
mlp,102,conditioned,6,5,3.1315195560455322,1.5152639150619507,True,True,False,False,0.2824452519416809,0.3187246322631836,False,False,False,0.28369523584842676
mlp,102,conditioned,0,6,3.7162487506866455,1.4474822282791138,False,True,False,False,0.14612889289855957,0.18210473656654358,False,False,False,0.1473789066076278
mlp,102,conditioned,1,6,3.2168147563934326,1.4867503643035889,False,True,False,False,0.19114623963832855,0.24742364883422852,False,False,False,0.1923962384462356
mlp,102,conditioned,2,6,3.151132106781006,1.5334417819976807,False,True,False,False,0.29685550928115845,0.3268784284591675,False,False,False,0.2981055229902267
mlp,102,conditioned,3,6,3.300152063369751,1.5185688734054565,True,True,False,False,0.2849266827106476,0.29158127307891846,False,False,False,0.2861766964197158
mlp,102,conditioned,4,6,3.7523550987243652,1.538858413696289,False,True,False,False,0.25421762466430664,0.27859556674957275,False,False,False,0.2554676383733749
mlp,102,conditioned,5,6,3.4592742919921875,1.5302071571350098,False,True,False,False,0.23372651636600494,0.265842080116272,False,False,False,0.234976515173912
mlp,102,conditioned,6,6,3.6217880249023438,1.5497281551361084,False,True,False,False,0.25382962822914124,0.25382962822914124,False,False,False,0.2550796419382095
mlp,102,conditioned,0,7,3.6264326572418213,1.478864312171936,False,True,False,False,0.17751097679138184,0.1988353729248047,False,False,False,0.17876099050045008
mlp,102,conditioned,1,7,3.7114596366882324,1.5000531673431396,False,True,False,False,0.20342059433460236,0.20729118585586548,False,False,False,0.2046705931425094
mlp,102,conditioned,2,7,2.9616758823394775,1.519254446029663,False,True,False,False,0.2853020429611206,0.3021256625652313,False,False,False,0.28655205667018885
mlp,102,conditioned,3,7,3.4408392906188965,1.4773180484771729,False,True,False,False,0.21007640659809113,0.24961304664611816,False,False,False,0.21132640540599817
mlp,102,conditioned,4,7,3.298591375350952,1.5103697776794434,False,True,False,False,0.2725899815559387,0.28057804703712463,False,False,False,0.27383999526500696
mlp,102,conditioned,5,7,3.797107458114624,1.5305594205856323,False,True,False,False,0.2293081432580948,0.2301643192768097,False,False,False,0.23055814206600184
mlp,102,conditioned,6,7,3.7256875038146973,1.5648415088653564,False,True,False,False,0.2654779255390167,0.2681058645248413,False,False,False,0.2667279094457626
mlp,102,input_rotated,0,0,2.9691200256347656,1.559943675994873,False,True,False,False,0.2560993432998657,0.2566641569137573,False,False,False,0.25734935700893397
mlp,102,input_rotated,1,0,3.5153846740722656,1.3786091804504395,False,True,False,False,0.08212853968143463,0.11424411088228226,False,False,False,0.0833785384893417
mlp,102,input_rotated,2,0,3.3681676387786865,1.583553433418274,True,True,False,False,0.3393244743347168,0.34157586097717285,False,False,False,0.34057448804378504
mlp,102,input_rotated,3,0,3.3637166023254395,1.5305893421173096,False,True,False,False,0.2800750136375427,0.3028843402862549,False,False,False,0.28132502734661097
mlp,102,input_rotated,4,0,3.2403531074523926,1.4822853803634644,True,True,False,False,0.24663597345352173,0.24877500534057617,False,False,False,0.24788595736026758
mlp,102,input_rotated,5,0,3.043161630630493,1.574284553527832,False,True,False,False,0.30905967950820923,0.3351496458053589,False,False,False,0.31030969321727747
mlp,102,input_rotated,6,0,2.992839813232422,1.5073151588439941,True,True,False,False,0.2736825942993164,0.2938268184661865,False,False,False,0.27493260800838465
mlp,102,input_rotated,0,1,3.2393760681152344,1.5236492156982422,False,True,False,False,0.22260338068008423,0.2231157422065735,False,False,False,0.22385339438915247
mlp,102,input_rotated,1,1,2.941798448562622,1.5181663036346436,False,True,False,False,0.2807615101337433,0.294248104095459,False,False,False,0.28201149404048914
mlp,102,input_rotated,2,1,3.7146339416503906,1.4728143215179443,False,True,False,False,0.17290520668029785,0.17524078488349915,False,False,False,0.1741552203893661
mlp,102,input_rotated,3,1,3.0255162715911865,1.5427889823913574,False,True,False,False,0.30562853813171387,0.30562853813171387,False,False,False,0.3068785518407821
mlp,102,input_rotated,4,1,2.757350444793701,1.511275053024292,False,True,False,False,0.2669264078140259,0.30038365721702576,False,False,False,0.2681764215230941
mlp,102,input_rotated,5,1,3.624666452407837,1.4813299179077148,False,True,False,False,0.1907784342765808,0.21696484088897705,False,False,False,0.19202844798564905
mlp,102,input_rotated,6,1,3.4861016273498535,1.4751075506210327,True,True,False,False,0.20209291577339172,0.22498634457588196,False,False,False,0.20334292948245997
mlp,102,input_rotated,0,2,3.2481374740600586,1.5521819591522217,False,True,False,False,0.2517545223236084,0.25261396169662476,False,False,False,0.25300453603267664
mlp,102,input_rotated,1,2,4.018733978271484,1.467808723449707,False,True,False,False,0.16628041863441467,0.1674136221408844,False,False,False,0.16753040254116053
mlp,102,input_rotated,2,2,3.664649248123169,1.389024257659912,False,True,False,False,0.08993888646364212,0.09145071357488632,False,False,False,0.09118889272212978
mlp,102,input_rotated,3,2,3.212563991546631,1.4767649173736572,False,True,False,False,0.2398187816143036,0.2398187816143036,False,False,False,0.24106879532337183
mlp,102,input_rotated,4,2,3.4371609687805176,1.5333845615386963,False,True,False,False,0.26231247186660767,0.30333247780799866,False,False,False,0.2635624557733535
mlp,102,input_rotated,5,2,3.6741292476654053,1.4804048538208008,False,True,False,False,0.18773680925369263,0.20001742243766785,False,False,False,0.18898679316043848
mlp,102,input_rotated,6,2,3.5929622650146484,1.5748172998428345,False,True,False,False,0.28166407346725464,0.2819627523422241,False,False,False,0.2829140871763229
mlp,102,input_rotated,0,3,3.0262811183929443,1.4929641485214233,False,True,False,False,0.1891198307275772,0.18968462944030762,False,False,False,0.19036982953548426
mlp,102,input_rotated,1,3,2.4408891201019287,1.4924671649932861,True,True,False,False,0.25945568084716797,0.26952672004699707,False,False,False,0.2607056945562362
mlp,102,input_rotated,2,3,3.61051607131958,1.4203901290893555,False,True,False,False,0.12561194598674774,0.1262667179107666,False,False,False,0.1268619447946548
mlp,102,input_rotated,3,3,3.156088352203369,1.5117220878601074,False,True,False,False,0.27456164360046387,0.27456164360046387,False,False,False,0.2758116573095321
mlp,102,input_rotated,4,3,3.1304931640625,1.5322203636169434,False,True,False,False,0.29526734352111816,0.29526734352111816,False,False,False,0.2965173572301864
mlp,102,input_rotated,5,3,3.106513023376465,1.513619303703308,False,True,False,False,0.23365968465805054,0.27429258823394775,False,False,False,0.23490969836711878
mlp,102,input_rotated,6,3,3.480492115020752,1.5099802017211914,True,True,False,False,0.237257719039917,0.257669061422348,False,False,False,0.23850773274898524
mlp,102,input_rotated,0,4,3.1109306812286377,1.5070364475250244,False,True,False,False,0.20319212973117828,0.2037569284439087,False,False,False,0.20444212853908533
mlp,102,input_rotated,1,4,3.6056339740753174,1.5423190593719482,False,True,False,False,0.24898499250411987,0.27795398235321045,False,False,False,0.2502350062131881
mlp,102,input_rotated,2,4,3.244898557662964,1.5215094089508057,False,True,False,False,0.2774737477302551,0.28647708892822266,False,False,False,0.278723731637001
mlp,102,input_rotated,3,4,3.5832626819610596,1.5541526079177856,True,True,False,False,0.2695460319519043,0.32644760608673096,False,False,False,0.27079604566097254
mlp,102,input_rotated,4,4,2.9110536575317383,1.5167176723480225,False,True,False,False,0.27976465225219727,0.27976465225219727,False,False,False,0.2810146659612655
mlp,102,input_rotated,5,4,3.150540828704834,1.5559825897216797,False,True,False,False,0.2664889693260193,0.31665587425231934,False,False,False,0.26773895323276514
mlp,102,input_rotated,6,4,3.6865832805633545,1.4838072061538696,False,True,False,False,0.18457604944705963,0.1870715618133545,False,False,False,0.18582604825496668
mlp,102,input_rotated,0,5,3.4624876976013184,1.5039708614349365,False,True,False,False,0.2040061056613922,0.22394192218780518,False,False,False,0.20525608956813807
mlp,102,input_rotated,1,5,3.711153507232666,1.5614312887191772,False,True,False,False,0.26456397771835327,0.2673388421535492,False,False,False,0.2658139914274215
mlp,102,input_rotated,2,5,3.486410140991211,1.5122654438018799,False,True,False,False,0.2376970648765564,0.2570000886917114,False,False,False,0.23894707858562464
mlp,102,input_rotated,3,5,3.3845865726470947,1.563202142715454,False,True,False,False,0.30659300088882446,0.3354971408843994,False,False,False,0.3078429847955703
mlp,102,input_rotated,4,5,3.354187488555908,1.494621753692627,False,True,False,False,0.24327759444713593,0.2645696699619293,False,False,False,0.24452759325504297
mlp,102,input_rotated,5,5,2.9993205070495605,1.4990346431732178,False,True,False,False,0.2538238763809204,0.2644900977611542,False,False,False,0.25507389008998865
mlp,102,input_rotated,6,5,3.067298650741577,1.4936197996139526,True,True,False,False,0.2606470584869385,0.29708051681518555,False,False,False,0.26189704239368433
mlp,102,input_rotated,0,6,3.554514169692993,1.504338026046753,False,True,False,False,0.20298469066619873,0.22430908679962158,False,False,False,0.20423470437526697
mlp,102,input_rotated,1,6,3.194004774093628,1.4611529111862183,False,True,False,False,0.16705752909183502,0.2218261957168579,False,False,False,0.16830752789974207
mlp,102,input_rotated,2,6,3.093766689300537,1.5202676057815552,False,True,False,False,0.28850802779197693,0.32484209537506104,False,False,False,0.28975804150104517
mlp,102,input_rotated,3,6,3.2738072872161865,1.521394968032837,False,True,False,False,0.2870689034461975,0.291643351316452,False,False,False,0.28831888735294336
mlp,102,input_rotated,4,6,3.7562358379364014,1.5389740467071533,False,True,False,False,0.2543332576751709,0.278711199760437,False,False,False,0.25558327138423914
mlp,102,input_rotated,5,6,3.499929428100586,1.5416051149368286,False,True,False,False,0.2451244741678238,0.2772400379180908,False,False,False,0.24637447297573084
mlp,102,input_rotated,6,6,3.705026388168335,1.543531060218811,False,True,False,False,0.2441674768924713,0.2467954158782959,False,False,False,0.24541746079921717
mlp,102,input_rotated,0,7,3.4973764419555664,1.5190589427947998,False,True,False,False,0.21776673197746277,0.23903000354766846,False,False,False,0.219016745686531
mlp,102,input_rotated,1,7,3.8248684406280518,1.4799598455429077,False,True,False,False,0.17843154072761536,0.17956474423408508,False,False,False,0.1796815246343612
mlp,102,input_rotated,2,7,2.841557025909424,1.4995312690734863,False,True,False,False,0.26557886600494385,0.27975213527679443,False,False,False,0.2668288797140121
mlp,102,input_rotated,3,7,3.381211519241333,1.4886741638183594,False,True,False,False,0.23508504033088684,0.2609691619873047,False,False,False,0.23633505403995508
mlp,102,input_rotated,4,7,3.299663782119751,1.5103784799575806,False,True,False,False,0.2723345160484314,0.28054702281951904,False,False,False,0.27358449995517725
mlp,102,input_rotated,5,7,3.83105206489563,1.5419018268585205,False,True,False,False,0.24037352204322815,0.24150672554969788,False,False,False,0.241623505949974
mlp,102,input_rotated,6,7,3.830585479736328,1.5641461610794067,False,True,False,False,0.264782577753067,0.2674105167388916,False,False,False,0.26603256165981287
conv,102,conditioned,0,0,4.491410255432129,1.6406044960021973,False,True,False,False,0.3421366512775421,0.35067474842071533,False,False,False,0.34338666498661036
conv,102,conditioned,1,0,4.48452091217041,1.6308907270431519,False,True,False,False,0.32733750343322754,0.33977174758911133,False,False,False,0.3285875171422958
conv,102,conditioned,2,0,4.479022979736328,1.630932092666626,False,True,False,False,0.32739806175231934,0.3381260633468628,False,False,False,0.3286480754613876
conv,102,conditioned,3,0,4.48670768737793,1.6346001625061035,False,True,False,False,0.3356400430202484,0.342571884393692,False,False,False,0.33689002692699427
conv,102,conditioned,4,0,4.485531806945801,1.6319003105163574,True,True,False,False,0.33458879590034485,0.3431963324546814,False,False,False,0.3358387798070907
conv,102,conditioned,5,0,4.484259605407715,1.635698914527893,False,True,False,False,0.33214569091796875,0.3445853590965271,False,False,False,0.333395704627037
conv,102,conditioned,6,0,4.477334022521973,1.622955083847046,False,True,False,False,0.31894969940185547,0.32987332344055176,False,False,False,0.3201997131109237
conv,102,conditioned,0,1,4.4914774894714355,1.6396983861923218,False,True,False,False,0.34123626351356506,0.3498070240020752,False,False,False,0.3424862772226333
conv,102,conditioned,1,1,4.484274864196777,1.6339884996414185,False,True,False,False,0.33043527603149414,0.3428792655467987,False,False,False,0.3316852897405624
conv,102,conditioned,2,1,4.479403018951416,1.621675729751587,False,True,False,False,0.3181416988372803,0.32886970043182373,False,False,False,0.3193917125463485
conv,102,conditioned,3,1,4.486527442932129,1.635163426399231,False,True,False,False,0.33618733286857605,0.3430870473384857,False,False,False,0.3374373167753219
conv,102,conditioned,4,1,4.485318183898926,1.6329190731048584,True,True,False,False,0.3355880677700043,0.3441348671913147,False,False,False,0.3368380516767501
conv,102,conditioned,5,1,4.484601020812988,1.6317059993743896,False,True,False,False,0.32815277576446533,0.3405779302120209,False,False,False,0.3294027894735336
conv,102,conditioned,6,1,4.4778642654418945,1.620453953742981,False,True,False,False,0.3164485692977905,0.3273721933364868,False,False,False,0.31769858300685877
conv,102,conditioned,0,2,4.491479873657227,1.6403942108154297,False,True,False,False,0.34193095564842224,0.35048550367355347,False,False,False,0.3431809693574905
conv,102,conditioned,1,2,4.484823703765869,1.632735013961792,False,True,False,False,0.3291817903518677,0.34158581495285034,False,False,False,0.3304318040609359
conv,102,conditioned,2,2,4.479342937469482,1.6161999702453613,False,True,False,False,0.3126659393310547,0.32339394092559814,False,False,False,0.31391595304012293
conv,102,conditioned,3,2,4.486624717712402,1.632400393486023,False,True,False,False,0.3334406316280365,0.3404011130332947,False,False,False,0.33469061553478235
conv,102,conditioned,4,2,4.485626697540283,1.633774995803833,True,True,False,False,0.3364652097225189,0.34503960609436035,False,False,False,0.3377151936292648
conv,102,conditioned,5,2,4.484634876251221,1.6316732168197632,False,True,False,False,0.32811999320983887,0.3405425250530243,False,False,False,0.3293700069189071
conv,102,conditioned,6,2,4.477993965148926,1.6291964054107666,False,True,False,False,0.32519102096557617,0.33611464500427246,False,False,False,0.3264410346746444
conv,102,conditioned,0,3,4.491424083709717,1.6390445232391357,False,True,False,False,0.34058037400245667,0.3491579294204712,False,False,False,0.3418303877115249
conv,102,conditioned,1,3,4.484074115753174,1.6333198547363281,False,True,False,False,0.3297666311264038,0.34222909808158875,False,False,False,0.33101664483547205
conv,102,conditioned,2,3,4.4792799949646,1.6181886196136475,False,True,False,False,0.3146545886993408,0.3253825902938843,False,False,False,0.31590460240840906
conv,102,conditioned,3,3,4.486595153808594,1.6337841749191284,False,True,False,False,0.33481770753860474,0.34175002574920654,False,False,False,0.3360676914453506
conv,102,conditioned,4,3,4.485482215881348,1.633727788925171,True,True,False,False,0.33640700578689575,0.3449593782424927,False,False,False,0.3376569896936416
conv,102,conditioned,5,3,4.484293460845947,1.6329102516174316,False,True,False,False,0.3293570280075073,0.34180304408073425,False,False,False,0.33060704171657557
conv,102,conditioned,6,3,4.47785758972168,1.6231715679168701,False,True,False,False,0.3191661834716797,0.330089807510376,False,False,False,0.32041619718074793
conv,102,conditioned,0,4,4.4914445877075195,1.639334797859192,False,True,False,False,0.3408713638782501,0.3494453430175781,False,False,False,0.34212137758731836
conv,102,conditioned,1,4,4.484565734863281,1.634695053100586,False,True,False,False,0.3311418294906616,0.34356018900871277,False,False,False,0.33239184319972986
conv,102,conditioned,2,4,4.478903293609619,1.625260353088379,False,True,False,False,0.32172632217407227,0.3324543237686157,False,False,False,0.3229763358831405
conv,102,conditioned,3,4,4.486838340759277,1.635719895362854,False,True,False,False,0.33676663041114807,0.34369489550590515,False,False,False,0.3380166143178939
conv,102,conditioned,4,4,4.485384941101074,1.6331223249435425,True,True,False,False,0.3357958495616913,0.34434813261032104,False,False,False,0.33704583346843714
conv,102,conditioned,5,4,4.484316825866699,1.6347510814666748,False,True,False,False,0.3311978578567505,0.34363600611686707,False,False,False,0.33244787156581873
conv,102,conditioned,6,4,4.478116035461426,1.621111273765564,False,True,False,False,0.31710588932037354,0.3280295133590698,False,False,False,0.3183559030294418
conv,102,conditioned,0,5,4.491537094116211,1.639270305633545,False,True,False,False,0.340812623500824,0.34940338134765625,False,False,False,0.3420626372098922
conv,102,conditioned,1,5,4.484621524810791,1.635331630706787,False,True,False,False,0.3317784070968628,0.3441902995109558,False,False,False,0.33302842080593104
conv,102,conditioned,2,5,4.479144096374512,1.624541997909546,False,True,False,False,0.32100796699523926,0.3317359685897827,False,False,False,0.3222579807043075
conv,102,conditioned,3,5,4.486719608306885,1.6361896991729736,False,True,False,False,0.3372255563735962,0.3441309928894043,False,False,False,0.33847554028034205
conv,102,conditioned,4,5,4.485586166381836,1.6323219537734985,True,True,False,False,0.33501338958740234,0.3436187505722046,False,False,False,0.3362633734941482
conv,102,conditioned,5,5,4.484236240386963,1.6323504447937012,False,True,False,False,0.32879722118377686,0.3412497043609619,False,False,False,0.3300472348928451
conv,102,conditioned,6,5,4.477409362792969,1.6218677759170532,False,True,False,False,0.3178623914718628,0.3287860155105591,False,False,False,0.31911240518093104
conv,102,conditioned,0,6,4.49156379699707,1.6392779350280762,False,True,False,False,0.3408218324184418,0.3494168519973755,False,False,False,0.34207184612751
conv,102,conditioned,1,6,4.484377861022949,1.632584571838379,False,True,False,False,0.3290313482284546,0.3414716124534607,False,False,False,0.33028136193752283
conv,102,conditioned,2,6,4.478762149810791,1.6251626014709473,False,True,False,False,0.3216285705566406,0.3323565721511841,False,False,False,0.32287858426570887
conv,102,conditioned,3,6,4.486658096313477,1.63419508934021,False,True,False,False,0.33523231744766235,0.34216517210006714,False,False,False,0.3364823013544082
conv,102,conditioned,4,6,4.485804557800293,1.6340055465698242,True,True,False,False,0.33670884370803833,0.345305860042572,False,False,False,0.3379588276147842
conv,102,conditioned,5,6,4.484519958496094,1.6340818405151367,False,True,False,False,0.3305286169052124,0.3429526090621948,False,False,False,0.33177863061428065
conv,102,conditioned,6,6,4.478140830993652,1.6260682344436646,False,True,False,False,0.3220628499984741,0.3329864740371704,False,False,False,0.32331286370754236
conv,102,conditioned,0,7,4.491547584533691,1.63959538936615,False,True,False,False,0.34113770723342896,0.3497224450111389,False,False,False,0.3423877209424972
conv,102,conditioned,1,7,4.4846882820129395,1.6330173015594482,False,True,False,False,0.3294640779495239,0.3418780267238617,False,False,False,0.33071409165859217
conv,102,conditioned,2,7,4.478534698486328,1.6235849857330322,False,True,False,False,0.3200509548187256,0.33077895641326904,False,False,False,0.32130096852779383
conv,102,conditioned,3,7,4.48671817779541,1.6328564882278442,False,True,False,False,0.3339027166366577,0.34086665511131287,False,False,False,0.33515270054340357
conv,102,conditioned,4,7,4.485559463500977,1.6328859329223633,True,True,False,False,0.33557361364364624,0.3441600799560547,False,False,False,0.3368235975503921
conv,102,conditioned,5,7,4.484753131866455,1.6340949535369873,False,True,False,False,0.330541729927063,0.3429470658302307,False,False,False,0.33179174363613123
conv,102,conditioned,6,7,4.4783220291137695,1.6280663013458252,False,True,False,False,0.32406091690063477,0.33498454093933105,False,False,False,0.325310930609703
conv,102,input_rotated,0,0,4.477190017700195,1.6274051666259766,False,True,False,False,0.32778239250183105,0.3347647190093994,False,False,False,0.3290323764085769
conv,102,input_rotated,1,0,4.491528511047363,1.638662338256836,False,True,False,False,0.3351091146469116,0.3470219671726227,False,False,False,0.33635912835597986
conv,102,input_rotated,2,0,4.484464645385742,1.6364569664001465,False,True,False,False,0.33292293548583984,0.3436509370803833,False,False,False,0.3341729491949081
conv,102,input_rotated,3,0,4.479029655456543,1.624840497970581,False,True,False,False,0.3253629505634308,0.33149731159210205,False,False,False,0.32661293447017664
conv,102,input_rotated,4,0,4.48663330078125,1.6330084800720215,True,True,False,False,0.33578017354011536,0.3445362150669098,False,False,False,0.3370301574468612
conv,102,input_rotated,5,0,4.485442161560059,1.6356666088104248,False,True,False,False,0.3321133852005005,0.34445974230766296,False,False,False,0.33336339890956873
conv,102,input_rotated,6,0,4.484255790710449,1.6332621574401855,False,True,False,False,0.3292567729949951,0.3401803970336914,False,False,False,0.33050678670406336
conv,102,input_rotated,0,1,4.477559566497803,1.622854232788086,False,True,False,False,0.32326948642730713,0.3303794860839844,False,False,False,0.32451950013637537
conv,102,input_rotated,1,1,4.491443157196045,1.6400482654571533,False,True,False,False,0.336495041847229,0.3484105169773102,False,False,False,0.33774505555629725
conv,102,input_rotated,2,1,4.484690189361572,1.6321494579315186,False,True,False,False,0.3286154270172119,0.33934342861175537,False,False,False,0.32986544072628016
conv,102,input_rotated,3,1,4.478610038757324,1.6262377500534058,False,True,False,False,0.32673192024230957,0.3327905833721161,False,False,False,0.3279819041490554
conv,102,input_rotated,4,1,4.486447334289551,1.633943796157837,True,True,False,False,0.3366977274417877,0.34539949893951416,False,False,False,0.3379477113485336
conv,102,input_rotated,5,1,4.4857282638549805,1.631864309310913,False,True,False,False,0.32831108570098877,0.3406467139720917,False,False,False,0.329561099410057
conv,102,input_rotated,6,1,4.484536170959473,1.6322200298309326,False,True,False,False,0.3282146453857422,0.3391382694244385,False,False,False,0.32946465909481043
conv,102,input_rotated,0,2,4.477571964263916,1.6263846158981323,False,True,False,False,0.3267916440963745,0.33384066820144653,False,False,False,0.32804162800312037
conv,102,input_rotated,1,2,4.491633415222168,1.6394798755645752,False,True,False,False,0.3359266519546509,0.3478313982486725,False,False,False,0.3371766656637191
conv,102,input_rotated,2,2,4.484654426574707,1.6297948360443115,False,True,False,False,0.3262608051300049,0.33698880672454834,False,False,False,0.3275108188390731
conv,102,input_rotated,3,2,4.478837966918945,1.619138240814209,False,True,False,False,0.3196597695350647,0.3258626461029053,False,False,False,0.32090975344181055
conv,102,input_rotated,4,2,4.486716270446777,1.634730577468872,True,True,False,False,0.3375034034252167,0.3462277948856354,False,False,False,0.33875338733196253
conv,102,input_rotated,5,2,4.485756874084473,1.6318331956863403,False,True,False,False,0.328279972076416,0.340613454580307,False,False,False,0.32952998578548426
conv,102,input_rotated,6,2,4.484605312347412,1.6360007524490356,False,True,False,False,0.3319953680038452,0.3429189920425415,False,False,False,0.33324538171291346
conv,102,input_rotated,0,3,4.477266788482666,1.6193253993988037,False,True,False,False,0.3197287321090698,0.32686424255371094,False,False,False,0.32097874581813807
conv,102,input_rotated,1,3,4.4913740158081055,1.6397438049316406,False,True,False,False,0.3361905813217163,0.34811097383499146,False,False,False,0.33744059503078455
conv,102,input_rotated,2,3,4.484617233276367,1.6306366920471191,False,True,False,False,0.3271026611328125,0.33783066272735596,False,False,False,0.32835267484188074
conv,102,input_rotated,3,3,4.478768348693848,1.622769832611084,False,True,False,False,0.32328012585639954,0.32941460609436035,False,False,False,0.3245301097631454
conv,102,input_rotated,4,3,4.4865899085998535,1.6346871852874756,True,True,False,False,0.3374500870704651,0.3461553752422333,False,False,False,0.33870007097721094
conv,102,input_rotated,5,3,4.485470771789551,1.6330068111419678,False,True,False,False,0.32945358753204346,0.3418057858943939,False,False,False,0.3307036012411117
conv,102,input_rotated,6,3,4.484533309936523,1.633353590965271,False,True,False,False,0.32934820652008057,0.34027183055877686,False,False,False,0.3305982202291488
conv,102,input_rotated,0,4,4.477381706237793,1.6209173202514648,False,True,False,False,0.32132482528686523,0.32844650745391846,False,False,False,0.3225748091936111
conv,102,input_rotated,1,4,4.491543769836426,1.6403734683990479,False,True,False,False,0.33682024478912354,0.34872880578041077,False,False,False,0.3380702584981918
conv,102,input_rotated,2,4,4.48439359664917,1.633760690689087,False,True,False,False,0.3302266597747803,0.34095466136932373,False,False,False,0.3314766734838485
conv,102,input_rotated,3,4,4.479331016540527,1.627591609954834,False,True,False,False,0.3281274437904358,0.3342558443546295,False,False,False,0.32937742769718165
conv,102,input_rotated,4,4,4.486505508422852,1.634130597114563,True,True,False,False,0.33688855171203613,0.3455947935581207,False,False,False,0.338138535618782
conv,102,input_rotated,5,4,4.4854912757873535,1.6347603797912598,False,True,False,False,0.33120715618133545,0.34355244040489197,False,False,False,0.3324571698904037
conv,102,input_rotated,6,4,4.4846696853637695,1.632491111755371,False,True,False,False,0.32848572731018066,0.33940935134887695,False,False,False,0.3297357410192489
conv,102,input_rotated,0,5,4.477885723114014,1.6205670833587646,False,True,False,False,0.3210122585296631,0.3282057046890259,False,False,False,0.32226227223873133
conv,102,input_rotated,1,5,4.491562843322754,1.6406700611114502,False,True,False,False,0.3371168375015259,0.34902364015579224,False,False,False,0.3383668512105941
conv,102,input_rotated,2,5,4.484536647796631,1.6334327459335327,False,True,False,False,0.3298987150192261,0.34062671661376953,False,False,False,0.3311487287282943
conv,102,input_rotated,3,5,4.479057312011719,1.6287139654159546,False,True,False,False,0.32923078536987305,0.3353067636489868,False,False,False,0.3304807692766189
conv,102,input_rotated,4,5,4.48668098449707,1.6333954334259033,True,True,False,False,0.3361697196960449,0.3449232876300812,False,False,False,0.3374197036027908
conv,102,input_rotated,5,5,4.485422611236572,1.6324753761291504,False,True,False,False,0.3289221525192261,0.3412797451019287,False,False,False,0.3301721662282943
conv,102,input_rotated,6,5,4.484295845031738,1.6328057050704956,False,True,False,False,0.3288003206253052,0.33972394466400146,False,False,False,0.3300503343343734
conv,102,input_rotated,0,6,4.478030204772949,1.620608925819397,False,True,False,False,0.32106471061706543,0.3282760977745056,False,False,False,0.3223146945238113
conv,102,input_rotated,1,6,4.491478443145752,1.639412522315979,False,True,False,False,0.3358592987060547,0.34777382016181946,False,False,False,0.33710931241512293
conv,102,input_rotated,2,6,4.484309673309326,1.6337159872055054,False,True,False,False,0.33018195629119873,0.3409099578857422,False,False,False,0.331431970000267
conv,102,input_rotated,3,6,4.478914260864258,1.623819351196289,False,True,False,False,0.3243366479873657,0.33047276735305786,False,False,False,0.3255866318941116
conv,102,input_rotated,4,6,4.486870765686035,1.6349427700042725,True,True,False,False,0.33772727847099304,0.3464708626270294,False,False,False,0.3389772623777389
conv,102,input_rotated,5,6,4.485660552978516,1.6341216564178467,False,True,False,False,0.33056843280792236,0.3429025113582611,False,False,False,0.3318184465169906
conv,102,input_rotated,6,6,4.484683036804199,1.6346008777618408,False,True,False,False,0.3305954933166504,0.3415191173553467,False,False,False,0.33184550702571863
conv,102,input_rotated,0,7,4.477939605712891,1.6223119497299194,False,True,False,False,0.32275640964508057,0.32992517948150635,False,False,False,0.3240063935518264
conv,102,input_rotated,1,7,4.491585731506348,1.6396071910858154,False,True,False,False,0.3360539674758911,0.34796142578125,False,False,False,0.33730398118495936
conv,102,input_rotated,2,7,4.484175682067871,1.6329998970031738,False,True,False,False,0.3294658660888672,0.34019386768341064,False,False,False,0.33071587979793543
conv,102,input_rotated,3,7,4.479052543640137,1.620351791381836,False,True,False,False,0.3208843767642975,0.32709482312202454,False,False,False,0.32213436067104334
conv,102,input_rotated,4,7,4.486658096313477,1.6339133977890015,True,True,False,False,0.3366841971874237,0.3454205393791199,False,False,False,0.33793418109416956
conv,102,input_rotated,5,7,4.485856056213379,1.6341344118118286,False,True,False,False,0.3305811882019043,0.3429001569747925,False,False,False,0.33183120191097254
conv,102,input_rotated,6,7,4.484780311584473,1.6354880332946777,False,True,False,False,0.3314826488494873,0.3424062728881836,False,False,False,0.33273266255855555
transformer,102,conditioned,0,0,1.0938689708709717,1.6076433658599854,False,True,False,False,0.3030543327331543,0.3117187023162842,False,False,False,0.30430434644222254
transformer,102,conditioned,1,0,3.6072475910186768,1.390165090560913,False,True,False,False,0.09826325625181198,0.1258000135421753,False,False,False,0.09951326251029964
transformer,102,conditioned,2,0,2.859452962875366,1.6289362907409668,False,True,False,False,0.3949838876724243,0.4091571569442749,False,False,False,0.39623390138149256
transformer,102,conditioned,3,0,3.024902582168579,1.5545480251312256,False,True,False,False,0.31738758087158203,0.31738758087158203,False,False,False,0.3186375945806503
transformer,102,conditioned,4,0,1.8642306327819824,1.4528180360794067,False,True,False,False,0.17848767340183258,0.17869853973388672,False,False,False,0.17973767220973963
transformer,102,conditioned,5,0,1.245593786239624,1.6160553693771362,False,True,False,False,0.31135988235473633,0.33948737382888794,False,False,False,0.31260989606380457
transformer,102,conditioned,6,0,1.2013256549835205,1.5466455221176147,False,True,False,False,0.24190689623355865,0.26178836822509766,False,False,False,0.2431568950414657
transformer,102,conditioned,0,1,2.0223746299743652,1.5365822315216064,False,True,False,False,0.24360588192939758,0.24461770057678223,False,False,False,0.24485589563846583
transformer,102,conditioned,1,1,1.299095869064331,1.5704833269119263,False,True,False,False,0.2672109305858612,0.309468537569046,False,False,False,0.26846094429492945
transformer,102,conditioned,2,1,4.3774542808532715,1.4878181219100952,False,True,False,False,0.18428410589694977,0.1950255185365677,False,False,False,0.18553410470485682
transformer,102,conditioned,3,1,1.1447571516036987,1.5791387557983398,True,True,False,False,0.3002347946166992,0.33088111877441406,False,False,False,0.30148480832576746
transformer,102,conditioned,4,1,1.0329118967056274,1.5192782878875732,False,True,False,False,0.24302935600280762,0.271854430437088,False,False,False,0.24427933990955347
transformer,102,conditioned,5,1,4.150149345397949,1.4507386684417725,False,True,False,False,0.15073277056217194,0.16252949833869934,False,False,False,0.15198276937007899
transformer,102,conditioned,6,1,3.64520001411438,1.493035912513733,False,True,False,False,0.19528552889823914,0.19630026817321777,False,False,False,0.196535512804985
transformer,102,conditioned,0,2,2.089601516723633,1.5959734916687012,False,True,False,False,0.30114203691482544,0.3141944408416748,False,False,False,0.3023920208215713
transformer,102,conditioned,1,2,4.48392915725708,1.5140936374664307,False,True,False,False,0.21054042875766754,0.2235749363899231,False,False,False,0.2117904275655746
transformer,102,conditioned,2,2,4.300497531890869,1.3105732202529907,False,False,False,True,0.007039196789264679,0.03426253795623779,False,False,False,0.008289195597171742
transformer,102,conditioned,3,2,1.7640564441680908,1.3984196186065674,False,True,False,False,0.12545731663703918,0.12563136219978333,False,False,False,0.12670730054378504
transformer,102,conditioned,4,2,3.1547698974609375,1.5614278316497803,False,True,False,False,0.3244748115539551,0.3244748115539551,False,False,False,0.3257248252630233
transformer,102,conditioned,5,2,4.275683879852295,1.4484705924987793,False,True,False,False,0.15481255948543549,0.17012323439121246,False,False,False,0.15606257319450373
transformer,102,conditioned,6,2,4.119919776916504,1.6229456663131714,False,True,False,False,0.32952266931533813,0.34769582748413086,False,False,False,0.3307726830244064
transformer,102,conditioned,0,3,1.1609143018722534,1.4441031217575073,False,True,False,False,0.13951408863067627,0.15174174308776855,False,False,False,0.1407641023397445
transformer,102,conditioned,1,3,1.0204298496246338,1.543168306350708,False,True,False,False,0.2384728193283081,0.24720193445682526,False,False,False,0.23972283303737635
transformer,102,conditioned,2,3,4.1741533279418945,1.3809571266174316,False,True,False,False,0.08323056250810623,0.10464645177125931,False,False,False,0.08448056876659389
transformer,102,conditioned,3,3,1.475898027420044,1.508089303970337,True,True,False,False,0.23206087946891785,0.26213347911834717,False,False,False,0.2333108633756637
transformer,102,conditioned,4,3,1.4355590343475342,1.5594127178192139,False,True,False,False,0.27980661392211914,0.309651255607605,False,False,False,0.2810566276311874
transformer,102,conditioned,5,3,1.3777246475219727,1.5233328342437744,False,True,False,False,0.227296844124794,0.26231804490089417,False,False,False,0.22854684293270106
transformer,102,conditioned,6,3,3.612861156463623,1.550613522529602,False,True,False,False,0.255475252866745,0.255475252866745,False,False,False,0.25672526657581324
transformer,102,conditioned,0,4,1.3511296510696411,1.4899160861968994,False,True,False,False,0.19109468162059784,0.22887028753757477,False,False,False,0.1923446804285049
transformer,102,conditioned,1,4,3.960172414779663,1.5931147336959839,False,True,False,False,0.29158642888069153,0.29271963238716125,False,False,False,0.2928364127874374
transformer,102,conditioned,2,4,2.032114028930664,1.5663299560546875,True,True,False,False,0.3323517441749573,0.34679585695266724,False,False,False,0.3336017578840255
transformer,102,conditioned,3,4,4.30817985534668,1.5981860160827637,False,True,False,False,0.29715967178344727,0.2976161241531372,False,False,False,0.2984096854925155
transformer,102,conditioned,4,4,1.0970312356948853,1.530396580696106,False,True,False,False,0.25051161646842957,0.2829727232456207,False,False,False,0.2517616003751754
transformer,102,conditioned,5,4,1.5050837993621826,1.59466552734375,False,True,False,False,0.29479894042015076,0.31956613063812256,False,False,False,0.296048954129219
transformer,102,conditioned,6,4,4.337639808654785,1.5085010528564453,False,True,False,False,0.20449568331241608,0.21808454394340515,False,False,False,0.20574568212032313
transformer,102,conditioned,0,5,3.8840086460113525,1.480394721031189,False,True,False,False,0.18271903693675995,0.21969068050384521,False,False,False,0.183969035744667
transformer,102,conditioned,1,5,4.233046531677246,1.6087744235992432,True,True,False,False,0.3166303038597107,0.33042705059051514,False,False,False,0.31788031756877894
transformer,102,conditioned,2,5,3.649578809738159,1.5533010959625244,False,True,False,False,0.25455227494239807,0.2557275593280792,False,False,False,0.2558022886514663
transformer,102,conditioned,3,5,3.2151434421539307,1.6107866764068604,False,True,False,False,0.3738502264022827,0.3738502264022827,False,False,False,0.37510024011135096
transformer,102,conditioned,4,5,2.5631260871887207,1.4824891090393066,False,True,False,False,0.229449063539505,0.2783241868019104,False,False,False,0.23069904744625086
transformer,102,conditioned,5,5,1.1813023090362549,1.492240309715271,False,True,False,False,0.1875448226928711,0.20299787819385529,False,False,False,0.18879483640193934
transformer,102,conditioned,6,5,1.3364261388778687,1.525092363357544,False,True,False,False,0.22377626597881317,0.2649320363998413,False,False,False,0.22502626478672022
transformer,102,conditioned,0,6,4.264652252197266,1.4815490245819092,False,True,False,False,0.1802755743265152,0.18088306486606598,False,False,False,0.18152557313442225
transformer,102,conditioned,1,6,1.9844141006469727,1.5058015584945679,False,True,False,False,0.208147332072258,0.208147332072258,False,False,False,0.20939733088016504
transformer,102,conditioned,2,6,1.4035906791687012,1.5646339654922485,False,True,False,False,0.27166056632995605,0.3040100336074829,False,False,False,0.2729105800390243
transformer,102,conditioned,3,6,2.2071533203125,1.5331634283065796,False,True,False,False,0.28134971857070923,0.30534568428993225,False,False,False,0.2825997024774551
transformer,102,conditioned,4,6,4.394139289855957,1.5707733631134033,True,True,False,False,0.2698400020599365,0.2702144682407379,False,False,False,0.27109001576900477
transformer,102,conditioned,5,6,3.5946953296661377,1.5738205909729004,False,True,False,False,0.27960750460624695,0.3094555139541626,False,False,False,0.2808575183153152
transformer,102,conditioned,6,6,4.364555358886719,1.5939416885375977,False,True,False,False,0.2899363040924072,0.30105865001678467,False,False,False,0.29118631780147547
transformer,102,conditioned,0,7,4.06343936920166,1.5245513916015625,False,True,False,False,0.22514767944812775,0.22580741345882416,False,False,False,0.2263976782560348
transformer,102,conditioned,1,7,4.391002178192139,1.5287539958953857,False,True,False,False,0.225327268242836,0.2504066228866577,False,False,False,0.22657726705074305
transformer,102,conditioned,2,7,1.0692893266677856,1.5338575839996338,False,True,False,False,0.22930920124053955,0.23880161345005035,False,False,False,0.2305592149496078
transformer,102,conditioned,3,7,3.1849069595336914,1.4386920928955078,False,True,False,False,0.20153164863586426,0.20153164863586426,False,False,False,0.2027816623449325
transformer,102,conditioned,4,7,2.199766159057617,1.517402172088623,False,True,False,False,0.26290300488471985,0.28581079840660095,False,False,False,0.2641529887914657
transformer,102,conditioned,5,7,4.456108093261719,1.5742868185043335,False,True,False,False,0.2707335948944092,0.28716665506362915,False,False,False,0.2719836086034774
transformer,102,conditioned,6,7,4.464951515197754,1.6142938137054443,False,True,False,False,0.3102884292602539,0.3212120532989502,False,False,False,0.31153844296932215
transformer,102,input_rotated,0,0,1.073256015777588,1.6083232164382935,False,True,False,False,0.3037341833114624,0.3123985528945923,False,False,False,0.30498419702053065
transformer,102,input_rotated,1,0,3.6693642139434814,1.3729006052017212,False,True,False,False,0.08219760656356812,0.10812679678201675,False,False,False,0.08344760537147518
transformer,102,input_rotated,2,0,2.992978096008301,1.6277356147766113,False,True,False,False,0.39378321170806885,0.41390636563301086,False,False,False,0.3950332254171371
transformer,102,input_rotated,3,0,2.9055585861206055,1.5588765144348145,False,True,False,False,0.3217160701751709,0.3217160701751709,False,False,False,0.32296608388423914
transformer,102,input_rotated,4,0,1.8678083419799805,1.4512419700622559,False,True,False,False,0.1769116073846817,0.17712247371673584,False,False,False,0.17816160619258875
transformer,102,input_rotated,5,0,1.2407997846603394,1.6172614097595215,False,True,False,False,0.3125659227371216,0.33920663595199585,False,False,False,0.3138159364461898
transformer,102,input_rotated,6,0,1.233554482460022,1.5405182838439941,False,True,False,False,0.23577965795993805,0.2654154300689697,False,False,False,0.2370296567678451
transformer,102,input_rotated,0,1,1.848670482635498,1.544760823249817,False,True,False,False,0.24156273901462555,0.2454492151737213,False,False,False,0.2428127378225326
transformer,102,input_rotated,1,1,1.3263221979141235,1.5708836317062378,False,True,False,False,0.2692473530769348,0.30986884236335754,False,False,False,0.27049733698368067
transformer,102,input_rotated,2,1,4.394442081451416,1.4799456596374512,False,True,False,False,0.17641164362430573,0.18713964521884918,False,False,False,0.17766164243221277
transformer,102,input_rotated,3,1,1.1267069578170776,1.581974983215332,True,True,False,False,0.3030710220336914,0.33371734619140625,False,False,False,0.30432103574275965
transformer,102,input_rotated,4,1,1.0330913066864014,1.5182443857192993,False,True,False,False,0.24198514223098755,0.2708205282688141,False,False,False,0.2432351261377334
transformer,102,input_rotated,5,1,4.1434221267700195,1.450141429901123,False,True,False,False,0.14957764744758606,0.15989449620246887,False,False,False,0.1508276462554931
transformer,102,input_rotated,6,1,3.7432963848114014,1.484319806098938,False,True,False,False,0.18495622277259827,0.18758416175842285,False,False,False,0.18620620667934412
transformer,102,input_rotated,0,2,1.9086642265319824,1.597639560699463,False,True,False,False,0.29461419582366943,0.2983279526233673,False,False,False,0.2958642095327377
transformer,102,input_rotated,1,2,4.485389232635498,1.5099647045135498,False,True,False,False,0.20641149580478668,0.21930736303329468,False,False,False,0.20766149461269373
transformer,102,input_rotated,2,2,4.327609062194824,1.2978708744049072,False,False,False,True,-0.005663149058818817,0.021560192108154297,False,False,True,-0.004413150250911754
transformer,102,input_rotated,3,2,1.6845388412475586,1.4125769138336182,False,True,False,False,0.14041092991828918,0.1445053070783615,False,False,False,0.14166092872619623
transformer,102,input_rotated,4,2,3.1593129634857178,1.5607566833496094,True,True,False,False,0.3238036632537842,0.3238036632537842,False,False,False,0.3250536769628524
transformer,102,input_rotated,5,2,4.2711944580078125,1.4478206634521484,False,True,False,False,0.15477047860622406,0.1694733053445816,False,False,False,0.1560204923152923
transformer,102,input_rotated,6,2,4.170327186584473,1.6212072372436523,False,True,False,False,0.32158464193344116,0.3459573984146118,False,False,False,0.322834625840187
transformer,102,input_rotated,0,3,1.1261237859725952,1.4642698764801025,False,True,False,False,0.15968084335327148,0.1683923900127411,False,False,False,0.16093085706233973
transformer,102,input_rotated,1,3,1.0224676132202148,1.541595697402954,False,True,False,False,0.2369002103805542,0.24562932550907135,False,False,False,0.23815022408962244
transformer,102,input_rotated,2,3,4.216961860656738,1.3697011470794678,False,True,False,False,0.06775554269552231,0.09339047223329544,False,False,False,0.06900554895400997
transformer,102,input_rotated,3,3,1.421747088432312,1.515378713607788,True,True,False,False,0.23661579191684723,0.26942288875579834,False,False,False,0.23786579072475428
transformer,102,input_rotated,4,3,1.4376566410064697,1.5587241649627686,False,True,False,False,0.27915263175964355,0.30896270275115967,False,False,False,0.2804026156663894
transformer,102,input_rotated,5,3,1.3706451654434204,1.524169683456421,False,True,False,False,0.22722698748111725,0.26315489411354065,False,False,False,0.2284769862890243
transformer,102,input_rotated,6,3,3.7135655879974365,1.544694185256958,False,True,False,False,0.2453306019306183,0.24795854091644287,False,False,False,0.24658058583736414
transformer,102,input_rotated,0,4,1.2786455154418945,1.5040377378463745,False,True,False,False,0.1999632567167282,0.24299193918704987,False,False,False,0.20121325552463526
transformer,102,input_rotated,1,4,4.002419471740723,1.5946844816207886,False,True,False,False,0.2931561768054962,0.29428938031196594,False,False,False,0.29440616071224207
transformer,102,input_rotated,2,4,2.1477949619293213,1.561861515045166,True,True,False,False,0.33101171255111694,0.3647504448890686,False,False,False,0.3322617262601852
transformer,102,input_rotated,3,4,4.281455039978027,1.599944829940796,False,True,False,False,0.2989184856414795,0.29937493801116943,False,False,False,0.30016849935054774
transformer,102,input_rotated,4,4,1.097550392150879,1.5294575691223145,False,True,False,False,0.24956023693084717,0.2820337116718292,False,False,False,0.250810220837593
transformer,102,input_rotated,5,4,1.4959964752197266,1.5960428714752197,False,True,False,False,0.29702383279800415,0.3241744637489319,False,False,False,0.2982738465070724
transformer,102,input_rotated,6,4,4.360464096069336,1.5004894733428955,False,True,False,False,0.19648410379886627,0.2078828513622284,False,False,False,0.19773410260677332
transformer,102,input_rotated,0,5,3.7443556785583496,1.4957653284072876,False,True,False,False,0.1944119930267334,0.23506128787994385,False,False,False,0.19566200673580164
transformer,102,input_rotated,1,5,4.25570011138916,1.610797643661499,True,True,False,False,0.3183648884296417,0.332450270652771,False,False,False,0.31961490213870997
transformer,102,input_rotated,2,5,3.7449097633361816,1.5482139587402344,False,True,False,False,0.2483048439025879,0.2506404221057892,False,False,False,0.24955485761165613
transformer,102,input_rotated,3,5,3.1005537509918213,1.611894130706787,False,True,False,False,0.37473368644714355,0.37473368644714355,False,False,False,0.3759837001562118
transformer,102,input_rotated,4,5,2.567875862121582,1.4811488389968872,False,True,False,False,0.22810879349708557,0.27831733226776123,False,False,False,0.22935877740383143
transformer,102,input_rotated,5,5,1.1776947975158691,1.4925341606140137,False,True,False,False,0.18783867359161377,0.20251129567623138,False,False,False,0.189088687300682
transformer,102,input_rotated,6,5,1.3877400159835815,1.5178745985031128,False,True,False,False,0.2228609174489975,0.25771427154541016,False,False,False,0.22411091625690455
transformer,102,input_rotated,0,6,4.202390670776367,1.4967678785324097,False,True,False,False,0.19549442827701569,0.19610191881656647,False,False,False,0.19674442708492274
transformer,102,input_rotated,1,6,2.0534920692443848,1.5008807182312012,False,True,False,False,0.21482260525226593,0.2217256873846054,False,False,False,0.21607260406017298
transformer,102,input_rotated,2,6,1.4620137214660645,1.5600838661193848,False,True,False,False,0.27760809659957886,0.29945993423461914,False,False,False,0.2788581103086471
transformer,102,input_rotated,3,6,2.100062847137451,1.538841724395752,False,True,False,False,0.2704203128814697,0.2734607756137848,False,False,False,0.2716702967882156
transformer,102,input_rotated,4,6,4.394701957702637,1.5701830387115479,True,True,False,False,0.26924967765808105,0.26963648200035095,False,False,False,0.2704996913671493
transformer,102,input_rotated,5,6,3.580404758453369,1.5751793384552002,False,True,False,False,0.2797468602657318,0.3108142614364624,False,False,False,0.28099687397480005
transformer,102,input_rotated,6,6,4.38372802734375,1.5904390811920166,False,True,False,False,0.28643369674682617,0.29735732078552246,False,False,False,0.2876837104558944
transformer,102,input_rotated,0,7,3.956804037094116,1.5342222452163696,False,True,False,False,0.24614284932613373,0.2644624710083008,False,False,False,0.24739284813404078
transformer,102,input_rotated,1,7,4.40066385269165,1.5259616374969482,False,True,False,False,0.22240842878818512,0.2476142793893814,False,False,False,0.22365842759609217
transformer,102,input_rotated,2,7,1.0805789232254028,1.5278868675231934,False,True,False,False,0.22333848476409912,0.23283089697360992,False,False,False,0.22458849847316736
transformer,102,input_rotated,3,7,3.069361925125122,1.4504060745239258,False,True,False,False,0.21324563026428223,0.21324563026428223,False,False,False,0.21449564397335047
transformer,102,input_rotated,4,7,2.2040982246398926,1.5163524150848389,False,True,False,False,0.2626173496246338,0.2869687080383301,False,False,False,0.26386733353137964
transformer,102,input_rotated,5,7,4.455180644989014,1.5756475925445557,False,True,False,False,0.27209436893463135,0.28866755962371826,False,False,False,0.2733443826436996
transformer,102,input_rotated,6,7,4.470039367675781,1.6120173931121826,False,True,False,False,0.3080120086669922,0.3189356327056885,False,False,False,0.30926202237606043
